timestamp,ruta_original,ruta_generada,status,mpjpe,pck5,cosine,calidad,worst_joint
1680259599214,/nas/antoniodetoro/qwen/Qwen-Image-Edit-Angles-2/datos/MultiViewVisibleImagesHPE_Custom/test/00_16/00_16_1680259599214_rgb.png,/nas/antoniodetoro/qwen/Qwen-Image-Edit-Angles-2/datos/MultiViewVisibleImagesHPE_Custom/00_17/to_00_16/Step_6_fake_00_16_from_00_17_1680259599214_rgb.png,OK,4.694677288239876,48.484848484848484,0.9975013377677301,crítico,6
1680259599515,/nas/antoniodetoro/qwen/Qwen-Image-Edit-Angles-2/datos/MultiViewVisibleImagesHPE_Custom/test/00_16/00_16_1680259599515_rgb.png,/nas/antoniodetoro/qwen/Qwen-Image-Edit-Angles-2/datos/MultiViewVisibleImagesHPE_Custom/00_17/to_00_16/Step_6_fake_00_16_from_00_17_1680259599515_rgb.png,OK,4.69720014069053,57.57575757575758,0.997418947274695,crítico,18
1680259599816,/nas/antoniodetoro/qwen/Qwen-Image-Edit-Angles-2/datos/MultiViewVisibleImagesHPE_Custom/test/00_16/00_16_1680259599816_rgb.png,/nas/antoniodetoro/qwen/Qwen-Image-Edit-Angles-2/datos/MultiViewVisibleImagesHPE_Custom/00_17/to_00_16/Step_6_fake_00_16_from_00_17_1680259599816_rgb.png,OK,5.7446405398832425,69.6969696969697,0.9942977880574106,crítico,19
1680259600117,/nas/antoniodetoro/qwen/Qwen-Image-Edit-Angles-2/datos/MultiViewVisibleImagesHPE_Custom/test/00_16/00_16_1680259600117_rgb.png,/nas/antoniodetoro/qwen/Qwen-Image-Edit-Angles-2/datos/MultiViewVisibleImagesHPE_Custom/00_17/to_00_16/Step_6_fake_00_16_from_00_17_1680259600117_rgb.png,OK,3.6804970295845747,81.81818181818183,0.9977690670974999,aceptable,19
1680259600418,/nas/antoniodetoro/qwen/Qwen-Image-Edit-Angles-2/datos/MultiViewVisibleImagesHPE_Custom/test/00_16/00_16_1680259600418_rgb.png,/nas/antoniodetoro/qwen/Qwen-Image-Edit-Angles-2/datos/MultiViewVisibleImagesHPE_Custom/00_17/to_00_16/Step_6_fake_00_16_from_00_17_1680259600418_rgb.png,OK,3.8449156986733573,81.81818181818183,0.9976934834613355,aceptable,19
1680259600719,/nas/antoniodetoro/qwen/Qwen-Image-Edit-Angles-2/datos/MultiViewVisibleImagesHPE_Custom/test/00_16/00_16_1680259600719_rgb.png,/nas/antoniodetoro/qwen/Qwen-Image-Edit-Angles-2/datos/MultiViewVisibleImagesHPE_Custom/00_17/to_00_16/Step_6_fake_00_16_from_00_17_1680259600719_rgb.png,OK,5.621010538861435,78.78787878787878,0.9951173654967134,aceptable,19
1680259601020,/nas/antoniodetoro/qwen/Qwen-Image-Edit-Angles-2/datos/MultiViewVisibleImagesHPE_Custom/test/00_16/00_16_1680259601020_rgb.png,/nas/antoniodetoro/qwen/Qwen-Image-Edit-Angles-2/datos/MultiViewVisibleImagesHPE_Custom/00_17/to_00_16/Step_6_fake_00_16_from_00_17_1680259601020_rgb.png,OK,3.5425244262187596,84.84848484848484,0.9983810629864788,aceptable,19
1680259601322,/nas/antoniodetoro/qwen/Qwen-Image-Edit-Angles-2/datos/MultiViewVisibleImagesHPE_Custom/test/00_16/00_16_1680259601322_rgb.png,/nas/antoniodetoro/qwen/Qwen-Image-Edit-Angles-2/datos/MultiViewVisibleImagesHPE_Custom/00_17/to_00_16/Step_6_fake_00_16_from_00_17_1680259601322_rgb.png,OK,5.3133172571899365,75.75757575757575,0.9956226873543009,aceptable,19
1680259601623,/nas/antoniodetoro/qwen/Qwen-Image-Edit-Angles-2/datos/MultiViewVisibleImagesHPE_Custom/test/00_16/00_16_1680259601623_rgb.png,/nas/antoniodetoro/qwen/Qwen-Image-Edit-Angles-2/datos/MultiViewVisibleImagesHPE_Custom/00_17/to_00_16/Step_6_fake_00_16_from_00_17_1680259601623_rgb.png,OK,5.925969099387264,66.66666666666666,0.9940711952234524,crítico,19
1680259601924,/nas/antoniodetoro/qwen/Qwen-Image-Edit-Angles-2/datos/MultiViewVisibleImagesHPE_Custom/test/00_16/00_16_1680259601924_rgb.png,/nas/antoniodetoro/qwen/Qwen-Image-Edit-Angles-2/datos/MultiViewVisibleImagesHPE_Custom/00_17/to_00_16/Step_6_fake_00_16_from_00_17_1680259601924_rgb.png,OK,7.477488336970281,51.515151515151516,0.9918645217144679,crítico,19
1680259602225,/nas/antoniodetoro/qwen/Qwen-Image-Edit-Angles-2/datos/MultiViewVisibleImagesHPE_Custom/test/00_16/00_16_1680259602225_rgb.png,/nas/antoniodetoro/qwen/Qwen-Image-Edit-Angles-2/datos/MultiViewVisibleImagesHPE_Custom/00_17/to_00_16/Step_6_fake_00_16_from_00_17_1680259602225_rgb.png,OK,5.619853353726747,66.66666666666666,0.9948017453219722,crítico,20
1680259602526,/nas/antoniodetoro/qwen/Qwen-Image-Edit-Angles-2/datos/MultiViewVisibleImagesHPE_Custom/test/00_16/00_16_1680259602526_rgb.png,/nas/antoniodetoro/qwen/Qwen-Image-Edit-Angles-2/datos/MultiViewVisibleImagesHPE_Custom/00_17/to_00_16/Step_6_fake_00_16_from_00_17_1680259602526_rgb.png,OK,7.534913416938109,69.6969696969697,0.9873412604174432,crítico,20
1680259602827,/nas/antoniodetoro/qwen/Qwen-Image-Edit-Angles-2/datos/MultiViewVisibleImagesHPE_Custom/test/00_16/00_16_1680259602827_rgb.png,/nas/antoniodetoro/qwen/Qwen-Image-Edit-Angles-2/datos/MultiViewVisibleImagesHPE_Custom/00_17/to_00_16/Step_6_fake_00_16_from_00_17_1680259602827_rgb.png,OK,6.753675917589988,69.6969696969697,0.9918482402865644,crítico,19
1680259603128,/nas/antoniodetoro/qwen/Qwen-Image-Edit-Angles-2/datos/MultiViewVisibleImagesHPE_Custom/test/00_16/00_16_1680259603128_rgb.png,/nas/antoniodetoro/qwen/Qwen-Image-Edit-Angles-2/datos/MultiViewVisibleImagesHPE_Custom/00_17/to_00_16/Step_6_fake_00_16_from_00_17_1680259603128_rgb.png,OK,6.777930879565493,72.72727272727273,0.9905995700884674,aceptable,19
1680259603429,/nas/antoniodetoro/qwen/Qwen-Image-Edit-Angles-2/datos/MultiViewVisibleImagesHPE_Custom/test/00_16/00_16_1680259603429_rgb.png,/nas/antoniodetoro/qwen/Qwen-Image-Edit-Angles-2/datos/MultiViewVisibleImagesHPE_Custom/00_17/to_00_16/Step_6_fake_00_16_from_00_17_1680259603429_rgb.png,OK,5.139430135504084,78.78787878787878,0.9951728524120521,aceptable,19
1680259603730,/nas/antoniodetoro/qwen/Qwen-Image-Edit-Angles-2/datos/MultiViewVisibleImagesHPE_Custom/test/00_16/00_16_1680259603730_rgb.png,/nas/antoniodetoro/qwen/Qwen-Image-Edit-Angles-2/datos/MultiViewVisibleImagesHPE_Custom/00_17/to_00_16/Step_6_fake_00_16_from_00_17_1680259603730_rgb.png,OK,4.005081965204085,84.84848484848484,0.9977982493941431,aceptable,19
1680259604031,/nas/antoniodetoro/qwen/Qwen-Image-Edit-Angles-2/datos/MultiViewVisibleImagesHPE_Custom/test/00_16/00_16_1680259604031_rgb.png,/nas/antoniodetoro/qwen/Qwen-Image-Edit-Angles-2/datos/MultiViewVisibleImagesHPE_Custom/00_17/to_00_16/Step_6_fake_00_16_from_00_17_1680259604031_rgb.png,OK,3.0118645585015846,90.9090909090909,0.9991961106710343,excelente,12
1680259604332,/nas/antoniodetoro/qwen/Qwen-Image-Edit-Angles-2/datos/MultiViewVisibleImagesHPE_Custom/test/00_16/00_16_1680259604332_rgb.png,/nas/antoniodetoro/qwen/Qwen-Image-Edit-Angles-2/datos/MultiViewVisibleImagesHPE_Custom/00_17/to_00_16/Step_6_fake_00_16_from_00_17_1680259604332_rgb.png,OK,3.232656936186949,93.93939393939394,0.9988364575140349,excelente,14
1680259604634,/nas/antoniodetoro/qwen/Qwen-Image-Edit-Angles-2/datos/MultiViewVisibleImagesHPE_Custom/test/00_16/00_16_1680259604634_rgb.png,/nas/antoniodetoro/qwen/Qwen-Image-Edit-Angles-2/datos/MultiViewVisibleImagesHPE_Custom/00_17/to_00_16/Step_6_fake_00_16_from_00_17_1680259604634_rgb.png,OK,3.5228030373868418,87.87878787878788,0.9982752148229536,aceptable,19
1680259604935,/nas/antoniodetoro/qwen/Qwen-Image-Edit-Angles-2/datos/MultiViewVisibleImagesHPE_Custom/test/00_16/00_16_1680259604935_rgb.png,/nas/antoniodetoro/qwen/Qwen-Image-Edit-Angles-2/datos/MultiViewVisibleImagesHPE_Custom/00_17/to_00_16/Step_6_fake_00_16_from_00_17_1680259604935_rgb.png,OK,5.43710157859197,69.6969696969697,0.9944617859891034,crítico,19
1680259605236,/nas/antoniodetoro/qwen/Qwen-Image-Edit-Angles-2/datos/MultiViewVisibleImagesHPE_Custom/test/00_16/00_16_1680259605236_rgb.png,/nas/antoniodetoro/qwen/Qwen-Image-Edit-Angles-2/datos/MultiViewVisibleImagesHPE_Custom/00_17/to_00_16/Step_6_fake_00_16_from_00_17_1680259605236_rgb.png,OK,7.261807583200792,72.72727272727273,0.9899984215433988,aceptable,19
1680259605537,/nas/antoniodetoro/qwen/Qwen-Image-Edit-Angles-2/datos/MultiViewVisibleImagesHPE_Custom/test/00_16/00_16_1680259605537_rgb.png,/nas/antoniodetoro/qwen/Qwen-Image-Edit-Angles-2/datos/MultiViewVisibleImagesHPE_Custom/00_17/to_00_16/Step_6_fake_00_16_from_00_17_1680259605537_rgb.png,OK,6.4462214372620625,60.60606060606061,0.9935586095485783,crítico,19
1680259605838,/nas/antoniodetoro/qwen/Qwen-Image-Edit-Angles-2/datos/MultiViewVisibleImagesHPE_Custom/test/00_16/00_16_1680259605838_rgb.png,/nas/antoniodetoro/qwen/Qwen-Image-Edit-Angles-2/datos/MultiViewVisibleImagesHPE_Custom/00_17/to_00_16/Step_6_fake_00_16_from_00_17_1680259605838_rgb.png,OK,6.402125251169005,66.66666666666666,0.9897135484784655,crítico,18
1680259606139,/nas/antoniodetoro/qwen/Qwen-Image-Edit-Angles-2/datos/MultiViewVisibleImagesHPE_Custom/test/00_16/00_16_1680259606139_rgb.png,/nas/antoniodetoro/qwen/Qwen-Image-Edit-Angles-2/datos/MultiViewVisibleImagesHPE_Custom/00_17/to_00_16/Step_6_fake_00_16_from_00_17_1680259606139_rgb.png,OK,9.691575400778557,51.515151515151516,0.9753306230719638,crítico,20
1680259606440,/nas/antoniodetoro/qwen/Qwen-Image-Edit-Angles-2/datos/MultiViewVisibleImagesHPE_Custom/test/00_16/00_16_1680259606440_rgb.png,/nas/antoniodetoro/qwen/Qwen-Image-Edit-Angles-2/datos/MultiViewVisibleImagesHPE_Custom/00_17/to_00_16/Step_6_fake_00_16_from_00_17_1680259606440_rgb.png,OK,5.736228781513023,69.6969696969697,0.9940661544145988,crítico,19
1680259606741,/nas/antoniodetoro/qwen/Qwen-Image-Edit-Angles-2/datos/MultiViewVisibleImagesHPE_Custom/test/00_16/00_16_1680259606741_rgb.png,/nas/antoniodetoro/qwen/Qwen-Image-Edit-Angles-2/datos/MultiViewVisibleImagesHPE_Custom/00_17/to_00_16/Step_6_fake_00_16_from_00_17_1680259606741_rgb.png,OK,5.494769953768405,69.6969696969697,0.996952685694129,crítico,20
1680259607042,/nas/antoniodetoro/qwen/Qwen-Image-Edit-Angles-2/datos/MultiViewVisibleImagesHPE_Custom/test/00_16/00_16_1680259607042_rgb.png,/nas/antoniodetoro/qwen/Qwen-Image-Edit-Angles-2/datos/MultiViewVisibleImagesHPE_Custom/00_17/to_00_16/Step_6_fake_00_16_from_00_17_1680259607042_rgb.png,OK,2.8220491899276827,87.87878787878788,0.9990522176196222,aceptable,17
1680259607344,/nas/antoniodetoro/qwen/Qwen-Image-Edit-Angles-2/datos/MultiViewVisibleImagesHPE_Custom/test/00_16/00_16_1680259607344_rgb.png,/nas/antoniodetoro/qwen/Qwen-Image-Edit-Angles-2/datos/MultiViewVisibleImagesHPE_Custom/00_17/to_00_16/Step_6_fake_00_16_from_00_17_1680259607344_rgb.png,OK,4.905601529616408,72.72727272727273,0.9963206720268419,aceptable,19
1680259607645,/nas/antoniodetoro/qwen/Qwen-Image-Edit-Angles-2/datos/MultiViewVisibleImagesHPE_Custom/test/00_16/00_16_1680259607645_rgb.png,/nas/antoniodetoro/qwen/Qwen-Image-Edit-Angles-2/datos/MultiViewVisibleImagesHPE_Custom/00_17/to_00_16/Step_6_fake_00_16_from_00_17_1680259607645_rgb.png,OK,5.278506140354195,69.6969696969697,0.9946567839782843,crítico,19
1680259607946,/nas/antoniodetoro/qwen/Qwen-Image-Edit-Angles-2/datos/MultiViewVisibleImagesHPE_Custom/test/00_16/00_16_1680259607946_rgb.png,/nas/antoniodetoro/qwen/Qwen-Image-Edit-Angles-2/datos/MultiViewVisibleImagesHPE_Custom/00_17/to_00_16/Step_6_fake_00_16_from_00_17_1680259607946_rgb.png,OK,4.941714769966297,72.72727272727273,0.9948645548499491,aceptable,19
1680259608247,/nas/antoniodetoro/qwen/Qwen-Image-Edit-Angles-2/datos/MultiViewVisibleImagesHPE_Custom/test/00_16/00_16_1680259608247_rgb.png,/nas/antoniodetoro/qwen/Qwen-Image-Edit-Angles-2/datos/MultiViewVisibleImagesHPE_Custom/00_17/to_00_16/Step_6_fake_00_16_from_00_17_1680259608247_rgb.png,OK,4.364161339106424,69.6969696969697,0.9970261996490034,crítico,19
1680259608548,/nas/antoniodetoro/qwen/Qwen-Image-Edit-Angles-2/datos/MultiViewVisibleImagesHPE_Custom/test/00_16/00_16_1680259608548_rgb.png,/nas/antoniodetoro/qwen/Qwen-Image-Edit-Angles-2/datos/MultiViewVisibleImagesHPE_Custom/00_17/to_00_16/Step_6_fake_00_16_from_00_17_1680259608548_rgb.png,OK,3.162788153284815,87.87878787878788,0.9988320051430488,aceptable,19
1680259608849,/nas/antoniodetoro/qwen/Qwen-Image-Edit-Angles-2/datos/MultiViewVisibleImagesHPE_Custom/test/00_16/00_16_1680259608849_rgb.png,/nas/antoniodetoro/qwen/Qwen-Image-Edit-Angles-2/datos/MultiViewVisibleImagesHPE_Custom/00_17/to_00_16/Step_6_fake_00_16_from_00_17_1680259608849_rgb.png,OK,3.466160622442823,84.84848484848484,0.9983478317187907,aceptable,19
1680259609150,/nas/antoniodetoro/qwen/Qwen-Image-Edit-Angles-2/datos/MultiViewVisibleImagesHPE_Custom/test/00_16/00_16_1680259609150_rgb.png,/nas/antoniodetoro/qwen/Qwen-Image-Edit-Angles-2/datos/MultiViewVisibleImagesHPE_Custom/00_17/to_00_16/Step_6_fake_00_16_from_00_17_1680259609150_rgb.png,OK,3.6978715072399457,84.84848484848484,0.9983720987567729,aceptable,19
1680259609451,/nas/antoniodetoro/qwen/Qwen-Image-Edit-Angles-2/datos/MultiViewVisibleImagesHPE_Custom/test/00_16/00_16_1680259609451_rgb.png,/nas/antoniodetoro/qwen/Qwen-Image-Edit-Angles-2/datos/MultiViewVisibleImagesHPE_Custom/00_17/to_00_16/Step_6_fake_00_16_from_00_17_1680259609451_rgb.png,OK,3.734505787077288,87.87878787878788,0.9987580335417461,aceptable,12
1680259609752,/nas/antoniodetoro/qwen/Qwen-Image-Edit-Angles-2/datos/MultiViewVisibleImagesHPE_Custom/test/00_16/00_16_1680259609752_rgb.png,/nas/antoniodetoro/qwen/Qwen-Image-Edit-Angles-2/datos/MultiViewVisibleImagesHPE_Custom/00_17/to_00_16/Step_6_fake_00_16_from_00_17_1680259609752_rgb.png,OK,5.230190718370454,81.81818181818183,0.9942058252881485,aceptable,20
1680259610053,/nas/antoniodetoro/qwen/Qwen-Image-Edit-Angles-2/datos/MultiViewVisibleImagesHPE_Custom/test/00_16/00_16_1680259610053_rgb.png,/nas/antoniodetoro/qwen/Qwen-Image-Edit-Angles-2/datos/MultiViewVisibleImagesHPE_Custom/00_17/to_00_16/Step_6_fake_00_16_from_00_17_1680259610053_rgb.png,OK,7.530921154570262,69.6969696969697,0.9851259250424333,crítico,20
1680259610354,/nas/antoniodetoro/qwen/Qwen-Image-Edit-Angles-2/datos/MultiViewVisibleImagesHPE_Custom/test/00_16/00_16_1680259610354_rgb.png,/nas/antoniodetoro/qwen/Qwen-Image-Edit-Angles-2/datos/MultiViewVisibleImagesHPE_Custom/00_17/to_00_16/Step_6_fake_00_16_from_00_17_1680259610354_rgb.png,OK,8.354894648410607,57.57575757575758,0.9798589139038388,crítico,20
1680259610655,/nas/antoniodetoro/qwen/Qwen-Image-Edit-Angles-2/datos/MultiViewVisibleImagesHPE_Custom/test/00_16/00_16_1680259610655_rgb.png,/nas/antoniodetoro/qwen/Qwen-Image-Edit-Angles-2/datos/MultiViewVisibleImagesHPE_Custom/00_17/to_00_16/Step_6_fake_00_16_from_00_17_1680259610655_rgb.png,OK,6.92255344390604,78.78787878787878,0.9845555529903933,aceptable,20
1680259610956,/nas/antoniodetoro/qwen/Qwen-Image-Edit-Angles-2/datos/MultiViewVisibleImagesHPE_Custom/test/00_16/00_16_1680259610956_rgb.png,/nas/antoniodetoro/qwen/Qwen-Image-Edit-Angles-2/datos/MultiViewVisibleImagesHPE_Custom/00_17/to_00_16/Step_6_fake_00_16_from_00_17_1680259610956_rgb.png,OK,8.17026188333463,15.151515151515152,0.9950628144456604,crítico,12
1680259611257,/nas/antoniodetoro/qwen/Qwen-Image-Edit-Angles-2/datos/MultiViewVisibleImagesHPE_Custom/test/00_16/00_16_1680259611257_rgb.png,/nas/antoniodetoro/qwen/Qwen-Image-Edit-Angles-2/datos/MultiViewVisibleImagesHPE_Custom/00_17/to_00_16/Step_6_fake_00_16_from_00_17_1680259611257_rgb.png,OK,3.31025739089946,84.84848484848484,0.9987212960060549,aceptable,29
1680259611558,/nas/antoniodetoro/qwen/Qwen-Image-Edit-Angles-2/datos/MultiViewVisibleImagesHPE_Custom/test/00_16/00_16_1680259611558_rgb.png,/nas/antoniodetoro/qwen/Qwen-Image-Edit-Angles-2/datos/MultiViewVisibleImagesHPE_Custom/00_17/to_00_16/Step_6_fake_00_16_from_00_17_1680259611558_rgb.png,OK,3.231509743670567,87.87878787878788,0.9987993641398832,aceptable,17
1680259611859,/nas/antoniodetoro/qwen/Qwen-Image-Edit-Angles-2/datos/MultiViewVisibleImagesHPE_Custom/test/00_16/00_16_1680259611859_rgb.png,/nas/antoniodetoro/qwen/Qwen-Image-Edit-Angles-2/datos/MultiViewVisibleImagesHPE_Custom/00_17/to_00_16/Step_6_fake_00_16_from_00_17_1680259611859_rgb.png,OK,3.050273114870613,90.9090909090909,0.9989137979943808,excelente,14
1680259612160,/nas/antoniodetoro/qwen/Qwen-Image-Edit-Angles-2/datos/MultiViewVisibleImagesHPE_Custom/test/00_16/00_16_1680259612160_rgb.png,/nas/antoniodetoro/qwen/Qwen-Image-Edit-Angles-2/datos/MultiViewVisibleImagesHPE_Custom/00_17/to_00_16/Step_6_fake_00_16_from_00_17_1680259612160_rgb.png,OK,2.8139840710546626,100.0,0.9991479162528659,excelente,18
1680259612460,/nas/antoniodetoro/qwen/Qwen-Image-Edit-Angles-2/datos/MultiViewVisibleImagesHPE_Custom/test/00_16/00_16_1680259612460_rgb.png,/nas/antoniodetoro/qwen/Qwen-Image-Edit-Angles-2/datos/MultiViewVisibleImagesHPE_Custom/00_17/to_00_16/Step_6_fake_00_16_from_00_17_1680259612460_rgb.png,OK,3.1194736979754185,87.87878787878788,0.9988400310338249,aceptable,17
1680259612761,/nas/antoniodetoro/qwen/Qwen-Image-Edit-Angles-2/datos/MultiViewVisibleImagesHPE_Custom/test/00_16/00_16_1680259612761_rgb.png,/nas/antoniodetoro/qwen/Qwen-Image-Edit-Angles-2/datos/MultiViewVisibleImagesHPE_Custom/00_17/to_00_16/Step_6_fake_00_16_from_00_17_1680259612761_rgb.png,OK,7.313607660799587,33.33333333333333,0.9948013816411999,crítico,14
1680259613063,/nas/antoniodetoro/qwen/Qwen-Image-Edit-Angles-2/datos/MultiViewVisibleImagesHPE_Custom/test/00_16/00_16_1680259613063_rgb.png,/nas/antoniodetoro/qwen/Qwen-Image-Edit-Angles-2/datos/MultiViewVisibleImagesHPE_Custom/00_17/to_00_16/Step_6_fake_00_16_from_00_17_1680259613063_rgb.png,OK,8.616383001569243,69.6969696969697,0.9825435277005419,crítico,20
1680259613364,/nas/antoniodetoro/qwen/Qwen-Image-Edit-Angles-2/datos/MultiViewVisibleImagesHPE_Custom/test/00_16/00_16_1680259613364_rgb.png,/nas/antoniodetoro/qwen/Qwen-Image-Edit-Angles-2/datos/MultiViewVisibleImagesHPE_Custom/00_17/to_00_16/Step_6_fake_00_16_from_00_17_1680259613364_rgb.png,OK,3.9499180356446075,81.81818181818183,0.9982347419879506,aceptable,18
1680259613665,/nas/antoniodetoro/qwen/Qwen-Image-Edit-Angles-2/datos/MultiViewVisibleImagesHPE_Custom/test/00_16/00_16_1680259613665_rgb.png,/nas/antoniodetoro/qwen/Qwen-Image-Edit-Angles-2/datos/MultiViewVisibleImagesHPE_Custom/00_17/to_00_16/Step_6_fake_00_16_from_00_17_1680259613665_rgb.png,OK,3.2147034892121322,78.78787878787878,0.9984692317723483,aceptable,18
1680259613966,/nas/antoniodetoro/qwen/Qwen-Image-Edit-Angles-2/datos/MultiViewVisibleImagesHPE_Custom/test/00_16/00_16_1680259613966_rgb.png,/nas/antoniodetoro/qwen/Qwen-Image-Edit-Angles-2/datos/MultiViewVisibleImagesHPE_Custom/00_17/to_00_16/Step_6_fake_00_16_from_00_17_1680259613966_rgb.png,OK,4.466284063793809,66.66666666666666,0.9970753000981052,crítico,20
1680259614267,/nas/antoniodetoro/qwen/Qwen-Image-Edit-Angles-2/datos/MultiViewVisibleImagesHPE_Custom/test/00_16/00_16_1680259614267_rgb.png,/nas/antoniodetoro/qwen/Qwen-Image-Edit-Angles-2/datos/MultiViewVisibleImagesHPE_Custom/00_17/to_00_16/Step_6_fake_00_16_from_00_17_1680259614267_rgb.png,OK,5.950328274399031,30.303030303030305,0.9967041453085803,crítico,14
1680259614568,/nas/antoniodetoro/qwen/Qwen-Image-Edit-Angles-2/datos/MultiViewVisibleImagesHPE_Custom/test/00_16/00_16_1680259614568_rgb.png,/nas/antoniodetoro/qwen/Qwen-Image-Edit-Angles-2/datos/MultiViewVisibleImagesHPE_Custom/00_17/to_00_16/Step_6_fake_00_16_from_00_17_1680259614568_rgb.png,OK,3.2791861383131096,93.93939393939394,0.9988766493875504,excelente,12
1680259614869,/nas/antoniodetoro/qwen/Qwen-Image-Edit-Angles-2/datos/MultiViewVisibleImagesHPE_Custom/test/00_16/00_16_1680259614869_rgb.png,/nas/antoniodetoro/qwen/Qwen-Image-Edit-Angles-2/datos/MultiViewVisibleImagesHPE_Custom/00_17/to_00_16/Step_6_fake_00_16_from_00_17_1680259614869_rgb.png,OK,3.6415786178589733,75.75757575757575,0.9985432759722358,aceptable,6
1680259615170,/nas/antoniodetoro/qwen/Qwen-Image-Edit-Angles-2/datos/MultiViewVisibleImagesHPE_Custom/test/00_16/00_16_1680259615170_rgb.png,/nas/antoniodetoro/qwen/Qwen-Image-Edit-Angles-2/datos/MultiViewVisibleImagesHPE_Custom/00_17/to_00_16/Step_6_fake_00_16_from_00_17_1680259615170_rgb.png,OK,3.822190540016135,87.87878787878788,0.9984196388147429,aceptable,14
1680259615471,/nas/antoniodetoro/qwen/Qwen-Image-Edit-Angles-2/datos/MultiViewVisibleImagesHPE_Custom/test/00_16/00_16_1680259615471_rgb.png,/nas/antoniodetoro/qwen/Qwen-Image-Edit-Angles-2/datos/MultiViewVisibleImagesHPE_Custom/00_17/to_00_16/Step_6_fake_00_16_from_00_17_1680259615471_rgb.png,OK,2.972555451660955,87.87878787878788,0.9989964217910772,aceptable,17
1680259615772,/nas/antoniodetoro/qwen/Qwen-Image-Edit-Angles-2/datos/MultiViewVisibleImagesHPE_Custom/test/00_16/00_16_1680259615772_rgb.png,/nas/antoniodetoro/qwen/Qwen-Image-Edit-Angles-2/datos/MultiViewVisibleImagesHPE_Custom/00_17/to_00_16/Step_6_fake_00_16_from_00_17_1680259615772_rgb.png,OK,3.6664258307111837,66.66666666666666,0.998467110721972,crítico,18
1680259616073,/nas/antoniodetoro/qwen/Qwen-Image-Edit-Angles-2/datos/MultiViewVisibleImagesHPE_Custom/test/00_16/00_16_1680259616073_rgb.png,/nas/antoniodetoro/qwen/Qwen-Image-Edit-Angles-2/datos/MultiViewVisibleImagesHPE_Custom/00_17/to_00_16/Step_6_fake_00_16_from_00_17_1680259616073_rgb.png,OK,6.1084806878782,33.33333333333333,0.9963840147647451,crítico,20
1680259616374,/nas/antoniodetoro/qwen/Qwen-Image-Edit-Angles-2/datos/MultiViewVisibleImagesHPE_Custom/test/00_16/00_16_1680259616374_rgb.png,/nas/antoniodetoro/qwen/Qwen-Image-Edit-Angles-2/datos/MultiViewVisibleImagesHPE_Custom/00_17/to_00_16/Step_6_fake_00_16_from_00_17_1680259616374_rgb.png,OK,7.134917768395037,51.515151515151516,0.9899844956209081,crítico,18
1680259616675,/nas/antoniodetoro/qwen/Qwen-Image-Edit-Angles-2/datos/MultiViewVisibleImagesHPE_Custom/test/00_16/00_16_1680259616675_rgb.png,/nas/antoniodetoro/qwen/Qwen-Image-Edit-Angles-2/datos/MultiViewVisibleImagesHPE_Custom/00_17/to_00_16/Step_6_fake_00_16_from_00_17_1680259616675_rgb.png,OK,6.648945437333864,48.484848484848484,0.9924712095911836,crítico,18
1680259616976,/nas/antoniodetoro/qwen/Qwen-Image-Edit-Angles-2/datos/MultiViewVisibleImagesHPE_Custom/test/00_16/00_16_1680259616976_rgb.png,/nas/antoniodetoro/qwen/Qwen-Image-Edit-Angles-2/datos/MultiViewVisibleImagesHPE_Custom/00_17/to_00_16/Step_6_fake_00_16_from_00_17_1680259616976_rgb.png,OK,6.181128829438889,36.36363636363637,0.9943596804977637,crítico,18
1680259617277,/nas/antoniodetoro/qwen/Qwen-Image-Edit-Angles-2/datos/MultiViewVisibleImagesHPE_Custom/test/00_16/00_16_1680259617277_rgb.png,/nas/antoniodetoro/qwen/Qwen-Image-Edit-Angles-2/datos/MultiViewVisibleImagesHPE_Custom/00_17/to_00_16/Step_6_fake_00_16_from_00_17_1680259617277_rgb.png,OK,6.621145572252326,66.66666666666666,0.990605620509544,crítico,20
1680259617578,/nas/antoniodetoro/qwen/Qwen-Image-Edit-Angles-2/datos/MultiViewVisibleImagesHPE_Custom/test/00_16/00_16_1680259617578_rgb.png,/nas/antoniodetoro/qwen/Qwen-Image-Edit-Angles-2/datos/MultiViewVisibleImagesHPE_Custom/00_17/to_00_16/Step_6_fake_00_16_from_00_17_1680259617578_rgb.png,OK,6.871147922758519,72.72727272727273,0.9869697720747872,aceptable,18
1680259617879,/nas/antoniodetoro/qwen/Qwen-Image-Edit-Angles-2/datos/MultiViewVisibleImagesHPE_Custom/test/00_16/00_16_1680259617879_rgb.png,/nas/antoniodetoro/qwen/Qwen-Image-Edit-Angles-2/datos/MultiViewVisibleImagesHPE_Custom/00_17/to_00_16/Step_6_fake_00_16_from_00_17_1680259617879_rgb.png,OK,4.825693213027999,42.42424242424242,0.9974975308550553,crítico,14
1680259618181,/nas/antoniodetoro/qwen/Qwen-Image-Edit-Angles-2/datos/MultiViewVisibleImagesHPE_Custom/test/00_16/00_16_1680259618181_rgb.png,/nas/antoniodetoro/qwen/Qwen-Image-Edit-Angles-2/datos/MultiViewVisibleImagesHPE_Custom/00_17/to_00_16/Step_6_fake_00_16_from_00_17_1680259618181_rgb.png,OK,3.2354353567022454,90.9090909090909,0.9988222535557431,excelente,12
1680259618482,/nas/antoniodetoro/qwen/Qwen-Image-Edit-Angles-2/datos/MultiViewVisibleImagesHPE_Custom/test/00_16/00_16_1680259618482_rgb.png,/nas/antoniodetoro/qwen/Qwen-Image-Edit-Angles-2/datos/MultiViewVisibleImagesHPE_Custom/00_17/to_00_16/Step_6_fake_00_16_from_00_17_1680259618482_rgb.png,OK,3.216631574562882,87.87878787878788,0.9988153048722846,aceptable,30
1680259618783,/nas/antoniodetoro/qwen/Qwen-Image-Edit-Angles-2/datos/MultiViewVisibleImagesHPE_Custom/test/00_16/00_16_1680259618783_rgb.png,/nas/antoniodetoro/qwen/Qwen-Image-Edit-Angles-2/datos/MultiViewVisibleImagesHPE_Custom/00_17/to_00_16/Step_6_fake_00_16_from_00_17_1680259618783_rgb.png,OK,2.6109469027519285,100.0,0.9992646191035485,excelente,29
1680259619084,/nas/antoniodetoro/qwen/Qwen-Image-Edit-Angles-2/datos/MultiViewVisibleImagesHPE_Custom/test/00_16/00_16_1680259619084_rgb.png,/nas/antoniodetoro/qwen/Qwen-Image-Edit-Angles-2/datos/MultiViewVisibleImagesHPE_Custom/00_17/to_00_16/Step_6_fake_00_16_from_00_17_1680259619084_rgb.png,OK,2.970264294780159,93.93939393939394,0.9989787816691799,excelente,30
1680259619385,/nas/antoniodetoro/qwen/Qwen-Image-Edit-Angles-2/datos/MultiViewVisibleImagesHPE_Custom/test/00_16/00_16_1680259619385_rgb.png,/nas/antoniodetoro/qwen/Qwen-Image-Edit-Angles-2/datos/MultiViewVisibleImagesHPE_Custom/00_17/to_00_16/Step_6_fake_00_16_from_00_17_1680259619385_rgb.png,OK,4.556384028214558,66.66666666666666,0.9973212178567258,crítico,18
1680259619686,/nas/antoniodetoro/qwen/Qwen-Image-Edit-Angles-2/datos/MultiViewVisibleImagesHPE_Custom/test/00_16/00_16_1680259619686_rgb.png,/nas/antoniodetoro/qwen/Qwen-Image-Edit-Angles-2/datos/MultiViewVisibleImagesHPE_Custom/00_17/to_00_16/Step_6_fake_00_16_from_00_17_1680259619686_rgb.png,OK,7.267906104217666,42.42424242424242,0.9918168673683119,crítico,16
1680259619987,/nas/antoniodetoro/qwen/Qwen-Image-Edit-Angles-2/datos/MultiViewVisibleImagesHPE_Custom/test/00_16/00_16_1680259619987_rgb.png,/nas/antoniodetoro/qwen/Qwen-Image-Edit-Angles-2/datos/MultiViewVisibleImagesHPE_Custom/00_17/to_00_16/Step_6_fake_00_16_from_00_17_1680259619987_rgb.png,OK,5.3858849066589025,69.6969696969697,0.9953953427516639,crítico,18
1680259620288,/nas/antoniodetoro/qwen/Qwen-Image-Edit-Angles-2/datos/MultiViewVisibleImagesHPE_Custom/test/00_16/00_16_1680259620288_rgb.png,/nas/antoniodetoro/qwen/Qwen-Image-Edit-Angles-2/datos/MultiViewVisibleImagesHPE_Custom/00_17/to_00_16/Step_6_fake_00_16_from_00_17_1680259620288_rgb.png,OK,7.458458839401032,78.78787878787878,0.9862133570786634,aceptable,20
1680259620589,/nas/antoniodetoro/qwen/Qwen-Image-Edit-Angles-2/datos/MultiViewVisibleImagesHPE_Custom/test/00_16/00_16_1680259620589_rgb.png,/nas/antoniodetoro/qwen/Qwen-Image-Edit-Angles-2/datos/MultiViewVisibleImagesHPE_Custom/00_17/to_00_16/Step_6_fake_00_16_from_00_17_1680259620589_rgb.png,OK,6.207183399662749,60.60606060606061,0.9925067877822835,crítico,18
1680259620890,/nas/antoniodetoro/qwen/Qwen-Image-Edit-Angles-2/datos/MultiViewVisibleImagesHPE_Custom/test/00_16/00_16_1680259620890_rgb.png,/nas/antoniodetoro/qwen/Qwen-Image-Edit-Angles-2/datos/MultiViewVisibleImagesHPE_Custom/00_17/to_00_16/Step_6_fake_00_16_from_00_17_1680259620890_rgb.png,OK,7.546729771695216,48.484848484848484,0.9885204722445189,crítico,18
1680259621191,/nas/antoniodetoro/qwen/Qwen-Image-Edit-Angles-2/datos/MultiViewVisibleImagesHPE_Custom/test/00_16/00_16_1680259621191_rgb.png,/nas/antoniodetoro/qwen/Qwen-Image-Edit-Angles-2/datos/MultiViewVisibleImagesHPE_Custom/00_17/to_00_16/Step_6_fake_00_16_from_00_17_1680259621191_rgb.png,OK,7.721651162395076,57.57575757575758,0.9850053393407846,crítico,18
1680259621492,/nas/antoniodetoro/qwen/Qwen-Image-Edit-Angles-2/datos/MultiViewVisibleImagesHPE_Custom/test/00_16/00_16_1680259621492_rgb.png,/nas/antoniodetoro/qwen/Qwen-Image-Edit-Angles-2/datos/MultiViewVisibleImagesHPE_Custom/00_17/to_00_16/Step_6_fake_00_16_from_00_17_1680259621492_rgb.png,OK,4.067156664154495,78.78787878787878,0.9981927948281636,aceptable,14
1680259621793,/nas/antoniodetoro/qwen/Qwen-Image-Edit-Angles-2/datos/MultiViewVisibleImagesHPE_Custom/test/00_16/00_16_1680259621793_rgb.png,/nas/antoniodetoro/qwen/Qwen-Image-Edit-Angles-2/datos/MultiViewVisibleImagesHPE_Custom/00_17/to_00_16/Step_6_fake_00_16_from_00_17_1680259621793_rgb.png,OK,2.346642694033554,100.0,0.9993658835406575,excelente,27
1680259622094,/nas/antoniodetoro/qwen/Qwen-Image-Edit-Angles-2/datos/MultiViewVisibleImagesHPE_Custom/test/00_16/00_16_1680259622094_rgb.png,/nas/antoniodetoro/qwen/Qwen-Image-Edit-Angles-2/datos/MultiViewVisibleImagesHPE_Custom/00_17/to_00_16/Step_6_fake_00_16_from_00_17_1680259622094_rgb.png,OK,3.814984580642059,84.84848484848484,0.9985696628063309,aceptable,14
1680259622395,/nas/antoniodetoro/qwen/Qwen-Image-Edit-Angles-2/datos/MultiViewVisibleImagesHPE_Custom/test/00_16/00_16_1680259622395_rgb.png,/nas/antoniodetoro/qwen/Qwen-Image-Edit-Angles-2/datos/MultiViewVisibleImagesHPE_Custom/00_17/to_00_16/Step_6_fake_00_16_from_00_17_1680259622395_rgb.png,OK,3.8511281208248986,84.84848484848484,0.998384079472151,aceptable,14
1680259622696,/nas/antoniodetoro/qwen/Qwen-Image-Edit-Angles-2/datos/MultiViewVisibleImagesHPE_Custom/test/00_16/00_16_1680259622696_rgb.png,/nas/antoniodetoro/qwen/Qwen-Image-Edit-Angles-2/datos/MultiViewVisibleImagesHPE_Custom/00_17/to_00_16/Step_6_fake_00_16_from_00_17_1680259622696_rgb.png,OK,3.536591372384808,84.84848484848484,0.9986331541655782,aceptable,14
1680259622997,/nas/antoniodetoro/qwen/Qwen-Image-Edit-Angles-2/datos/MultiViewVisibleImagesHPE_Custom/test/00_16/00_16_1680259622997_rgb.png,/nas/antoniodetoro/qwen/Qwen-Image-Edit-Angles-2/datos/MultiViewVisibleImagesHPE_Custom/00_17/to_00_16/Step_6_fake_00_16_from_00_17_1680259622997_rgb.png,OK,3.789510845721666,84.84848484848484,0.9984424433585102,aceptable,12
1680259623299,/nas/antoniodetoro/qwen/Qwen-Image-Edit-Angles-2/datos/MultiViewVisibleImagesHPE_Custom/test/00_16/00_16_1680259623299_rgb.png,/nas/antoniodetoro/qwen/Qwen-Image-Edit-Angles-2/datos/MultiViewVisibleImagesHPE_Custom/00_17/to_00_16/Step_6_fake_00_16_from_00_17_1680259623299_rgb.png,OK,3.283348780358259,93.93939393939394,0.9988307098394763,excelente,30
1680259623600,/nas/antoniodetoro/qwen/Qwen-Image-Edit-Angles-2/datos/MultiViewVisibleImagesHPE_Custom/test/00_16/00_16_1680259623600_rgb.png,/nas/antoniodetoro/qwen/Qwen-Image-Edit-Angles-2/datos/MultiViewVisibleImagesHPE_Custom/00_17/to_00_16/Step_6_fake_00_16_from_00_17_1680259623600_rgb.png,OK,3.5953423198930445,90.9090909090909,0.9986469476463695,excelente,14
1680259623901,/nas/antoniodetoro/qwen/Qwen-Image-Edit-Angles-2/datos/MultiViewVisibleImagesHPE_Custom/test/00_16/00_16_1680259623901_rgb.png,/nas/antoniodetoro/qwen/Qwen-Image-Edit-Angles-2/datos/MultiViewVisibleImagesHPE_Custom/00_17/to_00_16/Step_6_fake_00_16_from_00_17_1680259623901_rgb.png,OK,3.0855453008637306,87.87878787878788,0.9988147289493486,aceptable,19
1680259624202,/nas/antoniodetoro/qwen/Qwen-Image-Edit-Angles-2/datos/MultiViewVisibleImagesHPE_Custom/test/00_16/00_16_1680259624202_rgb.png,/nas/antoniodetoro/qwen/Qwen-Image-Edit-Angles-2/datos/MultiViewVisibleImagesHPE_Custom/00_17/to_00_16/Step_6_fake_00_16_from_00_17_1680259624202_rgb.png,OK,3.3189794099143954,84.84848484848484,0.9987614718070099,aceptable,15
1680259624503,/nas/antoniodetoro/qwen/Qwen-Image-Edit-Angles-2/datos/MultiViewVisibleImagesHPE_Custom/test/00_16/00_16_1680259624503_rgb.png,/nas/antoniodetoro/qwen/Qwen-Image-Edit-Angles-2/datos/MultiViewVisibleImagesHPE_Custom/00_17/to_00_16/Step_6_fake_00_16_from_00_17_1680259624503_rgb.png,OK,4.654582174413888,72.72727272727273,0.9972231322515483,aceptable,19
1680259624804,/nas/antoniodetoro/qwen/Qwen-Image-Edit-Angles-2/datos/MultiViewVisibleImagesHPE_Custom/test/00_16/00_16_1680259624804_rgb.png,/nas/antoniodetoro/qwen/Qwen-Image-Edit-Angles-2/datos/MultiViewVisibleImagesHPE_Custom/00_17/to_00_16/Step_6_fake_00_16_from_00_17_1680259624804_rgb.png,OK,4.643042450614757,66.66666666666666,0.9972409370964536,crítico,19
1680259625105,/nas/antoniodetoro/qwen/Qwen-Image-Edit-Angles-2/datos/MultiViewVisibleImagesHPE_Custom/test/00_16/00_16_1680259625105_rgb.png,/nas/antoniodetoro/qwen/Qwen-Image-Edit-Angles-2/datos/MultiViewVisibleImagesHPE_Custom/00_17/to_00_16/Step_6_fake_00_16_from_00_17_1680259625105_rgb.png,OK,4.590323222751045,57.57575757575758,0.9981084865088589,crítico,19
1680259625406,/nas/antoniodetoro/qwen/Qwen-Image-Edit-Angles-2/datos/MultiViewVisibleImagesHPE_Custom/test/00_16/00_16_1680259625406_rgb.png,/nas/antoniodetoro/qwen/Qwen-Image-Edit-Angles-2/datos/MultiViewVisibleImagesHPE_Custom/00_17/to_00_16/Step_6_fake_00_16_from_00_17_1680259625406_rgb.png,OK,3.9787799669522563,72.72727272727273,0.9982337675439819,aceptable,19
1680259625707,/nas/antoniodetoro/qwen/Qwen-Image-Edit-Angles-2/datos/MultiViewVisibleImagesHPE_Custom/test/00_16/00_16_1680259625707_rgb.png,/nas/antoniodetoro/qwen/Qwen-Image-Edit-Angles-2/datos/MultiViewVisibleImagesHPE_Custom/00_17/to_00_16/Step_6_fake_00_16_from_00_17_1680259625707_rgb.png,OK,4.763652627100086,66.66666666666666,0.9974929854273019,crítico,19
1680259626008,/nas/antoniodetoro/qwen/Qwen-Image-Edit-Angles-2/datos/MultiViewVisibleImagesHPE_Custom/test/00_16/00_16_1680259626008_rgb.png,/nas/antoniodetoro/qwen/Qwen-Image-Edit-Angles-2/datos/MultiViewVisibleImagesHPE_Custom/00_17/to_00_16/Step_6_fake_00_16_from_00_17_1680259626008_rgb.png,OK,5.428471772261988,81.81818181818183,0.9952218005896711,aceptable,19
1680259626309,/nas/antoniodetoro/qwen/Qwen-Image-Edit-Angles-2/datos/MultiViewVisibleImagesHPE_Custom/test/00_16/00_16_1680259626309_rgb.png,/nas/antoniodetoro/qwen/Qwen-Image-Edit-Angles-2/datos/MultiViewVisibleImagesHPE_Custom/00_17/to_00_16/Step_6_fake_00_16_from_00_17_1680259626309_rgb.png,OK,4.377614426577474,66.66666666666666,0.9981914072628632,crítico,19
1680259626610,/nas/antoniodetoro/qwen/Qwen-Image-Edit-Angles-2/datos/MultiViewVisibleImagesHPE_Custom/test/00_16/00_16_1680259626610_rgb.png,/nas/antoniodetoro/qwen/Qwen-Image-Edit-Angles-2/datos/MultiViewVisibleImagesHPE_Custom/00_17/to_00_16/Step_6_fake_00_16_from_00_17_1680259626610_rgb.png,OK,8.556724013217037,39.39393939393939,0.9903955874296615,crítico,20
1680259626912,/nas/antoniodetoro/qwen/Qwen-Image-Edit-Angles-2/datos/MultiViewVisibleImagesHPE_Custom/test/00_16/00_16_1680259626912_rgb.png,/nas/antoniodetoro/qwen/Qwen-Image-Edit-Angles-2/datos/MultiViewVisibleImagesHPE_Custom/00_17/to_00_16/Step_6_fake_00_16_from_00_17_1680259626912_rgb.png,OK,4.568941031430688,81.81818181818183,0.9965252837943004,aceptable,20
1680259627213,/nas/antoniodetoro/qwen/Qwen-Image-Edit-Angles-2/datos/MultiViewVisibleImagesHPE_Custom/test/00_16/00_16_1680259627213_rgb.png,/nas/antoniodetoro/qwen/Qwen-Image-Edit-Angles-2/datos/MultiViewVisibleImagesHPE_Custom/00_17/to_00_16/Step_6_fake_00_16_from_00_17_1680259627213_rgb.png,OK,7.980731761229082,60.60606060606061,0.9810905277099055,crítico,18
1680259627514,/nas/antoniodetoro/qwen/Qwen-Image-Edit-Angles-2/datos/MultiViewVisibleImagesHPE_Custom/test/00_16/00_16_1680259627514_rgb.png,/nas/antoniodetoro/qwen/Qwen-Image-Edit-Angles-2/datos/MultiViewVisibleImagesHPE_Custom/00_17/to_00_16/Step_6_fake_00_16_from_00_17_1680259627514_rgb.png,OK,6.6595331642142845,81.81818181818183,0.9877216917564929,aceptable,22
1680259627815,/nas/antoniodetoro/qwen/Qwen-Image-Edit-Angles-2/datos/MultiViewVisibleImagesHPE_Custom/test/00_16/00_16_1680259627815_rgb.png,/nas/antoniodetoro/qwen/Qwen-Image-Edit-Angles-2/datos/MultiViewVisibleImagesHPE_Custom/00_17/to_00_16/Step_6_fake_00_16_from_00_17_1680259627815_rgb.png,OK,10.790869872299266,15.151515151515152,0.9863394681448467,crítico,17
1680259628116,/nas/antoniodetoro/qwen/Qwen-Image-Edit-Angles-2/datos/MultiViewVisibleImagesHPE_Custom/test/00_16/00_16_1680259628116_rgb.png,/nas/antoniodetoro/qwen/Qwen-Image-Edit-Angles-2/datos/MultiViewVisibleImagesHPE_Custom/00_17/to_00_16/Step_6_fake_00_16_from_00_17_1680259628116_rgb.png,OK,3.2600100450159553,81.81818181818183,0.9991876259203742,aceptable,6
1680259628417,/nas/antoniodetoro/qwen/Qwen-Image-Edit-Angles-2/datos/MultiViewVisibleImagesHPE_Custom/test/00_16/00_16_1680259628417_rgb.png,/nas/antoniodetoro/qwen/Qwen-Image-Edit-Angles-2/datos/MultiViewVisibleImagesHPE_Custom/00_17/to_00_16/Step_6_fake_00_16_from_00_17_1680259628417_rgb.png,OK,3.6119697068229213,81.81818181818183,0.9985234470828094,aceptable,18
1680259628718,/nas/antoniodetoro/qwen/Qwen-Image-Edit-Angles-2/datos/MultiViewVisibleImagesHPE_Custom/test/00_16/00_16_1680259628718_rgb.png,/nas/antoniodetoro/qwen/Qwen-Image-Edit-Angles-2/datos/MultiViewVisibleImagesHPE_Custom/00_17/to_00_16/Step_6_fake_00_16_from_00_17_1680259628718_rgb.png,OK,3.919108602401035,69.6969696969697,0.9984465703116163,crítico,12
1680259629019,/nas/antoniodetoro/qwen/Qwen-Image-Edit-Angles-2/datos/MultiViewVisibleImagesHPE_Custom/test/00_16/00_16_1680259629019_rgb.png,/nas/antoniodetoro/qwen/Qwen-Image-Edit-Angles-2/datos/MultiViewVisibleImagesHPE_Custom/00_17/to_00_16/Step_6_fake_00_16_from_00_17_1680259629019_rgb.png,OK,3.4690983473677597,84.84848484848484,0.9988056680238779,aceptable,12
1680259629320,/nas/antoniodetoro/qwen/Qwen-Image-Edit-Angles-2/datos/MultiViewVisibleImagesHPE_Custom/test/00_16/00_16_1680259629320_rgb.png,/nas/antoniodetoro/qwen/Qwen-Image-Edit-Angles-2/datos/MultiViewVisibleImagesHPE_Custom/00_17/to_00_16/Step_6_fake_00_16_from_00_17_1680259629320_rgb.png,OK,3.3567593309716304,75.75757575757575,0.9988409802579111,aceptable,12
1680259629621,/nas/antoniodetoro/qwen/Qwen-Image-Edit-Angles-2/datos/MultiViewVisibleImagesHPE_Custom/test/00_16/00_16_1680259629621_rgb.png,/nas/antoniodetoro/qwen/Qwen-Image-Edit-Angles-2/datos/MultiViewVisibleImagesHPE_Custom/00_17/to_00_16/Step_6_fake_00_16_from_00_17_1680259629621_rgb.png,OK,6.285789967607013,45.45454545454545,0.996060401528744,crítico,19
1680259629922,/nas/antoniodetoro/qwen/Qwen-Image-Edit-Angles-2/datos/MultiViewVisibleImagesHPE_Custom/test/00_16/00_16_1680259629922_rgb.png,/nas/antoniodetoro/qwen/Qwen-Image-Edit-Angles-2/datos/MultiViewVisibleImagesHPE_Custom/00_17/to_00_16/Step_6_fake_00_16_from_00_17_1680259629922_rgb.png,OK,6.985064869270474,45.45454545454545,0.9919507272949305,crítico,20
1680259630224,/nas/antoniodetoro/qwen/Qwen-Image-Edit-Angles-2/datos/MultiViewVisibleImagesHPE_Custom/test/00_16/00_16_1680259630224_rgb.png,/nas/antoniodetoro/qwen/Qwen-Image-Edit-Angles-2/datos/MultiViewVisibleImagesHPE_Custom/00_17/to_00_16/Step_6_fake_00_16_from_00_17_1680259630224_rgb.png,OK,6.6021251364790325,75.75757575757575,0.9870118572371455,aceptable,18
1680259630525,/nas/antoniodetoro/qwen/Qwen-Image-Edit-Angles-2/datos/MultiViewVisibleImagesHPE_Custom/test/00_16/00_16_1680259630525_rgb.png,/nas/antoniodetoro/qwen/Qwen-Image-Edit-Angles-2/datos/MultiViewVisibleImagesHPE_Custom/00_17/to_00_16/Step_6_fake_00_16_from_00_17_1680259630525_rgb.png,OK,5.532966808183245,81.81818181818183,0.9940849176526894,aceptable,20
1680259630826,/nas/antoniodetoro/qwen/Qwen-Image-Edit-Angles-2/datos/MultiViewVisibleImagesHPE_Custom/test/00_16/00_16_1680259630826_rgb.png,/nas/antoniodetoro/qwen/Qwen-Image-Edit-Angles-2/datos/MultiViewVisibleImagesHPE_Custom/00_17/to_00_16/Step_6_fake_00_16_from_00_17_1680259630826_rgb.png,OK,10.798493855488225,60.60606060606061,0.9728714421695784,crítico,20
1680259631127,/nas/antoniodetoro/qwen/Qwen-Image-Edit-Angles-2/datos/MultiViewVisibleImagesHPE_Custom/test/00_16/00_16_1680259631127_rgb.png,/nas/antoniodetoro/qwen/Qwen-Image-Edit-Angles-2/datos/MultiViewVisibleImagesHPE_Custom/00_17/to_00_16/Step_6_fake_00_16_from_00_17_1680259631127_rgb.png,OK,9.884286536244671,6.0606060606060606,0.9916252947856318,crítico,14
1680259631428,/nas/antoniodetoro/qwen/Qwen-Image-Edit-Angles-2/datos/MultiViewVisibleImagesHPE_Custom/test/00_16/00_16_1680259631428_rgb.png,/nas/antoniodetoro/qwen/Qwen-Image-Edit-Angles-2/datos/MultiViewVisibleImagesHPE_Custom/00_17/to_00_16/Step_6_fake_00_16_from_00_17_1680259631428_rgb.png,OK,2.6064727452053362,96.96969696969697,0.9994668884587125,excelente,28
1680259631729,/nas/antoniodetoro/qwen/Qwen-Image-Edit-Angles-2/datos/MultiViewVisibleImagesHPE_Custom/test/00_16/00_16_1680259631729_rgb.png,/nas/antoniodetoro/qwen/Qwen-Image-Edit-Angles-2/datos/MultiViewVisibleImagesHPE_Custom/00_17/to_00_16/Step_6_fake_00_16_from_00_17_1680259631729_rgb.png,OK,3.185996951073039,93.93939393939394,0.9989079259990153,excelente,12
1680259632030,/nas/antoniodetoro/qwen/Qwen-Image-Edit-Angles-2/datos/MultiViewVisibleImagesHPE_Custom/test/00_16/00_16_1680259632030_rgb.png,/nas/antoniodetoro/qwen/Qwen-Image-Edit-Angles-2/datos/MultiViewVisibleImagesHPE_Custom/00_17/to_00_16/Step_6_fake_00_16_from_00_17_1680259632030_rgb.png,OK,3.2947126541090097,93.93939393939394,0.9988303241708945,excelente,12
1680259632331,/nas/antoniodetoro/qwen/Qwen-Image-Edit-Angles-2/datos/MultiViewVisibleImagesHPE_Custom/test/00_16/00_16_1680259632331_rgb.png,/nas/antoniodetoro/qwen/Qwen-Image-Edit-Angles-2/datos/MultiViewVisibleImagesHPE_Custom/00_17/to_00_16/Step_6_fake_00_16_from_00_17_1680259632331_rgb.png,OK,3.894252049507904,81.81818181818183,0.9984154453338074,aceptable,14
1680259632632,/nas/antoniodetoro/qwen/Qwen-Image-Edit-Angles-2/datos/MultiViewVisibleImagesHPE_Custom/test/00_16/00_16_1680259632632_rgb.png,/nas/antoniodetoro/qwen/Qwen-Image-Edit-Angles-2/datos/MultiViewVisibleImagesHPE_Custom/00_17/to_00_16/Step_6_fake_00_16_from_00_17_1680259632632_rgb.png,OK,4.25044069185048,60.60606060606061,0.9981545568081014,crítico,12
1680259632933,/nas/antoniodetoro/qwen/Qwen-Image-Edit-Angles-2/datos/MultiViewVisibleImagesHPE_Custom/test/00_16/00_16_1680259632933_rgb.png,/nas/antoniodetoro/qwen/Qwen-Image-Edit-Angles-2/datos/MultiViewVisibleImagesHPE_Custom/00_17/to_00_16/Step_6_fake_00_16_from_00_17_1680259632933_rgb.png,OK,3.427442972149983,84.84848484848484,0.9988389782769005,aceptable,14
1680259633234,/nas/antoniodetoro/qwen/Qwen-Image-Edit-Angles-2/datos/MultiViewVisibleImagesHPE_Custom/test/00_16/00_16_1680259633234_rgb.png,/nas/antoniodetoro/qwen/Qwen-Image-Edit-Angles-2/datos/MultiViewVisibleImagesHPE_Custom/00_17/to_00_16/Step_6_fake_00_16_from_00_17_1680259633234_rgb.png,OK,6.155326631902805,36.36363636363637,0.9963478200276502,crítico,19
1680259633535,/nas/antoniodetoro/qwen/Qwen-Image-Edit-Angles-2/datos/MultiViewVisibleImagesHPE_Custom/test/00_16/00_16_1680259633535_rgb.png,/nas/antoniodetoro/qwen/Qwen-Image-Edit-Angles-2/datos/MultiViewVisibleImagesHPE_Custom/00_17/to_00_16/Step_6_fake_00_16_from_00_17_1680259633535_rgb.png,OK,7.168778111285411,36.36363636363637,0.9949670795615998,crítico,13
1680259633836,/nas/antoniodetoro/qwen/Qwen-Image-Edit-Angles-2/datos/MultiViewVisibleImagesHPE_Custom/test/00_16/00_16_1680259633836_rgb.png,/nas/antoniodetoro/qwen/Qwen-Image-Edit-Angles-2/datos/MultiViewVisibleImagesHPE_Custom/00_17/to_00_16/Step_6_fake_00_16_from_00_17_1680259633836_rgb.png,OK,5.750675556224263,42.42424242424242,0.996645431783648,crítico,17
1680259634137,/nas/antoniodetoro/qwen/Qwen-Image-Edit-Angles-2/datos/MultiViewVisibleImagesHPE_Custom/test/00_16/00_16_1680259634137_rgb.png,/nas/antoniodetoro/qwen/Qwen-Image-Edit-Angles-2/datos/MultiViewVisibleImagesHPE_Custom/00_17/to_00_16/Step_6_fake_00_16_from_00_17_1680259634137_rgb.png,OK,6.541705223263679,39.39393939393939,0.9951682313432075,crítico,19
1680259634438,/nas/antoniodetoro/qwen/Qwen-Image-Edit-Angles-2/datos/MultiViewVisibleImagesHPE_Custom/test/00_16/00_16_1680259634438_rgb.png,/nas/antoniodetoro/qwen/Qwen-Image-Edit-Angles-2/datos/MultiViewVisibleImagesHPE_Custom/00_17/to_00_16/Step_6_fake_00_16_from_00_17_1680259634438_rgb.png,OK,7.525783600035337,33.33333333333333,0.9940909734835514,crítico,13
1680259634739,/nas/antoniodetoro/qwen/Qwen-Image-Edit-Angles-2/datos/MultiViewVisibleImagesHPE_Custom/test/00_16/00_16_1680259634739_rgb.png,/nas/antoniodetoro/qwen/Qwen-Image-Edit-Angles-2/datos/MultiViewVisibleImagesHPE_Custom/00_17/to_00_16/Step_6_fake_00_16_from_00_17_1680259634739_rgb.png,OK,4.3234359222632746,51.515151515151516,0.9975581702155699,crítico,21
1680259635040,/nas/antoniodetoro/qwen/Qwen-Image-Edit-Angles-2/datos/MultiViewVisibleImagesHPE_Custom/test/00_16/00_16_1680259635040_rgb.png,/nas/antoniodetoro/qwen/Qwen-Image-Edit-Angles-2/datos/MultiViewVisibleImagesHPE_Custom/00_17/to_00_16/Step_6_fake_00_16_from_00_17_1680259635040_rgb.png,OK,4.660741792848529,54.54545454545454,0.9979328651065534,crítico,12
1680259635341,/nas/antoniodetoro/qwen/Qwen-Image-Edit-Angles-2/datos/MultiViewVisibleImagesHPE_Custom/test/00_16/00_16_1680259635341_rgb.png,/nas/antoniodetoro/qwen/Qwen-Image-Edit-Angles-2/datos/MultiViewVisibleImagesHPE_Custom/00_17/to_00_16/Step_6_fake_00_16_from_00_17_1680259635341_rgb.png,OK,3.6823234101015796,87.87878787878788,0.9985447350693775,aceptable,14
1680259635643,/nas/antoniodetoro/qwen/Qwen-Image-Edit-Angles-2/datos/MultiViewVisibleImagesHPE_Custom/test/00_16/00_16_1680259635643_rgb.png,/nas/antoniodetoro/qwen/Qwen-Image-Edit-Angles-2/datos/MultiViewVisibleImagesHPE_Custom/00_17/to_00_16/Step_6_fake_00_16_from_00_17_1680259635643_rgb.png,OK,3.7353175526828992,69.6969696969697,0.9983628379575811,crítico,14
1680259635943,/nas/antoniodetoro/qwen/Qwen-Image-Edit-Angles-2/datos/MultiViewVisibleImagesHPE_Custom/test/00_16/00_16_1680259635943_rgb.png,/nas/antoniodetoro/qwen/Qwen-Image-Edit-Angles-2/datos/MultiViewVisibleImagesHPE_Custom/00_17/to_00_16/Step_6_fake_00_16_from_00_17_1680259635943_rgb.png,OK,3.957019507121386,72.72727272727273,0.9983415024508369,aceptable,12
1680259636244,/nas/antoniodetoro/qwen/Qwen-Image-Edit-Angles-2/datos/MultiViewVisibleImagesHPE_Custom/test/00_16/00_16_1680259636244_rgb.png,/nas/antoniodetoro/qwen/Qwen-Image-Edit-Angles-2/datos/MultiViewVisibleImagesHPE_Custom/00_17/to_00_16/Step_6_fake_00_16_from_00_17_1680259636244_rgb.png,OK,3.749678522546183,90.9090909090909,0.9985753621594894,excelente,12
1680259636545,/nas/antoniodetoro/qwen/Qwen-Image-Edit-Angles-2/datos/MultiViewVisibleImagesHPE_Custom/test/00_16/00_16_1680259636545_rgb.png,/nas/antoniodetoro/qwen/Qwen-Image-Edit-Angles-2/datos/MultiViewVisibleImagesHPE_Custom/00_17/to_00_16/Step_6_fake_00_16_from_00_17_1680259636545_rgb.png,OK,4.668159377432999,63.63636363636363,0.9973965648005376,crítico,18
1680259636846,/nas/antoniodetoro/qwen/Qwen-Image-Edit-Angles-2/datos/MultiViewVisibleImagesHPE_Custom/test/00_16/00_16_1680259636846_rgb.png,/nas/antoniodetoro/qwen/Qwen-Image-Edit-Angles-2/datos/MultiViewVisibleImagesHPE_Custom/00_17/to_00_16/Step_6_fake_00_16_from_00_17_1680259636846_rgb.png,OK,4.858423191168968,48.484848484848484,0.9968902110308108,crítico,18
1680259637147,/nas/antoniodetoro/qwen/Qwen-Image-Edit-Angles-2/datos/MultiViewVisibleImagesHPE_Custom/test/00_16/00_16_1680259637147_rgb.png,/nas/antoniodetoro/qwen/Qwen-Image-Edit-Angles-2/datos/MultiViewVisibleImagesHPE_Custom/00_17/to_00_16/Step_6_fake_00_16_from_00_17_1680259637147_rgb.png,OK,6.326970835348701,39.39393939393939,0.9949548235407354,crítico,19
1680259637448,/nas/antoniodetoro/qwen/Qwen-Image-Edit-Angles-2/datos/MultiViewVisibleImagesHPE_Custom/test/00_16/00_16_1680259637448_rgb.png,/nas/antoniodetoro/qwen/Qwen-Image-Edit-Angles-2/datos/MultiViewVisibleImagesHPE_Custom/00_17/to_00_16/Step_6_fake_00_16_from_00_17_1680259637448_rgb.png,OK,7.39997490619281,36.36363636363637,0.9939583783980446,crítico,19
1680259637749,/nas/antoniodetoro/qwen/Qwen-Image-Edit-Angles-2/datos/MultiViewVisibleImagesHPE_Custom/test/00_16/00_16_1680259637749_rgb.png,/nas/antoniodetoro/qwen/Qwen-Image-Edit-Angles-2/datos/MultiViewVisibleImagesHPE_Custom/00_17/to_00_16/Step_6_fake_00_16_from_00_17_1680259637749_rgb.png,OK,6.483847701318868,39.39393939393939,0.9949911863765707,crítico,17
1680259638051,/nas/antoniodetoro/qwen/Qwen-Image-Edit-Angles-2/datos/MultiViewVisibleImagesHPE_Custom/test/00_16/00_16_1680259638051_rgb.png,/nas/antoniodetoro/qwen/Qwen-Image-Edit-Angles-2/datos/MultiViewVisibleImagesHPE_Custom/00_17/to_00_16/Step_6_fake_00_16_from_00_17_1680259638051_rgb.png,OK,7.307447681873468,33.33333333333333,0.9946612924258733,crítico,19
1680259638352,/nas/antoniodetoro/qwen/Qwen-Image-Edit-Angles-2/datos/MultiViewVisibleImagesHPE_Custom/test/00_16/00_16_1680259638352_rgb.png,/nas/antoniodetoro/qwen/Qwen-Image-Edit-Angles-2/datos/MultiViewVisibleImagesHPE_Custom/00_17/to_00_16/Step_6_fake_00_16_from_00_17_1680259638352_rgb.png,OK,5.466704535686605,48.484848484848484,0.9960065901485899,crítico,18
1680259638653,/nas/antoniodetoro/qwen/Qwen-Image-Edit-Angles-2/datos/MultiViewVisibleImagesHPE_Custom/test/00_16/00_16_1680259638653_rgb.png,/nas/antoniodetoro/qwen/Qwen-Image-Edit-Angles-2/datos/MultiViewVisibleImagesHPE_Custom/00_17/to_00_16/Step_6_fake_00_16_from_00_17_1680259638653_rgb.png,OK,4.02970716094147,75.75757575757575,0.998286623303125,aceptable,14
1680259638954,/nas/antoniodetoro/qwen/Qwen-Image-Edit-Angles-2/datos/MultiViewVisibleImagesHPE_Custom/test/00_16/00_16_1680259638954_rgb.png,/nas/antoniodetoro/qwen/Qwen-Image-Edit-Angles-2/datos/MultiViewVisibleImagesHPE_Custom/00_17/to_00_16/Step_6_fake_00_16_from_00_17_1680259638954_rgb.png,OK,3.480743584980939,90.9090909090909,0.9987677353511565,excelente,12
1680259639255,/nas/antoniodetoro/qwen/Qwen-Image-Edit-Angles-2/datos/MultiViewVisibleImagesHPE_Custom/test/00_16/00_16_1680259639255_rgb.png,/nas/antoniodetoro/qwen/Qwen-Image-Edit-Angles-2/datos/MultiViewVisibleImagesHPE_Custom/00_17/to_00_16/Step_6_fake_00_16_from_00_17_1680259639255_rgb.png,OK,4.196303466829554,54.54545454545454,0.9981106185685712,crítico,14
1680259639556,/nas/antoniodetoro/qwen/Qwen-Image-Edit-Angles-2/datos/MultiViewVisibleImagesHPE_Custom/test/00_16/00_16_1680259639556_rgb.png,/nas/antoniodetoro/qwen/Qwen-Image-Edit-Angles-2/datos/MultiViewVisibleImagesHPE_Custom/00_17/to_00_16/Step_6_fake_00_16_from_00_17_1680259639556_rgb.png,OK,3.835024815941699,81.81818181818183,0.9983754954298486,aceptable,12
1680259639857,/nas/antoniodetoro/qwen/Qwen-Image-Edit-Angles-2/datos/MultiViewVisibleImagesHPE_Custom/test/00_16/00_16_1680259639857_rgb.png,/nas/antoniodetoro/qwen/Qwen-Image-Edit-Angles-2/datos/MultiViewVisibleImagesHPE_Custom/00_17/to_00_16/Step_6_fake_00_16_from_00_17_1680259639857_rgb.png,OK,4.322855199614973,63.63636363636363,0.9981180675187836,crítico,14
1680259640158,/nas/antoniodetoro/qwen/Qwen-Image-Edit-Angles-2/datos/MultiViewVisibleImagesHPE_Custom/test/00_16/00_16_1680259640158_rgb.png,/nas/antoniodetoro/qwen/Qwen-Image-Edit-Angles-2/datos/MultiViewVisibleImagesHPE_Custom/00_17/to_00_16/Step_6_fake_00_16_from_00_17_1680259640158_rgb.png,OK,6.446655753188267,36.36363636363637,0.9956523485311449,crítico,18
1680259640459,/nas/antoniodetoro/qwen/Qwen-Image-Edit-Angles-2/datos/MultiViewVisibleImagesHPE_Custom/test/00_16/00_16_1680259640459_rgb.png,/nas/antoniodetoro/qwen/Qwen-Image-Edit-Angles-2/datos/MultiViewVisibleImagesHPE_Custom/00_17/to_00_16/Step_6_fake_00_16_from_00_17_1680259640459_rgb.png,OK,3.65101277519005,81.81818181818183,0.9984538214516586,aceptable,14
1680259641664,/nas/antoniodetoro/qwen/Qwen-Image-Edit-Angles-2/datos/MultiViewVisibleImagesHPE_Custom/test/00_16/00_16_1680259641664_rgb.png,/nas/antoniodetoro/qwen/Qwen-Image-Edit-Angles-2/datos/MultiViewVisibleImagesHPE_Custom/00_17/to_00_16/Step_6_fake_00_16_from_00_17_1680259641664_rgb.png,OK,8.858149443109735,27.27272727272727,0.9901690721529689,crítico,17
1680259641965,/nas/antoniodetoro/qwen/Qwen-Image-Edit-Angles-2/datos/MultiViewVisibleImagesHPE_Custom/test/00_16/00_16_1680259641965_rgb.png,/nas/antoniodetoro/qwen/Qwen-Image-Edit-Angles-2/datos/MultiViewVisibleImagesHPE_Custom/00_17/to_00_16/Step_6_fake_00_16_from_00_17_1680259641965_rgb.png,OK,3.229144437583067,93.93939393939394,0.9989152379325953,excelente,13
1680259642266,/nas/antoniodetoro/qwen/Qwen-Image-Edit-Angles-2/datos/MultiViewVisibleImagesHPE_Custom/test/00_16/00_16_1680259642266_rgb.png,/nas/antoniodetoro/qwen/Qwen-Image-Edit-Angles-2/datos/MultiViewVisibleImagesHPE_Custom/00_17/to_00_16/Step_6_fake_00_16_from_00_17_1680259642266_rgb.png,OK,5.845167129608602,75.75757575757575,0.9938468670214987,aceptable,19
1680259642567,/nas/antoniodetoro/qwen/Qwen-Image-Edit-Angles-2/datos/MultiViewVisibleImagesHPE_Custom/test/00_16/00_16_1680259642567_rgb.png,/nas/antoniodetoro/qwen/Qwen-Image-Edit-Angles-2/datos/MultiViewVisibleImagesHPE_Custom/00_17/to_00_16/Step_6_fake_00_16_from_00_17_1680259642567_rgb.png,OK,2.9465083946708357,84.84848484848484,0.9988628337413538,aceptable,17
1680259642868,/nas/antoniodetoro/qwen/Qwen-Image-Edit-Angles-2/datos/MultiViewVisibleImagesHPE_Custom/test/00_16/00_16_1680259642868_rgb.png,/nas/antoniodetoro/qwen/Qwen-Image-Edit-Angles-2/datos/MultiViewVisibleImagesHPE_Custom/00_17/to_00_16/Step_6_fake_00_16_from_00_17_1680259642868_rgb.png,OK,3.2712661420836837,90.9090909090909,0.9989552899041554,excelente,15
1680259643169,/nas/antoniodetoro/qwen/Qwen-Image-Edit-Angles-2/datos/MultiViewVisibleImagesHPE_Custom/test/00_16/00_16_1680259643169_rgb.png,/nas/antoniodetoro/qwen/Qwen-Image-Edit-Angles-2/datos/MultiViewVisibleImagesHPE_Custom/00_17/to_00_16/Step_6_fake_00_16_from_00_17_1680259643169_rgb.png,OK,3.3018531535559115,87.87878787878788,0.9986519915838958,aceptable,19
1680259643470,/nas/antoniodetoro/qwen/Qwen-Image-Edit-Angles-2/datos/MultiViewVisibleImagesHPE_Custom/test/00_16/00_16_1680259643470_rgb.png,/nas/antoniodetoro/qwen/Qwen-Image-Edit-Angles-2/datos/MultiViewVisibleImagesHPE_Custom/00_17/to_00_16/Step_6_fake_00_16_from_00_17_1680259643470_rgb.png,OK,4.410469258922659,60.60606060606061,0.9978912235167383,crítico,19
1680259643771,/nas/antoniodetoro/qwen/Qwen-Image-Edit-Angles-2/datos/MultiViewVisibleImagesHPE_Custom/test/00_16/00_16_1680259643771_rgb.png,/nas/antoniodetoro/qwen/Qwen-Image-Edit-Angles-2/datos/MultiViewVisibleImagesHPE_Custom/00_17/to_00_16/Step_6_fake_00_16_from_00_17_1680259643771_rgb.png,OK,4.734283751700693,57.57575757575758,0.9978769713085515,crítico,16
1680259644072,/nas/antoniodetoro/qwen/Qwen-Image-Edit-Angles-2/datos/MultiViewVisibleImagesHPE_Custom/test/00_16/00_16_1680259644072_rgb.png,/nas/antoniodetoro/qwen/Qwen-Image-Edit-Angles-2/datos/MultiViewVisibleImagesHPE_Custom/00_17/to_00_16/Step_6_fake_00_16_from_00_17_1680259644072_rgb.png,OK,3.5084335309514687,84.84848484848484,0.9984174842229796,aceptable,16
1680259645577,/nas/antoniodetoro/qwen/Qwen-Image-Edit-Angles-2/datos/MultiViewVisibleImagesHPE_Custom/test/00_16/00_16_1680259645577_rgb.png,/nas/antoniodetoro/qwen/Qwen-Image-Edit-Angles-2/datos/MultiViewVisibleImagesHPE_Custom/00_17/to_00_16/Step_6_fake_00_16_from_00_17_1680259645577_rgb.png,OK,5.1838627980123135,60.60606060606061,0.9976816408337924,crítico,22
1680259645878,/nas/antoniodetoro/qwen/Qwen-Image-Edit-Angles-2/datos/MultiViewVisibleImagesHPE_Custom/test/00_16/00_16_1680259645878_rgb.png,/nas/antoniodetoro/qwen/Qwen-Image-Edit-Angles-2/datos/MultiViewVisibleImagesHPE_Custom/00_17/to_00_16/Step_6_fake_00_16_from_00_17_1680259645878_rgb.png,OK,4.848053756295192,69.6969696969697,0.9973111744706669,crítico,21
1680259646179,/nas/antoniodetoro/qwen/Qwen-Image-Edit-Angles-2/datos/MultiViewVisibleImagesHPE_Custom/test/00_16/00_16_1680259646179_rgb.png,/nas/antoniodetoro/qwen/Qwen-Image-Edit-Angles-2/datos/MultiViewVisibleImagesHPE_Custom/00_17/to_00_16/Step_6_fake_00_16_from_00_17_1680259646179_rgb.png,OK,3.393147396311559,87.87878787878788,0.9989201214495882,aceptable,21
1680259646481,/nas/antoniodetoro/qwen/Qwen-Image-Edit-Angles-2/datos/MultiViewVisibleImagesHPE_Custom/test/00_16/00_16_1680259646481_rgb.png,/nas/antoniodetoro/qwen/Qwen-Image-Edit-Angles-2/datos/MultiViewVisibleImagesHPE_Custom/00_17/to_00_16/Step_6_fake_00_16_from_00_17_1680259646481_rgb.png,OK,3.032453899099787,96.96969696969697,0.9989537535741406,excelente,17
1680259646782,/nas/antoniodetoro/qwen/Qwen-Image-Edit-Angles-2/datos/MultiViewVisibleImagesHPE_Custom/test/00_16/00_16_1680259646782_rgb.png,/nas/antoniodetoro/qwen/Qwen-Image-Edit-Angles-2/datos/MultiViewVisibleImagesHPE_Custom/00_17/to_00_16/Step_6_fake_00_16_from_00_17_1680259646782_rgb.png,OK,2.7095071555244714,87.87878787878788,0.9990866411831348,aceptable,17
1680259647083,/nas/antoniodetoro/qwen/Qwen-Image-Edit-Angles-2/datos/MultiViewVisibleImagesHPE_Custom/test/00_16/00_16_1680259647083_rgb.png,/nas/antoniodetoro/qwen/Qwen-Image-Edit-Angles-2/datos/MultiViewVisibleImagesHPE_Custom/00_17/to_00_16/Step_6_fake_00_16_from_00_17_1680259647083_rgb.png,OK,2.652694589842321,90.9090909090909,0.9991483382139876,excelente,17
1680259647384,/nas/antoniodetoro/qwen/Qwen-Image-Edit-Angles-2/datos/MultiViewVisibleImagesHPE_Custom/test/00_16/00_16_1680259647384_rgb.png,/nas/antoniodetoro/qwen/Qwen-Image-Edit-Angles-2/datos/MultiViewVisibleImagesHPE_Custom/00_17/to_00_16/Step_6_fake_00_16_from_00_17_1680259647384_rgb.png,OK,3.6536654009846887,75.75757575757575,0.9985572865445447,aceptable,17
1680259647686,/nas/antoniodetoro/qwen/Qwen-Image-Edit-Angles-2/datos/MultiViewVisibleImagesHPE_Custom/test/00_16/00_16_1680259647686_rgb.png,/nas/antoniodetoro/qwen/Qwen-Image-Edit-Angles-2/datos/MultiViewVisibleImagesHPE_Custom/00_17/to_00_16/Step_6_fake_00_16_from_00_17_1680259647686_rgb.png,OK,2.5165480637732034,87.87878787878788,0.9991814514337675,aceptable,17
1680259647987,/nas/antoniodetoro/qwen/Qwen-Image-Edit-Angles-2/datos/MultiViewVisibleImagesHPE_Custom/test/00_16/00_16_1680259647987_rgb.png,/nas/antoniodetoro/qwen/Qwen-Image-Edit-Angles-2/datos/MultiViewVisibleImagesHPE_Custom/00_17/to_00_16/Step_6_fake_00_16_from_00_17_1680259647987_rgb.png,OK,3.170859956241235,78.78787878787878,0.9986655607227762,aceptable,17
1680259648288,/nas/antoniodetoro/qwen/Qwen-Image-Edit-Angles-2/datos/MultiViewVisibleImagesHPE_Custom/test/00_16/00_16_1680259648288_rgb.png,/nas/antoniodetoro/qwen/Qwen-Image-Edit-Angles-2/datos/MultiViewVisibleImagesHPE_Custom/00_17/to_00_16/Step_6_fake_00_16_from_00_17_1680259648288_rgb.png,OK,4.945264482293143,72.72727272727273,0.9946994371265764,aceptable,19
1680259648589,/nas/antoniodetoro/qwen/Qwen-Image-Edit-Angles-2/datos/MultiViewVisibleImagesHPE_Custom/test/00_16/00_16_1680259648589_rgb.png,/nas/antoniodetoro/qwen/Qwen-Image-Edit-Angles-2/datos/MultiViewVisibleImagesHPE_Custom/00_17/to_00_16/Step_6_fake_00_16_from_00_17_1680259648589_rgb.png,OK,3.98592077010507,72.72727272727273,0.9975517623035147,aceptable,18
1680259648890,/nas/antoniodetoro/qwen/Qwen-Image-Edit-Angles-2/datos/MultiViewVisibleImagesHPE_Custom/test/00_16/00_16_1680259648890_rgb.png,/nas/antoniodetoro/qwen/Qwen-Image-Edit-Angles-2/datos/MultiViewVisibleImagesHPE_Custom/00_17/to_00_16/Step_6_fake_00_16_from_00_17_1680259648890_rgb.png,OK,7.48859830466223,78.78787878787878,0.9831735500132027,aceptable,20
1680259649191,/nas/antoniodetoro/qwen/Qwen-Image-Edit-Angles-2/datos/MultiViewVisibleImagesHPE_Custom/test/00_16/00_16_1680259649191_rgb.png,/nas/antoniodetoro/qwen/Qwen-Image-Edit-Angles-2/datos/MultiViewVisibleImagesHPE_Custom/00_17/to_00_16/Step_6_fake_00_16_from_00_17_1680259649191_rgb.png,OK,5.935671257070271,63.63636363636363,0.9927772941453267,crítico,20
1680259649492,/nas/antoniodetoro/qwen/Qwen-Image-Edit-Angles-2/datos/MultiViewVisibleImagesHPE_Custom/test/00_16/00_16_1680259649492_rgb.png,/nas/antoniodetoro/qwen/Qwen-Image-Edit-Angles-2/datos/MultiViewVisibleImagesHPE_Custom/00_17/to_00_16/Step_6_fake_00_16_from_00_17_1680259649492_rgb.png,OK,6.559730379129024,63.63636363636363,0.9912745842870005,crítico,18
1680259649793,/nas/antoniodetoro/qwen/Qwen-Image-Edit-Angles-2/datos/MultiViewVisibleImagesHPE_Custom/test/00_16/00_16_1680259649793_rgb.png,/nas/antoniodetoro/qwen/Qwen-Image-Edit-Angles-2/datos/MultiViewVisibleImagesHPE_Custom/00_17/to_00_16/Step_6_fake_00_16_from_00_17_1680259649793_rgb.png,OK,6.81549245994357,66.66666666666666,0.9889625742886569,crítico,18
1680259650094,/nas/antoniodetoro/qwen/Qwen-Image-Edit-Angles-2/datos/MultiViewVisibleImagesHPE_Custom/test/00_16/00_16_1680259650094_rgb.png,/nas/antoniodetoro/qwen/Qwen-Image-Edit-Angles-2/datos/MultiViewVisibleImagesHPE_Custom/00_17/to_00_16/Step_6_fake_00_16_from_00_17_1680259650094_rgb.png,OK,4.599706745511483,66.66666666666666,0.9972970078720671,crítico,18
1680259650395,/nas/antoniodetoro/qwen/Qwen-Image-Edit-Angles-2/datos/MultiViewVisibleImagesHPE_Custom/test/00_16/00_16_1680259650395_rgb.png,/nas/antoniodetoro/qwen/Qwen-Image-Edit-Angles-2/datos/MultiViewVisibleImagesHPE_Custom/00_17/to_00_16/Step_6_fake_00_16_from_00_17_1680259650395_rgb.png,OK,5.041044699154175,45.45454545454545,0.9981079909274495,crítico,12
1680259650696,/nas/antoniodetoro/qwen/Qwen-Image-Edit-Angles-2/datos/MultiViewVisibleImagesHPE_Custom/test/00_16/00_16_1680259650696_rgb.png,/nas/antoniodetoro/qwen/Qwen-Image-Edit-Angles-2/datos/MultiViewVisibleImagesHPE_Custom/00_17/to_00_16/Step_6_fake_00_16_from_00_17_1680259650696_rgb.png,OK,3.08205771944933,96.96969696969697,0.9991350450188917,excelente,12
1680259650997,/nas/antoniodetoro/qwen/Qwen-Image-Edit-Angles-2/datos/MultiViewVisibleImagesHPE_Custom/test/00_16/00_16_1680259650997_rgb.png,/nas/antoniodetoro/qwen/Qwen-Image-Edit-Angles-2/datos/MultiViewVisibleImagesHPE_Custom/00_17/to_00_16/Step_6_fake_00_16_from_00_17_1680259650997_rgb.png,OK,3.528662623781857,84.84848484848484,0.9991136729836794,aceptable,12
1680259651298,/nas/antoniodetoro/qwen/Qwen-Image-Edit-Angles-2/datos/MultiViewVisibleImagesHPE_Custom/test/00_16/00_16_1680259651298_rgb.png,/nas/antoniodetoro/qwen/Qwen-Image-Edit-Angles-2/datos/MultiViewVisibleImagesHPE_Custom/00_17/to_00_16/Step_6_fake_00_16_from_00_17_1680259651298_rgb.png,OK,2.4048188553997627,100.0,0.9993411923180354,excelente,24
1680259651600,/nas/antoniodetoro/qwen/Qwen-Image-Edit-Angles-2/datos/MultiViewVisibleImagesHPE_Custom/test/00_16/00_16_1680259651600_rgb.png,/nas/antoniodetoro/qwen/Qwen-Image-Edit-Angles-2/datos/MultiViewVisibleImagesHPE_Custom/00_17/to_00_16/Step_6_fake_00_16_from_00_17_1680259651600_rgb.png,OK,2.7177379901290606,96.96969696969697,0.9992111213977225,excelente,24
1680259651901,/nas/antoniodetoro/qwen/Qwen-Image-Edit-Angles-2/datos/MultiViewVisibleImagesHPE_Custom/test/00_16/00_16_1680259651901_rgb.png,/nas/antoniodetoro/qwen/Qwen-Image-Edit-Angles-2/datos/MultiViewVisibleImagesHPE_Custom/00_17/to_00_16/Step_6_fake_00_16_from_00_17_1680259651901_rgb.png,OK,3.0084677646736395,78.78787878787878,0.9987361866177363,aceptable,23
1680259652202,/nas/antoniodetoro/qwen/Qwen-Image-Edit-Angles-2/datos/MultiViewVisibleImagesHPE_Custom/test/00_16/00_16_1680259652202_rgb.png,/nas/antoniodetoro/qwen/Qwen-Image-Edit-Angles-2/datos/MultiViewVisibleImagesHPE_Custom/00_17/to_00_16/Step_6_fake_00_16_from_00_17_1680259652202_rgb.png,OK,7.394003979187507,63.63636363636363,0.9854223494525091,crítico,18
1680259652804,/nas/antoniodetoro/qwen/Qwen-Image-Edit-Angles-2/datos/MultiViewVisibleImagesHPE_Custom/test/00_16/00_16_1680259652804_rgb.png,/nas/antoniodetoro/qwen/Qwen-Image-Edit-Angles-2/datos/MultiViewVisibleImagesHPE_Custom/00_17/to_00_16/Step_6_fake_00_16_from_00_17_1680259652804_rgb.png,OK,8.035073714661474,48.484848484848484,0.9880347334893401,crítico,20
1680259653105,/nas/antoniodetoro/qwen/Qwen-Image-Edit-Angles-2/datos/MultiViewVisibleImagesHPE_Custom/test/00_16/00_16_1680259653105_rgb.png,/nas/antoniodetoro/qwen/Qwen-Image-Edit-Angles-2/datos/MultiViewVisibleImagesHPE_Custom/00_17/to_00_16/Step_6_fake_00_16_from_00_17_1680259653105_rgb.png,OK,8.890624830866841,36.36363636363637,0.9881619582977204,crítico,20
1680259653406,/nas/antoniodetoro/qwen/Qwen-Image-Edit-Angles-2/datos/MultiViewVisibleImagesHPE_Custom/test/00_16/00_16_1680259653406_rgb.png,/nas/antoniodetoro/qwen/Qwen-Image-Edit-Angles-2/datos/MultiViewVisibleImagesHPE_Custom/00_17/to_00_16/Step_6_fake_00_16_from_00_17_1680259653406_rgb.png,OK,5.7312207061876626,36.36363636363637,0.9968321427967876,crítico,20
1680259653707,/nas/antoniodetoro/qwen/Qwen-Image-Edit-Angles-2/datos/MultiViewVisibleImagesHPE_Custom/test/00_16/00_16_1680259653707_rgb.png,/nas/antoniodetoro/qwen/Qwen-Image-Edit-Angles-2/datos/MultiViewVisibleImagesHPE_Custom/00_17/to_00_16/Step_6_fake_00_16_from_00_17_1680259653707_rgb.png,OK,7.985106025903105,45.45454545454545,0.988505937290626,crítico,20
1680259654008,/nas/antoniodetoro/qwen/Qwen-Image-Edit-Angles-2/datos/MultiViewVisibleImagesHPE_Custom/test/00_16/00_16_1680259654008_rgb.png,/nas/antoniodetoro/qwen/Qwen-Image-Edit-Angles-2/datos/MultiViewVisibleImagesHPE_Custom/00_17/to_00_16/Step_6_fake_00_16_from_00_17_1680259654008_rgb.png,OK,8.610916605882558,45.45454545454545,0.9829963002116955,crítico,20
1680259654308,/nas/antoniodetoro/qwen/Qwen-Image-Edit-Angles-2/datos/MultiViewVisibleImagesHPE_Custom/test/00_16/00_16_1680259654308_rgb.png,/nas/antoniodetoro/qwen/Qwen-Image-Edit-Angles-2/datos/MultiViewVisibleImagesHPE_Custom/00_17/to_00_16/Step_6_fake_00_16_from_00_17_1680259654308_rgb.png,OK,8.36723091612518,48.484848484848484,0.9796669314774501,crítico,20
1680259654609,/nas/antoniodetoro/qwen/Qwen-Image-Edit-Angles-2/datos/MultiViewVisibleImagesHPE_Custom/test/00_16/00_16_1680259654609_rgb.png,/nas/antoniodetoro/qwen/Qwen-Image-Edit-Angles-2/datos/MultiViewVisibleImagesHPE_Custom/00_17/to_00_16/Step_6_fake_00_16_from_00_17_1680259654609_rgb.png,OK,4.5002918377439185,69.6969696969697,0.9981116357852516,crítico,20
1680259654911,/nas/antoniodetoro/qwen/Qwen-Image-Edit-Angles-2/datos/MultiViewVisibleImagesHPE_Custom/test/00_16/00_16_1680259654911_rgb.png,/nas/antoniodetoro/qwen/Qwen-Image-Edit-Angles-2/datos/MultiViewVisibleImagesHPE_Custom/00_17/to_00_16/Step_6_fake_00_16_from_00_17_1680259654911_rgb.png,OK,3.5436982023567496,87.87878787878788,0.998904830415792,aceptable,12
1680259655212,/nas/antoniodetoro/qwen/Qwen-Image-Edit-Angles-2/datos/MultiViewVisibleImagesHPE_Custom/test/00_16/00_16_1680259655212_rgb.png,/nas/antoniodetoro/qwen/Qwen-Image-Edit-Angles-2/datos/MultiViewVisibleImagesHPE_Custom/00_17/to_00_16/Step_6_fake_00_16_from_00_17_1680259655212_rgb.png,OK,4.162860644013712,84.84848484848484,0.9962138486923819,aceptable,19
1680259655513,/nas/antoniodetoro/qwen/Qwen-Image-Edit-Angles-2/datos/MultiViewVisibleImagesHPE_Custom/test/00_16/00_16_1680259655513_rgb.png,/nas/antoniodetoro/qwen/Qwen-Image-Edit-Angles-2/datos/MultiViewVisibleImagesHPE_Custom/00_17/to_00_16/Step_6_fake_00_16_from_00_17_1680259655513_rgb.png,OK,6.803280766723369,75.75757575757575,0.9911366740115372,aceptable,19
1680259655814,/nas/antoniodetoro/qwen/Qwen-Image-Edit-Angles-2/datos/MultiViewVisibleImagesHPE_Custom/test/00_16/00_16_1680259655814_rgb.png,/nas/antoniodetoro/qwen/Qwen-Image-Edit-Angles-2/datos/MultiViewVisibleImagesHPE_Custom/00_17/to_00_16/Step_6_fake_00_16_from_00_17_1680259655814_rgb.png,OK,6.221199520243218,72.72727272727273,0.9923783783354336,aceptable,19
1680259656115,/nas/antoniodetoro/qwen/Qwen-Image-Edit-Angles-2/datos/MultiViewVisibleImagesHPE_Custom/test/00_16/00_16_1680259656115_rgb.png,/nas/antoniodetoro/qwen/Qwen-Image-Edit-Angles-2/datos/MultiViewVisibleImagesHPE_Custom/00_17/to_00_16/Step_6_fake_00_16_from_00_17_1680259656115_rgb.png,OK,3.6467919190802442,87.87878787878788,0.9987131395810018,aceptable,20
1680259656416,/nas/antoniodetoro/qwen/Qwen-Image-Edit-Angles-2/datos/MultiViewVisibleImagesHPE_Custom/test/00_16/00_16_1680259656416_rgb.png,/nas/antoniodetoro/qwen/Qwen-Image-Edit-Angles-2/datos/MultiViewVisibleImagesHPE_Custom/00_17/to_00_16/Step_6_fake_00_16_from_00_17_1680259656416_rgb.png,OK,2.761068823620027,96.96969696969697,0.9992224436747803,excelente,30
1680259656717,/nas/antoniodetoro/qwen/Qwen-Image-Edit-Angles-2/datos/MultiViewVisibleImagesHPE_Custom/test/00_16/00_16_1680259656717_rgb.png,/nas/antoniodetoro/qwen/Qwen-Image-Edit-Angles-2/datos/MultiViewVisibleImagesHPE_Custom/00_17/to_00_16/Step_6_fake_00_16_from_00_17_1680259656717_rgb.png,OK,4.168059659473843,69.6969696969697,0.9981156936323814,crítico,19
1680259657018,/nas/antoniodetoro/qwen/Qwen-Image-Edit-Angles-2/datos/MultiViewVisibleImagesHPE_Custom/test/00_16/00_16_1680259657018_rgb.png,/nas/antoniodetoro/qwen/Qwen-Image-Edit-Angles-2/datos/MultiViewVisibleImagesHPE_Custom/00_17/to_00_16/Step_6_fake_00_16_from_00_17_1680259657018_rgb.png,OK,3.334851060974054,96.96969696969697,0.9989600730427383,excelente,18
1680259657319,/nas/antoniodetoro/qwen/Qwen-Image-Edit-Angles-2/datos/MultiViewVisibleImagesHPE_Custom/test/00_16/00_16_1680259657319_rgb.png,/nas/antoniodetoro/qwen/Qwen-Image-Edit-Angles-2/datos/MultiViewVisibleImagesHPE_Custom/00_17/to_00_16/Step_6_fake_00_16_from_00_17_1680259657319_rgb.png,OK,3.2405367518150645,96.96969696969697,0.9989994938813646,excelente,20
1680259657622,/nas/antoniodetoro/qwen/Qwen-Image-Edit-Angles-2/datos/MultiViewVisibleImagesHPE_Custom/test/00_16/00_16_1680259657622_rgb.png,/nas/antoniodetoro/qwen/Qwen-Image-Edit-Angles-2/datos/MultiViewVisibleImagesHPE_Custom/00_17/to_00_16/Step_6_fake_00_16_from_00_17_1680259657622_rgb.png,OK,4.14680289772242,81.81818181818183,0.9957668132989951,aceptable,19
1680259657923,/nas/antoniodetoro/qwen/Qwen-Image-Edit-Angles-2/datos/MultiViewVisibleImagesHPE_Custom/test/00_16/00_16_1680259657923_rgb.png,/nas/antoniodetoro/qwen/Qwen-Image-Edit-Angles-2/datos/MultiViewVisibleImagesHPE_Custom/00_17/to_00_16/Step_6_fake_00_16_from_00_17_1680259657923_rgb.png,OK,3.564320425203864,84.84848484848484,0.9984362399080807,aceptable,19
1680259658224,/nas/antoniodetoro/qwen/Qwen-Image-Edit-Angles-2/datos/MultiViewVisibleImagesHPE_Custom/test/00_16/00_16_1680259658224_rgb.png,/nas/antoniodetoro/qwen/Qwen-Image-Edit-Angles-2/datos/MultiViewVisibleImagesHPE_Custom/00_17/to_00_16/Step_6_fake_00_16_from_00_17_1680259658224_rgb.png,OK,5.900795461912373,54.54545454545454,0.9954735311187906,crítico,19
1680259658526,/nas/antoniodetoro/qwen/Qwen-Image-Edit-Angles-2/datos/MultiViewVisibleImagesHPE_Custom/test/00_16/00_16_1680259658526_rgb.png,/nas/antoniodetoro/qwen/Qwen-Image-Edit-Angles-2/datos/MultiViewVisibleImagesHPE_Custom/00_17/to_00_16/Step_6_fake_00_16_from_00_17_1680259658526_rgb.png,OK,5.831488133312711,36.36363636363637,0.9966026402950613,crítico,29
1680259658827,/nas/antoniodetoro/qwen/Qwen-Image-Edit-Angles-2/datos/MultiViewVisibleImagesHPE_Custom/test/00_16/00_16_1680259658827_rgb.png,/nas/antoniodetoro/qwen/Qwen-Image-Edit-Angles-2/datos/MultiViewVisibleImagesHPE_Custom/00_17/to_00_16/Step_6_fake_00_16_from_00_17_1680259658827_rgb.png,OK,6.158769548737904,36.36363636363637,0.9963594294068465,crítico,30
1680259659128,/nas/antoniodetoro/qwen/Qwen-Image-Edit-Angles-2/datos/MultiViewVisibleImagesHPE_Custom/test/00_16/00_16_1680259659128_rgb.png,/nas/antoniodetoro/qwen/Qwen-Image-Edit-Angles-2/datos/MultiViewVisibleImagesHPE_Custom/00_17/to_00_16/Step_6_fake_00_16_from_00_17_1680259659128_rgb.png,OK,10.261494247835397,48.484848484848484,0.9847159072426888,crítico,19
1680259659429,/nas/antoniodetoro/qwen/Qwen-Image-Edit-Angles-2/datos/MultiViewVisibleImagesHPE_Custom/test/00_16/00_16_1680259659429_rgb.png,/nas/antoniodetoro/qwen/Qwen-Image-Edit-Angles-2/datos/MultiViewVisibleImagesHPE_Custom/00_17/to_00_16/Step_6_fake_00_16_from_00_17_1680259659429_rgb.png,OK,10.651256550197758,12.121212121212121,0.9869549082456655,crítico,19
1680259659730,/nas/antoniodetoro/qwen/Qwen-Image-Edit-Angles-2/datos/MultiViewVisibleImagesHPE_Custom/test/00_16/00_16_1680259659730_rgb.png,/nas/antoniodetoro/qwen/Qwen-Image-Edit-Angles-2/datos/MultiViewVisibleImagesHPE_Custom/00_17/to_00_16/Step_6_fake_00_16_from_00_17_1680259659730_rgb.png,OK,10.830256377044668,9.090909090909092,0.9921801705906298,crítico,19
1680259660031,/nas/antoniodetoro/qwen/Qwen-Image-Edit-Angles-2/datos/MultiViewVisibleImagesHPE_Custom/test/00_16/00_16_1680259660031_rgb.png,/nas/antoniodetoro/qwen/Qwen-Image-Edit-Angles-2/datos/MultiViewVisibleImagesHPE_Custom/00_17/to_00_16/Step_6_fake_00_16_from_00_17_1680259660031_rgb.png,OK,12.472444464178514,9.090909090909092,0.9861355834704421,crítico,25
1680259660332,/nas/antoniodetoro/qwen/Qwen-Image-Edit-Angles-2/datos/MultiViewVisibleImagesHPE_Custom/test/00_16/00_16_1680259660332_rgb.png,/nas/antoniodetoro/qwen/Qwen-Image-Edit-Angles-2/datos/MultiViewVisibleImagesHPE_Custom/00_17/to_00_16/Step_6_fake_00_16_from_00_17_1680259660332_rgb.png,OK,15.119788058500813,6.0606060606060606,0.9696676213101425,crítico,19
1680259660633,/nas/antoniodetoro/qwen/Qwen-Image-Edit-Angles-2/datos/MultiViewVisibleImagesHPE_Custom/test/00_16/00_16_1680259660633_rgb.png,/nas/antoniodetoro/qwen/Qwen-Image-Edit-Angles-2/datos/MultiViewVisibleImagesHPE_Custom/00_17/to_00_16/Step_6_fake_00_16_from_00_17_1680259660633_rgb.png,OK,13.429319193473917,9.090909090909092,0.9806933762924708,crítico,17
1680259660934,/nas/antoniodetoro/qwen/Qwen-Image-Edit-Angles-2/datos/MultiViewVisibleImagesHPE_Custom/test/00_16/00_16_1680259660934_rgb.png,/nas/antoniodetoro/qwen/Qwen-Image-Edit-Angles-2/datos/MultiViewVisibleImagesHPE_Custom/00_17/to_00_16/Step_6_fake_00_16_from_00_17_1680259660934_rgb.png,OK,7.822850728145504,57.57575757575758,0.9917792648510827,crítico,19
1680259661236,/nas/antoniodetoro/qwen/Qwen-Image-Edit-Angles-2/datos/MultiViewVisibleImagesHPE_Custom/test/00_16/00_16_1680259661236_rgb.png,/nas/antoniodetoro/qwen/Qwen-Image-Edit-Angles-2/datos/MultiViewVisibleImagesHPE_Custom/00_17/to_00_16/Step_6_fake_00_16_from_00_17_1680259661236_rgb.png,OK,6.033356347283166,36.36363636363637,0.9954278149358461,crítico,19
1680259661537,/nas/antoniodetoro/qwen/Qwen-Image-Edit-Angles-2/datos/MultiViewVisibleImagesHPE_Custom/test/00_16/00_16_1680259661537_rgb.png,/nas/antoniodetoro/qwen/Qwen-Image-Edit-Angles-2/datos/MultiViewVisibleImagesHPE_Custom/00_17/to_00_16/Step_6_fake_00_16_from_00_17_1680259661537_rgb.png,OK,5.812756163787768,33.33333333333333,0.9967383375062978,crítico,12
1680259661838,/nas/antoniodetoro/qwen/Qwen-Image-Edit-Angles-2/datos/MultiViewVisibleImagesHPE_Custom/test/00_16/00_16_1680259661838_rgb.png,/nas/antoniodetoro/qwen/Qwen-Image-Edit-Angles-2/datos/MultiViewVisibleImagesHPE_Custom/00_17/to_00_16/Step_6_fake_00_16_from_00_17_1680259661838_rgb.png,OK,4.802228924098157,69.6969696969697,0.9969976189039665,crítico,19
1680259662139,/nas/antoniodetoro/qwen/Qwen-Image-Edit-Angles-2/datos/MultiViewVisibleImagesHPE_Custom/test/00_16/00_16_1680259662139_rgb.png,/nas/antoniodetoro/qwen/Qwen-Image-Edit-Angles-2/datos/MultiViewVisibleImagesHPE_Custom/00_17/to_00_16/Step_6_fake_00_16_from_00_17_1680259662139_rgb.png,OK,3.9046998104584705,66.66666666666666,0.9983915419526809,crítico,19
1680259662440,/nas/antoniodetoro/qwen/Qwen-Image-Edit-Angles-2/datos/MultiViewVisibleImagesHPE_Custom/test/00_16/00_16_1680259662440_rgb.png,/nas/antoniodetoro/qwen/Qwen-Image-Edit-Angles-2/datos/MultiViewVisibleImagesHPE_Custom/00_17/to_00_16/Step_6_fake_00_16_from_00_17_1680259662440_rgb.png,OK,3.6686159258311544,78.78787878787878,0.9984510191089009,aceptable,19
1680259662741,/nas/antoniodetoro/qwen/Qwen-Image-Edit-Angles-2/datos/MultiViewVisibleImagesHPE_Custom/test/00_16/00_16_1680259662741_rgb.png,/nas/antoniodetoro/qwen/Qwen-Image-Edit-Angles-2/datos/MultiViewVisibleImagesHPE_Custom/00_17/to_00_16/Step_6_fake_00_16_from_00_17_1680259662741_rgb.png,OK,3.825954981138317,84.84848484848484,0.9984104267982459,aceptable,15
1680259663042,/nas/antoniodetoro/qwen/Qwen-Image-Edit-Angles-2/datos/MultiViewVisibleImagesHPE_Custom/test/00_16/00_16_1680259663042_rgb.png,/nas/antoniodetoro/qwen/Qwen-Image-Edit-Angles-2/datos/MultiViewVisibleImagesHPE_Custom/00_17/to_00_16/Step_6_fake_00_16_from_00_17_1680259663042_rgb.png,OK,4.398466450646382,60.60606060606061,0.9981192563701862,crítico,30
1680259663343,/nas/antoniodetoro/qwen/Qwen-Image-Edit-Angles-2/datos/MultiViewVisibleImagesHPE_Custom/test/00_16/00_16_1680259663343_rgb.png,/nas/antoniodetoro/qwen/Qwen-Image-Edit-Angles-2/datos/MultiViewVisibleImagesHPE_Custom/00_17/to_00_16/Step_6_fake_00_16_from_00_17_1680259663343_rgb.png,OK,6.097881579017224,21.21212121212121,0.9960973967818929,crítico,32
1680259663644,/nas/antoniodetoro/qwen/Qwen-Image-Edit-Angles-2/datos/MultiViewVisibleImagesHPE_Custom/test/00_16/00_16_1680259663644_rgb.png,/nas/antoniodetoro/qwen/Qwen-Image-Edit-Angles-2/datos/MultiViewVisibleImagesHPE_Custom/00_17/to_00_16/Step_6_fake_00_16_from_00_17_1680259663644_rgb.png,OK,6.521712911889984,36.36363636363637,0.9946924286352321,crítico,20
1680259663945,/nas/antoniodetoro/qwen/Qwen-Image-Edit-Angles-2/datos/MultiViewVisibleImagesHPE_Custom/test/00_16/00_16_1680259663945_rgb.png,/nas/antoniodetoro/qwen/Qwen-Image-Edit-Angles-2/datos/MultiViewVisibleImagesHPE_Custom/00_17/to_00_16/Step_6_fake_00_16_from_00_17_1680259663945_rgb.png,OK,8.145593607840253,18.181818181818183,0.9931989929962565,crítico,29
1680259664246,/nas/antoniodetoro/qwen/Qwen-Image-Edit-Angles-2/datos/MultiViewVisibleImagesHPE_Custom/test/00_16/00_16_1680259664246_rgb.png,/nas/antoniodetoro/qwen/Qwen-Image-Edit-Angles-2/datos/MultiViewVisibleImagesHPE_Custom/00_17/to_00_16/Step_6_fake_00_16_from_00_17_1680259664246_rgb.png,OK,7.914627815650674,12.121212121212121,0.9919523939053473,crítico,29
1680259664547,/nas/antoniodetoro/qwen/Qwen-Image-Edit-Angles-2/datos/MultiViewVisibleImagesHPE_Custom/test/00_16/00_16_1680259664547_rgb.png,/nas/antoniodetoro/qwen/Qwen-Image-Edit-Angles-2/datos/MultiViewVisibleImagesHPE_Custom/00_17/to_00_16/Step_6_fake_00_16_from_00_17_1680259664547_rgb.png,OK,10.194249319718741,3.0303030303030303,0.9924680223065109,crítico,19
1680259664848,/nas/antoniodetoro/qwen/Qwen-Image-Edit-Angles-2/datos/MultiViewVisibleImagesHPE_Custom/test/00_16/00_16_1680259664848_rgb.png,/nas/antoniodetoro/qwen/Qwen-Image-Edit-Angles-2/datos/MultiViewVisibleImagesHPE_Custom/00_17/to_00_16/Step_6_fake_00_16_from_00_17_1680259664848_rgb.png,OK,9.68398692550785,21.21212121212121,0.9883710917028699,crítico,19
1680259665148,/nas/antoniodetoro/qwen/Qwen-Image-Edit-Angles-2/datos/MultiViewVisibleImagesHPE_Custom/test/00_16/00_16_1680259665148_rgb.png,/nas/antoniodetoro/qwen/Qwen-Image-Edit-Angles-2/datos/MultiViewVisibleImagesHPE_Custom/00_17/to_00_16/Step_6_fake_00_16_from_00_17_1680259665148_rgb.png,OK,7.393833632973114,15.151515151515152,0.9922532215529922,crítico,32
1680259665450,/nas/antoniodetoro/qwen/Qwen-Image-Edit-Angles-2/datos/MultiViewVisibleImagesHPE_Custom/test/00_16/00_16_1680259665450_rgb.png,/nas/antoniodetoro/qwen/Qwen-Image-Edit-Angles-2/datos/MultiViewVisibleImagesHPE_Custom/00_17/to_00_16/Step_6_fake_00_16_from_00_17_1680259665450_rgb.png,OK,11.050228627194437,27.27272727272727,0.9870789516751891,crítico,19
1680259665751,/nas/antoniodetoro/qwen/Qwen-Image-Edit-Angles-2/datos/MultiViewVisibleImagesHPE_Custom/test/00_16/00_16_1680259665751_rgb.png,/nas/antoniodetoro/qwen/Qwen-Image-Edit-Angles-2/datos/MultiViewVisibleImagesHPE_Custom/00_17/to_00_16/Step_6_fake_00_16_from_00_17_1680259665751_rgb.png,OK,5.682192126271291,39.39393939393939,0.9967740379757224,crítico,18
1680259666052,/nas/antoniodetoro/qwen/Qwen-Image-Edit-Angles-2/datos/MultiViewVisibleImagesHPE_Custom/test/00_16/00_16_1680259666052_rgb.png,/nas/antoniodetoro/qwen/Qwen-Image-Edit-Angles-2/datos/MultiViewVisibleImagesHPE_Custom/00_17/to_00_16/Step_6_fake_00_16_from_00_17_1680259666052_rgb.png,OK,4.157382124938296,66.66666666666666,0.9985329187496557,crítico,21
1680259666353,/nas/antoniodetoro/qwen/Qwen-Image-Edit-Angles-2/datos/MultiViewVisibleImagesHPE_Custom/test/00_16/00_16_1680259666353_rgb.png,/nas/antoniodetoro/qwen/Qwen-Image-Edit-Angles-2/datos/MultiViewVisibleImagesHPE_Custom/00_17/to_00_16/Step_6_fake_00_16_from_00_17_1680259666353_rgb.png,OK,2.7052452991912648,87.87878787878788,0.9990483277035448,aceptable,17
1680259666654,/nas/antoniodetoro/qwen/Qwen-Image-Edit-Angles-2/datos/MultiViewVisibleImagesHPE_Custom/test/00_16/00_16_1680259666654_rgb.png,/nas/antoniodetoro/qwen/Qwen-Image-Edit-Angles-2/datos/MultiViewVisibleImagesHPE_Custom/00_17/to_00_16/Step_6_fake_00_16_from_00_17_1680259666654_rgb.png,OK,4.222784512382252,66.66666666666666,0.9981676093895037,crítico,19
1680259666955,/nas/antoniodetoro/qwen/Qwen-Image-Edit-Angles-2/datos/MultiViewVisibleImagesHPE_Custom/test/00_16/00_16_1680259666955_rgb.png,/nas/antoniodetoro/qwen/Qwen-Image-Edit-Angles-2/datos/MultiViewVisibleImagesHPE_Custom/00_17/to_00_16/Step_6_fake_00_16_from_00_17_1680259666955_rgb.png,OK,4.4170588258302415,78.78787878787878,0.9966256961515818,aceptable,19
1680259667256,/nas/antoniodetoro/qwen/Qwen-Image-Edit-Angles-2/datos/MultiViewVisibleImagesHPE_Custom/test/00_16/00_16_1680259667256_rgb.png,/nas/antoniodetoro/qwen/Qwen-Image-Edit-Angles-2/datos/MultiViewVisibleImagesHPE_Custom/00_17/to_00_16/Step_6_fake_00_16_from_00_17_1680259667256_rgb.png,OK,5.258464912251455,78.78787878787878,0.9949147594133475,aceptable,19
1680259667557,/nas/antoniodetoro/qwen/Qwen-Image-Edit-Angles-2/datos/MultiViewVisibleImagesHPE_Custom/test/00_16/00_16_1680259667557_rgb.png,/nas/antoniodetoro/qwen/Qwen-Image-Edit-Angles-2/datos/MultiViewVisibleImagesHPE_Custom/00_17/to_00_16/Step_6_fake_00_16_from_00_17_1680259667557_rgb.png,OK,4.371457821304882,78.78787878787878,0.9963383420040718,aceptable,19
1680259667858,/nas/antoniodetoro/qwen/Qwen-Image-Edit-Angles-2/datos/MultiViewVisibleImagesHPE_Custom/test/00_16/00_16_1680259667858_rgb.png,/nas/antoniodetoro/qwen/Qwen-Image-Edit-Angles-2/datos/MultiViewVisibleImagesHPE_Custom/00_17/to_00_16/Step_6_fake_00_16_from_00_17_1680259667858_rgb.png,OK,3.2065109239853666,78.78787878787878,0.9987028860459498,aceptable,17
1680259668159,/nas/antoniodetoro/qwen/Qwen-Image-Edit-Angles-2/datos/MultiViewVisibleImagesHPE_Custom/test/00_16/00_16_1680259668159_rgb.png,/nas/antoniodetoro/qwen/Qwen-Image-Edit-Angles-2/datos/MultiViewVisibleImagesHPE_Custom/00_17/to_00_16/Step_6_fake_00_16_from_00_17_1680259668159_rgb.png,OK,4.260537823395962,60.60606060606061,0.9987904744265376,crítico,12
1680259668460,/nas/antoniodetoro/qwen/Qwen-Image-Edit-Angles-2/datos/MultiViewVisibleImagesHPE_Custom/test/00_16/00_16_1680259668460_rgb.png,/nas/antoniodetoro/qwen/Qwen-Image-Edit-Angles-2/datos/MultiViewVisibleImagesHPE_Custom/00_17/to_00_16/Step_6_fake_00_16_from_00_17_1680259668460_rgb.png,OK,7.001882275769318,21.21212121212121,0.9962305182449454,crítico,29
1680259668761,/nas/antoniodetoro/qwen/Qwen-Image-Edit-Angles-2/datos/MultiViewVisibleImagesHPE_Custom/test/00_16/00_16_1680259668761_rgb.png,/nas/antoniodetoro/qwen/Qwen-Image-Edit-Angles-2/datos/MultiViewVisibleImagesHPE_Custom/00_17/to_00_16/Step_6_fake_00_16_from_00_17_1680259668761_rgb.png,OK,7.820993841904827,63.63636363636363,0.9921506734153486,crítico,19
1680259669063,/nas/antoniodetoro/qwen/Qwen-Image-Edit-Angles-2/datos/MultiViewVisibleImagesHPE_Custom/test/00_16/00_16_1680259669063_rgb.png,/nas/antoniodetoro/qwen/Qwen-Image-Edit-Angles-2/datos/MultiViewVisibleImagesHPE_Custom/00_17/to_00_16/Step_6_fake_00_16_from_00_17_1680259669063_rgb.png,OK,4.805340333748072,63.63636363636363,0.9975341009408258,crítico,21
1680259669364,/nas/antoniodetoro/qwen/Qwen-Image-Edit-Angles-2/datos/MultiViewVisibleImagesHPE_Custom/test/00_16/00_16_1680259669364_rgb.png,/nas/antoniodetoro/qwen/Qwen-Image-Edit-Angles-2/datos/MultiViewVisibleImagesHPE_Custom/00_17/to_00_16/Step_6_fake_00_16_from_00_17_1680259669364_rgb.png,OK,4.962574744384634,75.75757575757575,0.9945083969267914,aceptable,19
1680259669665,/nas/antoniodetoro/qwen/Qwen-Image-Edit-Angles-2/datos/MultiViewVisibleImagesHPE_Custom/test/00_16/00_16_1680259669665_rgb.png,/nas/antoniodetoro/qwen/Qwen-Image-Edit-Angles-2/datos/MultiViewVisibleImagesHPE_Custom/00_17/to_00_16/Step_6_fake_00_16_from_00_17_1680259669665_rgb.png,OK,5.434642380990573,78.78787878787878,0.9944427318438576,aceptable,19
1680259669966,/nas/antoniodetoro/qwen/Qwen-Image-Edit-Angles-2/datos/MultiViewVisibleImagesHPE_Custom/test/00_16/00_16_1680259669966_rgb.png,/nas/antoniodetoro/qwen/Qwen-Image-Edit-Angles-2/datos/MultiViewVisibleImagesHPE_Custom/00_17/to_00_16/Step_6_fake_00_16_from_00_17_1680259669966_rgb.png,OK,3.308471525804335,78.78787878787878,0.9984769830972121,aceptable,15
1680259670267,/nas/antoniodetoro/qwen/Qwen-Image-Edit-Angles-2/datos/MultiViewVisibleImagesHPE_Custom/test/00_16/00_16_1680259670267_rgb.png,/nas/antoniodetoro/qwen/Qwen-Image-Edit-Angles-2/datos/MultiViewVisibleImagesHPE_Custom/00_17/to_00_16/Step_6_fake_00_16_from_00_17_1680259670267_rgb.png,OK,3.390180763573328,87.87878787878788,0.9980465098643639,aceptable,19
1680259670568,/nas/antoniodetoro/qwen/Qwen-Image-Edit-Angles-2/datos/MultiViewVisibleImagesHPE_Custom/test/00_16/00_16_1680259670568_rgb.png,/nas/antoniodetoro/qwen/Qwen-Image-Edit-Angles-2/datos/MultiViewVisibleImagesHPE_Custom/00_17/to_00_16/Step_6_fake_00_16_from_00_17_1680259670568_rgb.png,OK,4.617048215703236,81.81818181818183,0.9958643613132523,aceptable,19
1680259670869,/nas/antoniodetoro/qwen/Qwen-Image-Edit-Angles-2/datos/MultiViewVisibleImagesHPE_Custom/test/00_16/00_16_1680259670869_rgb.png,/nas/antoniodetoro/qwen/Qwen-Image-Edit-Angles-2/datos/MultiViewVisibleImagesHPE_Custom/00_17/to_00_16/Step_6_fake_00_16_from_00_17_1680259670869_rgb.png,OK,4.660387862544649,81.81818181818183,0.9951007290092864,aceptable,19
1680259671170,/nas/antoniodetoro/qwen/Qwen-Image-Edit-Angles-2/datos/MultiViewVisibleImagesHPE_Custom/test/00_16/00_16_1680259671170_rgb.png,/nas/antoniodetoro/qwen/Qwen-Image-Edit-Angles-2/datos/MultiViewVisibleImagesHPE_Custom/00_17/to_00_16/Step_6_fake_00_16_from_00_17_1680259671170_rgb.png,OK,2.895905878913972,81.81818181818183,0.9987686452970295,aceptable,17
1680259671471,/nas/antoniodetoro/qwen/Qwen-Image-Edit-Angles-2/datos/MultiViewVisibleImagesHPE_Custom/test/00_16/00_16_1680259671471_rgb.png,/nas/antoniodetoro/qwen/Qwen-Image-Edit-Angles-2/datos/MultiViewVisibleImagesHPE_Custom/00_17/to_00_16/Step_6_fake_00_16_from_00_17_1680259671471_rgb.png,OK,4.5033068531837674,63.63636363636363,0.9980180220362096,crítico,31
1680259671772,/nas/antoniodetoro/qwen/Qwen-Image-Edit-Angles-2/datos/MultiViewVisibleImagesHPE_Custom/test/00_16/00_16_1680259671772_rgb.png,/nas/antoniodetoro/qwen/Qwen-Image-Edit-Angles-2/datos/MultiViewVisibleImagesHPE_Custom/00_17/to_00_16/Step_6_fake_00_16_from_00_17_1680259671772_rgb.png,OK,3.7863472075995244,78.78787878787878,0.9981867949202093,aceptable,31
1680259672073,/nas/antoniodetoro/qwen/Qwen-Image-Edit-Angles-2/datos/MultiViewVisibleImagesHPE_Custom/test/00_16/00_16_1680259672073_rgb.png,/nas/antoniodetoro/qwen/Qwen-Image-Edit-Angles-2/datos/MultiViewVisibleImagesHPE_Custom/00_17/to_00_16/Step_6_fake_00_16_from_00_17_1680259672073_rgb.png,OK,6.3914406841641185,51.515151515151516,0.9949865031026732,crítico,19
1680259672374,/nas/antoniodetoro/qwen/Qwen-Image-Edit-Angles-2/datos/MultiViewVisibleImagesHPE_Custom/test/00_16/00_16_1680259672374_rgb.png,/nas/antoniodetoro/qwen/Qwen-Image-Edit-Angles-2/datos/MultiViewVisibleImagesHPE_Custom/00_17/to_00_16/Step_6_fake_00_16_from_00_17_1680259672374_rgb.png,OK,5.92511528777835,57.57575757575758,0.994316838450745,crítico,19
1680259672675,/nas/antoniodetoro/qwen/Qwen-Image-Edit-Angles-2/datos/MultiViewVisibleImagesHPE_Custom/test/00_16/00_16_1680259672675_rgb.png,/nas/antoniodetoro/qwen/Qwen-Image-Edit-Angles-2/datos/MultiViewVisibleImagesHPE_Custom/00_17/to_00_16/Step_6_fake_00_16_from_00_17_1680259672675_rgb.png,OK,5.010157073972251,75.75757575757575,0.996721883343624,aceptable,19
1680259672977,/nas/antoniodetoro/qwen/Qwen-Image-Edit-Angles-2/datos/MultiViewVisibleImagesHPE_Custom/test/00_16/00_16_1680259672977_rgb.png,/nas/antoniodetoro/qwen/Qwen-Image-Edit-Angles-2/datos/MultiViewVisibleImagesHPE_Custom/00_17/to_00_16/Step_6_fake_00_16_from_00_17_1680259672977_rgb.png,OK,3.880264931620459,78.78787878787878,0.9984470075542838,aceptable,15
1680259673278,/nas/antoniodetoro/qwen/Qwen-Image-Edit-Angles-2/datos/MultiViewVisibleImagesHPE_Custom/test/00_16/00_16_1680259673278_rgb.png,/nas/antoniodetoro/qwen/Qwen-Image-Edit-Angles-2/datos/MultiViewVisibleImagesHPE_Custom/00_17/to_00_16/Step_6_fake_00_16_from_00_17_1680259673278_rgb.png,OK,4.902264008509971,84.84848484848484,0.9945835179369505,aceptable,19
1680259673579,/nas/antoniodetoro/qwen/Qwen-Image-Edit-Angles-2/datos/MultiViewVisibleImagesHPE_Custom/test/00_16/00_16_1680259673579_rgb.png,/nas/antoniodetoro/qwen/Qwen-Image-Edit-Angles-2/datos/MultiViewVisibleImagesHPE_Custom/00_17/to_00_16/Step_6_fake_00_16_from_00_17_1680259673579_rgb.png,OK,4.994426081302449,78.78787878787878,0.9961736304923041,aceptable,19
1680259673880,/nas/antoniodetoro/qwen/Qwen-Image-Edit-Angles-2/datos/MultiViewVisibleImagesHPE_Custom/test/00_16/00_16_1680259673880_rgb.png,/nas/antoniodetoro/qwen/Qwen-Image-Edit-Angles-2/datos/MultiViewVisibleImagesHPE_Custom/00_17/to_00_16/Step_6_fake_00_16_from_00_17_1680259673880_rgb.png,OK,5.241324220707493,72.72727272727273,0.9962309284305213,aceptable,19
1680259674181,/nas/antoniodetoro/qwen/Qwen-Image-Edit-Angles-2/datos/MultiViewVisibleImagesHPE_Custom/test/00_16/00_16_1680259674181_rgb.png,/nas/antoniodetoro/qwen/Qwen-Image-Edit-Angles-2/datos/MultiViewVisibleImagesHPE_Custom/00_17/to_00_16/Step_6_fake_00_16_from_00_17_1680259674181_rgb.png,OK,4.89286901004328,81.81818181818183,0.9945586291977702,aceptable,19
1680259674482,/nas/antoniodetoro/qwen/Qwen-Image-Edit-Angles-2/datos/MultiViewVisibleImagesHPE_Custom/test/00_16/00_16_1680259674482_rgb.png,/nas/antoniodetoro/qwen/Qwen-Image-Edit-Angles-2/datos/MultiViewVisibleImagesHPE_Custom/00_17/to_00_16/Step_6_fake_00_16_from_00_17_1680259674482_rgb.png,OK,4.568300736082589,66.66666666666666,0.9970902726828966,crítico,19
1680259674783,/nas/antoniodetoro/qwen/Qwen-Image-Edit-Angles-2/datos/MultiViewVisibleImagesHPE_Custom/test/00_16/00_16_1680259674783_rgb.png,/nas/antoniodetoro/qwen/Qwen-Image-Edit-Angles-2/datos/MultiViewVisibleImagesHPE_Custom/00_17/to_00_16/Step_6_fake_00_16_from_00_17_1680259674783_rgb.png,OK,5.613613645559255,54.54545454545454,0.9981724822291265,crítico,30
1680259675084,/nas/antoniodetoro/qwen/Qwen-Image-Edit-Angles-2/datos/MultiViewVisibleImagesHPE_Custom/test/00_16/00_16_1680259675084_rgb.png,/nas/antoniodetoro/qwen/Qwen-Image-Edit-Angles-2/datos/MultiViewVisibleImagesHPE_Custom/00_17/to_00_16/Step_6_fake_00_16_from_00_17_1680259675084_rgb.png,OK,2.941017420625547,87.87878787878788,0.998774311856393,aceptable,32
1680259675385,/nas/antoniodetoro/qwen/Qwen-Image-Edit-Angles-2/datos/MultiViewVisibleImagesHPE_Custom/test/00_16/00_16_1680259675385_rgb.png,/nas/antoniodetoro/qwen/Qwen-Image-Edit-Angles-2/datos/MultiViewVisibleImagesHPE_Custom/00_17/to_00_16/Step_6_fake_00_16_from_00_17_1680259675385_rgb.png,OK,4.2372603498324795,72.72727272727273,0.9978048478142507,aceptable,19
1680259675686,/nas/antoniodetoro/qwen/Qwen-Image-Edit-Angles-2/datos/MultiViewVisibleImagesHPE_Custom/test/00_16/00_16_1680259675686_rgb.png,/nas/antoniodetoro/qwen/Qwen-Image-Edit-Angles-2/datos/MultiViewVisibleImagesHPE_Custom/00_17/to_00_16/Step_6_fake_00_16_from_00_17_1680259675686_rgb.png,OK,4.045107846777741,72.72727272727273,0.9965088046982423,aceptable,19
1680259675987,/nas/antoniodetoro/qwen/Qwen-Image-Edit-Angles-2/datos/MultiViewVisibleImagesHPE_Custom/test/00_16/00_16_1680259675987_rgb.png,/nas/antoniodetoro/qwen/Qwen-Image-Edit-Angles-2/datos/MultiViewVisibleImagesHPE_Custom/00_17/to_00_16/Step_6_fake_00_16_from_00_17_1680259675987_rgb.png,OK,6.969058793428498,69.6969696969697,0.9894974862312058,crítico,19
1680259676288,/nas/antoniodetoro/qwen/Qwen-Image-Edit-Angles-2/datos/MultiViewVisibleImagesHPE_Custom/test/00_16/00_16_1680259676288_rgb.png,/nas/antoniodetoro/qwen/Qwen-Image-Edit-Angles-2/datos/MultiViewVisibleImagesHPE_Custom/00_17/to_00_16/Step_6_fake_00_16_from_00_17_1680259676288_rgb.png,OK,5.4126169708664245,72.72727272727273,0.9946480160669919,aceptable,19
1680259676589,/nas/antoniodetoro/qwen/Qwen-Image-Edit-Angles-2/datos/MultiViewVisibleImagesHPE_Custom/test/00_16/00_16_1680259676589_rgb.png,/nas/antoniodetoro/qwen/Qwen-Image-Edit-Angles-2/datos/MultiViewVisibleImagesHPE_Custom/00_17/to_00_16/Step_6_fake_00_16_from_00_17_1680259676589_rgb.png,OK,4.60788701023315,87.87878787878788,0.9956862182655216,aceptable,19
1680259676890,/nas/antoniodetoro/qwen/Qwen-Image-Edit-Angles-2/datos/MultiViewVisibleImagesHPE_Custom/test/00_16/00_16_1680259676890_rgb.png,/nas/antoniodetoro/qwen/Qwen-Image-Edit-Angles-2/datos/MultiViewVisibleImagesHPE_Custom/00_17/to_00_16/Step_6_fake_00_16_from_00_17_1680259676890_rgb.png,OK,3.444979285008331,84.84848484848484,0.9985789455004783,aceptable,17
1680259677192,/nas/antoniodetoro/qwen/Qwen-Image-Edit-Angles-2/datos/MultiViewVisibleImagesHPE_Custom/test/00_16/00_16_1680259677192_rgb.png,/nas/antoniodetoro/qwen/Qwen-Image-Edit-Angles-2/datos/MultiViewVisibleImagesHPE_Custom/00_17/to_00_16/Step_6_fake_00_16_from_00_17_1680259677192_rgb.png,OK,5.663695424547708,72.72727272727273,0.9907390776763326,aceptable,19
1680259677493,/nas/antoniodetoro/qwen/Qwen-Image-Edit-Angles-2/datos/MultiViewVisibleImagesHPE_Custom/test/00_16/00_16_1680259677493_rgb.png,/nas/antoniodetoro/qwen/Qwen-Image-Edit-Angles-2/datos/MultiViewVisibleImagesHPE_Custom/00_17/to_00_16/Step_6_fake_00_16_from_00_17_1680259677493_rgb.png,OK,5.439014660656844,75.75757575757575,0.9901877014155767,aceptable,19
1680259677794,/nas/antoniodetoro/qwen/Qwen-Image-Edit-Angles-2/datos/MultiViewVisibleImagesHPE_Custom/test/00_16/00_16_1680259677794_rgb.png,/nas/antoniodetoro/qwen/Qwen-Image-Edit-Angles-2/datos/MultiViewVisibleImagesHPE_Custom/00_17/to_00_16/Step_6_fake_00_16_from_00_17_1680259677794_rgb.png,OK,2.874194273409463,81.81818181818183,0.999365406594627,aceptable,31
1680259678095,/nas/antoniodetoro/qwen/Qwen-Image-Edit-Angles-2/datos/MultiViewVisibleImagesHPE_Custom/test/00_16/00_16_1680259678095_rgb.png,/nas/antoniodetoro/qwen/Qwen-Image-Edit-Angles-2/datos/MultiViewVisibleImagesHPE_Custom/00_17/to_00_16/Step_6_fake_00_16_from_00_17_1680259678095_rgb.png,OK,15.323765381494722,36.36363636363637,0.9698359927145727,crítico,32
1680259678396,/nas/antoniodetoro/qwen/Qwen-Image-Edit-Angles-2/datos/MultiViewVisibleImagesHPE_Custom/test/00_16/00_16_1680259678396_rgb.png,/nas/antoniodetoro/qwen/Qwen-Image-Edit-Angles-2/datos/MultiViewVisibleImagesHPE_Custom/00_17/to_00_16/Step_6_fake_00_16_from_00_17_1680259678396_rgb.png,OK,3.0459564866880093,84.84848484848484,0.9989407445411688,aceptable,32
1680259678697,/nas/antoniodetoro/qwen/Qwen-Image-Edit-Angles-2/datos/MultiViewVisibleImagesHPE_Custom/test/00_16/00_16_1680259678697_rgb.png,/nas/antoniodetoro/qwen/Qwen-Image-Edit-Angles-2/datos/MultiViewVisibleImagesHPE_Custom/00_17/to_00_16/Step_6_fake_00_16_from_00_17_1680259678697_rgb.png,OK,6.664778763709672,63.63636363636363,0.9909195156278258,crítico,19
1680259678999,/nas/antoniodetoro/qwen/Qwen-Image-Edit-Angles-2/datos/MultiViewVisibleImagesHPE_Custom/test/00_16/00_16_1680259678999_rgb.png,/nas/antoniodetoro/qwen/Qwen-Image-Edit-Angles-2/datos/MultiViewVisibleImagesHPE_Custom/00_17/to_00_16/Step_6_fake_00_16_from_00_17_1680259678999_rgb.png,OK,6.032668551195077,60.60606060606061,0.9916410188400531,crítico,19
1680259679300,/nas/antoniodetoro/qwen/Qwen-Image-Edit-Angles-2/datos/MultiViewVisibleImagesHPE_Custom/test/00_16/00_16_1680259679300_rgb.png,/nas/antoniodetoro/qwen/Qwen-Image-Edit-Angles-2/datos/MultiViewVisibleImagesHPE_Custom/00_17/to_00_16/Step_6_fake_00_16_from_00_17_1680259679300_rgb.png,OK,10.19665492593637,57.57575757575758,0.9750652360649615,crítico,20
1680259679601,/nas/antoniodetoro/qwen/Qwen-Image-Edit-Angles-2/datos/MultiViewVisibleImagesHPE_Custom/test/00_16/00_16_1680259679601_rgb.png,/nas/antoniodetoro/qwen/Qwen-Image-Edit-Angles-2/datos/MultiViewVisibleImagesHPE_Custom/00_17/to_00_16/Step_6_fake_00_16_from_00_17_1680259679601_rgb.png,OK,6.13882636852,72.72727272727273,0.9941767964236939,aceptable,19
1680259679902,/nas/antoniodetoro/qwen/Qwen-Image-Edit-Angles-2/datos/MultiViewVisibleImagesHPE_Custom/test/00_16/00_16_1680259679902_rgb.png,/nas/antoniodetoro/qwen/Qwen-Image-Edit-Angles-2/datos/MultiViewVisibleImagesHPE_Custom/00_17/to_00_16/Step_6_fake_00_16_from_00_17_1680259679902_rgb.png,OK,4.752271492579745,87.87878787878788,0.995716545597735,aceptable,19
1680259680203,/nas/antoniodetoro/qwen/Qwen-Image-Edit-Angles-2/datos/MultiViewVisibleImagesHPE_Custom/test/00_16/00_16_1680259680203_rgb.png,/nas/antoniodetoro/qwen/Qwen-Image-Edit-Angles-2/datos/MultiViewVisibleImagesHPE_Custom/00_17/to_00_16/Step_6_fake_00_16_from_00_17_1680259680203_rgb.png,OK,3.5486614288969878,78.78787878787878,0.9984145717189391,aceptable,17
1680259680504,/nas/antoniodetoro/qwen/Qwen-Image-Edit-Angles-2/datos/MultiViewVisibleImagesHPE_Custom/test/00_16/00_16_1680259680504_rgb.png,/nas/antoniodetoro/qwen/Qwen-Image-Edit-Angles-2/datos/MultiViewVisibleImagesHPE_Custom/00_17/to_00_16/Step_6_fake_00_16_from_00_17_1680259680504_rgb.png,OK,3.6942672112200725,75.75757575757575,0.9983186473851021,aceptable,17
1680259680805,/nas/antoniodetoro/qwen/Qwen-Image-Edit-Angles-2/datos/MultiViewVisibleImagesHPE_Custom/test/00_16/00_16_1680259680805_rgb.png,/nas/antoniodetoro/qwen/Qwen-Image-Edit-Angles-2/datos/MultiViewVisibleImagesHPE_Custom/00_17/to_00_16/Step_6_fake_00_16_from_00_17_1680259680805_rgb.png,OK,4.14833418062762,75.75757575757575,0.9980271115958138,aceptable,14
1680259681106,/nas/antoniodetoro/qwen/Qwen-Image-Edit-Angles-2/datos/MultiViewVisibleImagesHPE_Custom/test/00_16/00_16_1680259681106_rgb.png,/nas/antoniodetoro/qwen/Qwen-Image-Edit-Angles-2/datos/MultiViewVisibleImagesHPE_Custom/00_17/to_00_16/Step_6_fake_00_16_from_00_17_1680259681106_rgb.png,OK,4.551333184066511,60.60606060606061,0.9972796698265324,crítico,17
1680259681407,/nas/antoniodetoro/qwen/Qwen-Image-Edit-Angles-2/datos/MultiViewVisibleImagesHPE_Custom/test/00_16/00_16_1680259681407_rgb.png,/nas/antoniodetoro/qwen/Qwen-Image-Edit-Angles-2/datos/MultiViewVisibleImagesHPE_Custom/00_17/to_00_16/Step_6_fake_00_16_from_00_17_1680259681407_rgb.png,OK,6.8453346967326745,30.303030303030305,0.9946109938965445,crítico,18
1680259681708,/nas/antoniodetoro/qwen/Qwen-Image-Edit-Angles-2/datos/MultiViewVisibleImagesHPE_Custom/test/00_16/00_16_1680259681708_rgb.png,/nas/antoniodetoro/qwen/Qwen-Image-Edit-Angles-2/datos/MultiViewVisibleImagesHPE_Custom/00_17/to_00_16/Step_6_fake_00_16_from_00_17_1680259681708_rgb.png,OK,7.339622868678107,39.39393939393939,0.99094723826896,crítico,18
1680259682009,/nas/antoniodetoro/qwen/Qwen-Image-Edit-Angles-2/datos/MultiViewVisibleImagesHPE_Custom/test/00_16/00_16_1680259682009_rgb.png,/nas/antoniodetoro/qwen/Qwen-Image-Edit-Angles-2/datos/MultiViewVisibleImagesHPE_Custom/00_17/to_00_16/Step_6_fake_00_16_from_00_17_1680259682009_rgb.png,OK,8.415139579629935,39.39393939393939,0.9867350419875875,crítico,18
1680259682311,/nas/antoniodetoro/qwen/Qwen-Image-Edit-Angles-2/datos/MultiViewVisibleImagesHPE_Custom/test/00_16/00_16_1680259682311_rgb.png,/nas/antoniodetoro/qwen/Qwen-Image-Edit-Angles-2/datos/MultiViewVisibleImagesHPE_Custom/00_17/to_00_16/Step_6_fake_00_16_from_00_17_1680259682311_rgb.png,OK,8.200346229531908,24.242424242424242,0.9914302223751844,crítico,31
1680259683214,/nas/antoniodetoro/qwen/Qwen-Image-Edit-Angles-2/datos/MultiViewVisibleImagesHPE_Custom/test/00_16/00_16_1680259683214_rgb.png,/nas/antoniodetoro/qwen/Qwen-Image-Edit-Angles-2/datos/MultiViewVisibleImagesHPE_Custom/00_17/to_00_16/Step_6_fake_00_16_from_00_17_1680259683214_rgb.png,OK,4.092720666449381,57.57575757575758,0.998033147780273,crítico,21
1680259683516,/nas/antoniodetoro/qwen/Qwen-Image-Edit-Angles-2/datos/MultiViewVisibleImagesHPE_Custom/test/00_16/00_16_1680259683516_rgb.png,/nas/antoniodetoro/qwen/Qwen-Image-Edit-Angles-2/datos/MultiViewVisibleImagesHPE_Custom/00_17/to_00_16/Step_6_fake_00_16_from_00_17_1680259683516_rgb.png,OK,3.089423673825719,75.75757575757575,0.9982649041959849,aceptable,13
1680259683817,/nas/antoniodetoro/qwen/Qwen-Image-Edit-Angles-2/datos/MultiViewVisibleImagesHPE_Custom/test/00_16/00_16_1680259683817_rgb.png,/nas/antoniodetoro/qwen/Qwen-Image-Edit-Angles-2/datos/MultiViewVisibleImagesHPE_Custom/00_17/to_00_16/Step_6_fake_00_16_from_00_17_1680259683817_rgb.png,OK,3.8457590545596,84.84848484848484,0.9965248170822729,aceptable,19
1680259684118,/nas/antoniodetoro/qwen/Qwen-Image-Edit-Angles-2/datos/MultiViewVisibleImagesHPE_Custom/test/00_16/00_16_1680259684118_rgb.png,/nas/antoniodetoro/qwen/Qwen-Image-Edit-Angles-2/datos/MultiViewVisibleImagesHPE_Custom/00_17/to_00_16/Step_6_fake_00_16_from_00_17_1680259684118_rgb.png,OK,3.5468288920606748,81.81818181818183,0.9983275994135214,aceptable,17
1680259684419,/nas/antoniodetoro/qwen/Qwen-Image-Edit-Angles-2/datos/MultiViewVisibleImagesHPE_Custom/test/00_16/00_16_1680259684419_rgb.png,/nas/antoniodetoro/qwen/Qwen-Image-Edit-Angles-2/datos/MultiViewVisibleImagesHPE_Custom/00_17/to_00_16/Step_6_fake_00_16_from_00_17_1680259684419_rgb.png,OK,5.746720067522416,57.57575757575758,0.9925981940143309,crítico,19
1680259684720,/nas/antoniodetoro/qwen/Qwen-Image-Edit-Angles-2/datos/MultiViewVisibleImagesHPE_Custom/test/00_16/00_16_1680259684720_rgb.png,/nas/antoniodetoro/qwen/Qwen-Image-Edit-Angles-2/datos/MultiViewVisibleImagesHPE_Custom/00_17/to_00_16/Step_6_fake_00_16_from_00_17_1680259684720_rgb.png,OK,5.388978832795689,66.66666666666666,0.9955788686573146,crítico,31
1680259685021,/nas/antoniodetoro/qwen/Qwen-Image-Edit-Angles-2/datos/MultiViewVisibleImagesHPE_Custom/test/00_16/00_16_1680259685021_rgb.png,/nas/antoniodetoro/qwen/Qwen-Image-Edit-Angles-2/datos/MultiViewVisibleImagesHPE_Custom/00_17/to_00_16/Step_6_fake_00_16_from_00_17_1680259685021_rgb.png,OK,14.070798193252514,12.121212121212121,0.9765928029879327,crítico,31
1680259685322,/nas/antoniodetoro/qwen/Qwen-Image-Edit-Angles-2/datos/MultiViewVisibleImagesHPE_Custom/test/00_16/00_16_1680259685322_rgb.png,/nas/antoniodetoro/qwen/Qwen-Image-Edit-Angles-2/datos/MultiViewVisibleImagesHPE_Custom/00_17/to_00_16/Step_6_fake_00_16_from_00_17_1680259685322_rgb.png,OK,7.171029607430797,39.39393939393939,0.9930309608134151,crítico,17
1680259685623,/nas/antoniodetoro/qwen/Qwen-Image-Edit-Angles-2/datos/MultiViewVisibleImagesHPE_Custom/test/00_16/00_16_1680259685623_rgb.png,/nas/antoniodetoro/qwen/Qwen-Image-Edit-Angles-2/datos/MultiViewVisibleImagesHPE_Custom/00_17/to_00_16/Step_6_fake_00_16_from_00_17_1680259685623_rgb.png,OK,8.852609063042378,18.181818181818183,0.9890929063975982,crítico,32
1680259685924,/nas/antoniodetoro/qwen/Qwen-Image-Edit-Angles-2/datos/MultiViewVisibleImagesHPE_Custom/test/00_16/00_16_1680259685924_rgb.png,/nas/antoniodetoro/qwen/Qwen-Image-Edit-Angles-2/datos/MultiViewVisibleImagesHPE_Custom/00_17/to_00_16/Step_6_fake_00_16_from_00_17_1680259685924_rgb.png,OK,5.796002542845374,48.484848484848484,0.9966708154412612,crítico,14
1680259686225,/nas/antoniodetoro/qwen/Qwen-Image-Edit-Angles-2/datos/MultiViewVisibleImagesHPE_Custom/test/00_16/00_16_1680259686225_rgb.png,/nas/antoniodetoro/qwen/Qwen-Image-Edit-Angles-2/datos/MultiViewVisibleImagesHPE_Custom/00_17/to_00_16/Step_6_fake_00_16_from_00_17_1680259686225_rgb.png,OK,5.4936981215019,48.484848484848484,0.9966625188329703,crítico,17
1680259686526,/nas/antoniodetoro/qwen/Qwen-Image-Edit-Angles-2/datos/MultiViewVisibleImagesHPE_Custom/test/00_16/00_16_1680259686526_rgb.png,/nas/antoniodetoro/qwen/Qwen-Image-Edit-Angles-2/datos/MultiViewVisibleImagesHPE_Custom/00_17/to_00_16/Step_6_fake_00_16_from_00_17_1680259686526_rgb.png,OK,6.268998043666971,63.63636363636363,0.9930059651778346,crítico,19
1680259686827,/nas/antoniodetoro/qwen/Qwen-Image-Edit-Angles-2/datos/MultiViewVisibleImagesHPE_Custom/test/00_16/00_16_1680259686827_rgb.png,/nas/antoniodetoro/qwen/Qwen-Image-Edit-Angles-2/datos/MultiViewVisibleImagesHPE_Custom/00_17/to_00_16/Step_6_fake_00_16_from_00_17_1680259686827_rgb.png,OK,4.810721558342191,78.78787878787878,0.9942965691479133,aceptable,19
1680259687127,/nas/antoniodetoro/qwen/Qwen-Image-Edit-Angles-2/datos/MultiViewVisibleImagesHPE_Custom/test/00_16/00_16_1680259687127_rgb.png,/nas/antoniodetoro/qwen/Qwen-Image-Edit-Angles-2/datos/MultiViewVisibleImagesHPE_Custom/00_17/to_00_16/Step_6_fake_00_16_from_00_17_1680259687127_rgb.png,OK,5.239463072988532,69.6969696969697,0.9925261995593243,crítico,19
1680259687428,/nas/antoniodetoro/qwen/Qwen-Image-Edit-Angles-2/datos/MultiViewVisibleImagesHPE_Custom/test/00_16/00_16_1680259687428_rgb.png,/nas/antoniodetoro/qwen/Qwen-Image-Edit-Angles-2/datos/MultiViewVisibleImagesHPE_Custom/00_17/to_00_16/Step_6_fake_00_16_from_00_17_1680259687428_rgb.png,OK,6.113617593108834,75.75757575757575,0.9948694046227187,aceptable,19
1680259687729,/nas/antoniodetoro/qwen/Qwen-Image-Edit-Angles-2/datos/MultiViewVisibleImagesHPE_Custom/test/00_16/00_16_1680259687729_rgb.png,/nas/antoniodetoro/qwen/Qwen-Image-Edit-Angles-2/datos/MultiViewVisibleImagesHPE_Custom/00_17/to_00_16/Step_6_fake_00_16_from_00_17_1680259687729_rgb.png,OK,4.00791083718906,66.66666666666666,0.998019398133512,crítico,17
1680259688030,/nas/antoniodetoro/qwen/Qwen-Image-Edit-Angles-2/datos/MultiViewVisibleImagesHPE_Custom/test/00_16/00_16_1680259688030_rgb.png,/nas/antoniodetoro/qwen/Qwen-Image-Edit-Angles-2/datos/MultiViewVisibleImagesHPE_Custom/00_17/to_00_16/Step_6_fake_00_16_from_00_17_1680259688030_rgb.png,OK,8.07377795917361,60.60606060606061,0.9906551819104168,crítico,19
1680259688332,/nas/antoniodetoro/qwen/Qwen-Image-Edit-Angles-2/datos/MultiViewVisibleImagesHPE_Custom/test/00_16/00_16_1680259688332_rgb.png,/nas/antoniodetoro/qwen/Qwen-Image-Edit-Angles-2/datos/MultiViewVisibleImagesHPE_Custom/00_17/to_00_16/Step_6_fake_00_16_from_00_17_1680259688332_rgb.png,OK,16.214651826021054,0.0,0.9641734006218592,crítico,32
1680259688633,/nas/antoniodetoro/qwen/Qwen-Image-Edit-Angles-2/datos/MultiViewVisibleImagesHPE_Custom/test/00_16/00_16_1680259688633_rgb.png,/nas/antoniodetoro/qwen/Qwen-Image-Edit-Angles-2/datos/MultiViewVisibleImagesHPE_Custom/00_17/to_00_16/Step_6_fake_00_16_from_00_17_1680259688633_rgb.png,OK,9.83083128768624,42.42424242424242,0.9808350520023691,crítico,20
1680259690439,/nas/antoniodetoro/qwen/Qwen-Image-Edit-Angles-2/datos/MultiViewVisibleImagesHPE_Custom/test/00_16/00_16_1680259690439_rgb.png,/nas/antoniodetoro/qwen/Qwen-Image-Edit-Angles-2/datos/MultiViewVisibleImagesHPE_Custom/00_17/to_00_16/Step_6_fake_00_16_from_00_17_1680259690439_rgb.png,OK,5.030667351006736,84.84848484848484,0.9943501811735895,aceptable,19
1680259690740,/nas/antoniodetoro/qwen/Qwen-Image-Edit-Angles-2/datos/MultiViewVisibleImagesHPE_Custom/test/00_16/00_16_1680259690740_rgb.png,/nas/antoniodetoro/qwen/Qwen-Image-Edit-Angles-2/datos/MultiViewVisibleImagesHPE_Custom/00_17/to_00_16/Step_6_fake_00_16_from_00_17_1680259690740_rgb.png,OK,4.182955291578035,78.78787878787878,0.9955144058254909,aceptable,19
1680259691041,/nas/antoniodetoro/qwen/Qwen-Image-Edit-Angles-2/datos/MultiViewVisibleImagesHPE_Custom/test/00_16/00_16_1680259691041_rgb.png,/nas/antoniodetoro/qwen/Qwen-Image-Edit-Angles-2/datos/MultiViewVisibleImagesHPE_Custom/00_17/to_00_16/Step_6_fake_00_16_from_00_17_1680259691041_rgb.png,OK,5.163997939787502,69.6969696969697,0.9941120403663484,crítico,19
1680259691342,/nas/antoniodetoro/qwen/Qwen-Image-Edit-Angles-2/datos/MultiViewVisibleImagesHPE_Custom/test/00_16/00_16_1680259691342_rgb.png,/nas/antoniodetoro/qwen/Qwen-Image-Edit-Angles-2/datos/MultiViewVisibleImagesHPE_Custom/00_17/to_00_16/Step_6_fake_00_16_from_00_17_1680259691342_rgb.png,OK,6.427910556014856,60.60606060606061,0.994857737105368,crítico,19
1680259691643,/nas/antoniodetoro/qwen/Qwen-Image-Edit-Angles-2/datos/MultiViewVisibleImagesHPE_Custom/test/00_16/00_16_1680259691643_rgb.png,/nas/antoniodetoro/qwen/Qwen-Image-Edit-Angles-2/datos/MultiViewVisibleImagesHPE_Custom/00_17/to_00_16/Step_6_fake_00_16_from_00_17_1680259691643_rgb.png,OK,9.016031738898041,45.45454545454545,0.985586624861181,crítico,30
1680259692847,/nas/antoniodetoro/qwen/Qwen-Image-Edit-Angles-2/datos/MultiViewVisibleImagesHPE_Custom/test/00_16/00_16_1680259692847_rgb.png,/nas/antoniodetoro/qwen/Qwen-Image-Edit-Angles-2/datos/MultiViewVisibleImagesHPE_Custom/00_17/to_00_16/Step_6_fake_00_16_from_00_17_1680259692847_rgb.png,OK,6.145355122244361,57.57575757575758,0.9950796341099024,crítico,30
1680259693148,/nas/antoniodetoro/qwen/Qwen-Image-Edit-Angles-2/datos/MultiViewVisibleImagesHPE_Custom/test/00_16/00_16_1680259693148_rgb.png,/nas/antoniodetoro/qwen/Qwen-Image-Edit-Angles-2/datos/MultiViewVisibleImagesHPE_Custom/00_17/to_00_16/Step_6_fake_00_16_from_00_17_1680259693148_rgb.png,OK,4.8679933627812595,69.6969696969697,0.9971144248388725,crítico,17
1680259693449,/nas/antoniodetoro/qwen/Qwen-Image-Edit-Angles-2/datos/MultiViewVisibleImagesHPE_Custom/test/00_16/00_16_1680259693449_rgb.png,/nas/antoniodetoro/qwen/Qwen-Image-Edit-Angles-2/datos/MultiViewVisibleImagesHPE_Custom/00_17/to_00_16/Step_6_fake_00_16_from_00_17_1680259693449_rgb.png,OK,6.147035105280873,69.6969696969697,0.9933117374409108,crítico,19
1680259693750,/nas/antoniodetoro/qwen/Qwen-Image-Edit-Angles-2/datos/MultiViewVisibleImagesHPE_Custom/test/00_16/00_16_1680259693750_rgb.png,/nas/antoniodetoro/qwen/Qwen-Image-Edit-Angles-2/datos/MultiViewVisibleImagesHPE_Custom/00_17/to_00_16/Step_6_fake_00_16_from_00_17_1680259693750_rgb.png,OK,6.044433049483589,69.6969696969697,0.9931527290004684,crítico,19
1680259694051,/nas/antoniodetoro/qwen/Qwen-Image-Edit-Angles-2/datos/MultiViewVisibleImagesHPE_Custom/test/00_16/00_16_1680259694051_rgb.png,/nas/antoniodetoro/qwen/Qwen-Image-Edit-Angles-2/datos/MultiViewVisibleImagesHPE_Custom/00_17/to_00_16/Step_6_fake_00_16_from_00_17_1680259694051_rgb.png,OK,3.288501435015745,87.87878787878788,0.9986608229222748,aceptable,17
1680259694352,/nas/antoniodetoro/qwen/Qwen-Image-Edit-Angles-2/datos/MultiViewVisibleImagesHPE_Custom/test/00_16/00_16_1680259694352_rgb.png,/nas/antoniodetoro/qwen/Qwen-Image-Edit-Angles-2/datos/MultiViewVisibleImagesHPE_Custom/00_17/to_00_16/Step_6_fake_00_16_from_00_17_1680259694352_rgb.png,OK,3.7531370202994623,78.78787878787878,0.9984237849449585,aceptable,15
1680259694654,/nas/antoniodetoro/qwen/Qwen-Image-Edit-Angles-2/datos/MultiViewVisibleImagesHPE_Custom/test/00_16/00_16_1680259694654_rgb.png,/nas/antoniodetoro/qwen/Qwen-Image-Edit-Angles-2/datos/MultiViewVisibleImagesHPE_Custom/00_17/to_00_16/Step_6_fake_00_16_from_00_17_1680259694654_rgb.png,OK,3.8375366603426566,78.78787878787878,0.9983250893888407,aceptable,17
1680259694955,/nas/antoniodetoro/qwen/Qwen-Image-Edit-Angles-2/datos/MultiViewVisibleImagesHPE_Custom/test/00_16/00_16_1680259694955_rgb.png,/nas/antoniodetoro/qwen/Qwen-Image-Edit-Angles-2/datos/MultiViewVisibleImagesHPE_Custom/00_17/to_00_16/Step_6_fake_00_16_from_00_17_1680259694955_rgb.png,OK,3.005618235228422,96.96969696969697,0.9990051201222867,excelente,14
1680259695256,/nas/antoniodetoro/qwen/Qwen-Image-Edit-Angles-2/datos/MultiViewVisibleImagesHPE_Custom/test/00_16/00_16_1680259695256_rgb.png,/nas/antoniodetoro/qwen/Qwen-Image-Edit-Angles-2/datos/MultiViewVisibleImagesHPE_Custom/00_17/to_00_16/Step_6_fake_00_16_from_00_17_1680259695256_rgb.png,OK,2.6158098809813146,96.96969696969697,0.9991700077789964,excelente,17
1680259695557,/nas/antoniodetoro/qwen/Qwen-Image-Edit-Angles-2/datos/MultiViewVisibleImagesHPE_Custom/test/00_16/00_16_1680259695557_rgb.png,/nas/antoniodetoro/qwen/Qwen-Image-Edit-Angles-2/datos/MultiViewVisibleImagesHPE_Custom/00_17/to_00_16/Step_6_fake_00_16_from_00_17_1680259695557_rgb.png,OK,4.523425495560941,87.87878787878788,0.9955165095556815,aceptable,19
1680259695858,/nas/antoniodetoro/qwen/Qwen-Image-Edit-Angles-2/datos/MultiViewVisibleImagesHPE_Custom/test/00_16/00_16_1680259695858_rgb.png,/nas/antoniodetoro/qwen/Qwen-Image-Edit-Angles-2/datos/MultiViewVisibleImagesHPE_Custom/00_17/to_00_16/Step_6_fake_00_16_from_00_17_1680259695858_rgb.png,OK,4.315017731496671,84.84848484848484,0.9977760736121619,aceptable,19
1680259696159,/nas/antoniodetoro/qwen/Qwen-Image-Edit-Angles-2/datos/MultiViewVisibleImagesHPE_Custom/test/00_16/00_16_1680259696159_rgb.png,/nas/antoniodetoro/qwen/Qwen-Image-Edit-Angles-2/datos/MultiViewVisibleImagesHPE_Custom/00_17/to_00_16/Step_6_fake_00_16_from_00_17_1680259696159_rgb.png,OK,4.763040804914028,60.60606060606061,0.9972290124419647,crítico,19
1680259696460,/nas/antoniodetoro/qwen/Qwen-Image-Edit-Angles-2/datos/MultiViewVisibleImagesHPE_Custom/test/00_16/00_16_1680259696460_rgb.png,/nas/antoniodetoro/qwen/Qwen-Image-Edit-Angles-2/datos/MultiViewVisibleImagesHPE_Custom/00_17/to_00_16/Step_6_fake_00_16_from_00_17_1680259696460_rgb.png,OK,3.7306269638387635,84.84848484848484,0.9986004824592236,aceptable,14
1680259696762,/nas/antoniodetoro/qwen/Qwen-Image-Edit-Angles-2/datos/MultiViewVisibleImagesHPE_Custom/test/00_16/00_16_1680259696762_rgb.png,/nas/antoniodetoro/qwen/Qwen-Image-Edit-Angles-2/datos/MultiViewVisibleImagesHPE_Custom/00_17/to_00_16/Step_6_fake_00_16_from_00_17_1680259696762_rgb.png,OK,4.844397794083833,72.72727272727273,0.997456649760563,aceptable,19
1680259697062,/nas/antoniodetoro/qwen/Qwen-Image-Edit-Angles-2/datos/MultiViewVisibleImagesHPE_Custom/test/00_16/00_16_1680259697062_rgb.png,/nas/antoniodetoro/qwen/Qwen-Image-Edit-Angles-2/datos/MultiViewVisibleImagesHPE_Custom/00_17/to_00_16/Step_6_fake_00_16_from_00_17_1680259697062_rgb.png,OK,3.9071753084532768,75.75757575757575,0.9983344762638855,aceptable,14
1680259697363,/nas/antoniodetoro/qwen/Qwen-Image-Edit-Angles-2/datos/MultiViewVisibleImagesHPE_Custom/test/00_16/00_16_1680259697363_rgb.png,/nas/antoniodetoro/qwen/Qwen-Image-Edit-Angles-2/datos/MultiViewVisibleImagesHPE_Custom/00_17/to_00_16/Step_6_fake_00_16_from_00_17_1680259697363_rgb.png,OK,3.6362824633486364,87.87878787878788,0.9986010894618497,aceptable,14
1680259697664,/nas/antoniodetoro/qwen/Qwen-Image-Edit-Angles-2/datos/MultiViewVisibleImagesHPE_Custom/test/00_16/00_16_1680259697664_rgb.png,/nas/antoniodetoro/qwen/Qwen-Image-Edit-Angles-2/datos/MultiViewVisibleImagesHPE_Custom/00_17/to_00_16/Step_6_fake_00_16_from_00_17_1680259697664_rgb.png,OK,4.006648228251743,78.78787878787878,0.998327527257119,aceptable,14
1680259697965,/nas/antoniodetoro/qwen/Qwen-Image-Edit-Angles-2/datos/MultiViewVisibleImagesHPE_Custom/test/00_16/00_16_1680259697965_rgb.png,/nas/antoniodetoro/qwen/Qwen-Image-Edit-Angles-2/datos/MultiViewVisibleImagesHPE_Custom/00_17/to_00_16/Step_6_fake_00_16_from_00_17_1680259697965_rgb.png,OK,4.557436854455209,48.484848484848484,0.9979091279817118,crítico,26
1680259698266,/nas/antoniodetoro/qwen/Qwen-Image-Edit-Angles-2/datos/MultiViewVisibleImagesHPE_Custom/test/00_16/00_16_1680259698266_rgb.png,/nas/antoniodetoro/qwen/Qwen-Image-Edit-Angles-2/datos/MultiViewVisibleImagesHPE_Custom/00_17/to_00_16/Step_6_fake_00_16_from_00_17_1680259698266_rgb.png,OK,5.429357357016761,42.42424242424242,0.9965753006890867,crítico,19
1680259698567,/nas/antoniodetoro/qwen/Qwen-Image-Edit-Angles-2/datos/MultiViewVisibleImagesHPE_Custom/test/00_16/00_16_1680259698567_rgb.png,/nas/antoniodetoro/qwen/Qwen-Image-Edit-Angles-2/datos/MultiViewVisibleImagesHPE_Custom/00_17/to_00_16/Step_6_fake_00_16_from_00_17_1680259698567_rgb.png,OK,8.546610593962702,21.21212121212121,0.9916036079101873,crítico,6
1680259698868,/nas/antoniodetoro/qwen/Qwen-Image-Edit-Angles-2/datos/MultiViewVisibleImagesHPE_Custom/test/00_16/00_16_1680259698868_rgb.png,/nas/antoniodetoro/qwen/Qwen-Image-Edit-Angles-2/datos/MultiViewVisibleImagesHPE_Custom/00_17/to_00_16/Step_6_fake_00_16_from_00_17_1680259698868_rgb.png,OK,10.1815881933372,9.090909090909092,0.9865233425849036,crítico,6
1680259699169,/nas/antoniodetoro/qwen/Qwen-Image-Edit-Angles-2/datos/MultiViewVisibleImagesHPE_Custom/test/00_16/00_16_1680259699169_rgb.png,/nas/antoniodetoro/qwen/Qwen-Image-Edit-Angles-2/datos/MultiViewVisibleImagesHPE_Custom/00_17/to_00_16/Step_6_fake_00_16_from_00_17_1680259699169_rgb.png,OK,9.241440933715444,21.21212121212121,0.989087341115319,crítico,19
1680259700072,/nas/antoniodetoro/qwen/Qwen-Image-Edit-Angles-2/datos/MultiViewVisibleImagesHPE_Custom/test/00_16/00_16_1680259700072_rgb.png,/nas/antoniodetoro/qwen/Qwen-Image-Edit-Angles-2/datos/MultiViewVisibleImagesHPE_Custom/00_17/to_00_16/Step_6_fake_00_16_from_00_17_1680259700072_rgb.png,OK,7.04813943169538,36.36363636363637,0.9941623461703953,crítico,6
1680259700373,/nas/antoniodetoro/qwen/Qwen-Image-Edit-Angles-2/datos/MultiViewVisibleImagesHPE_Custom/test/00_16/00_16_1680259700373_rgb.png,/nas/antoniodetoro/qwen/Qwen-Image-Edit-Angles-2/datos/MultiViewVisibleImagesHPE_Custom/00_17/to_00_16/Step_6_fake_00_16_from_00_17_1680259700373_rgb.png,OK,5.337957340709551,39.39393939393939,0.9962770429854494,crítico,19
1680259700674,/nas/antoniodetoro/qwen/Qwen-Image-Edit-Angles-2/datos/MultiViewVisibleImagesHPE_Custom/test/00_16/00_16_1680259700674_rgb.png,/nas/antoniodetoro/qwen/Qwen-Image-Edit-Angles-2/datos/MultiViewVisibleImagesHPE_Custom/00_17/to_00_16/Step_6_fake_00_16_from_00_17_1680259700674_rgb.png,OK,3.588347470865892,90.9090909090909,0.9986257246866137,excelente,6
1680259700975,/nas/antoniodetoro/qwen/Qwen-Image-Edit-Angles-2/datos/MultiViewVisibleImagesHPE_Custom/test/00_16/00_16_1680259700975_rgb.png,/nas/antoniodetoro/qwen/Qwen-Image-Edit-Angles-2/datos/MultiViewVisibleImagesHPE_Custom/00_17/to_00_16/Step_6_fake_00_16_from_00_17_1680259700975_rgb.png,OK,3.6264373964411907,84.84848484848484,0.9985553204655554,aceptable,6
1680259701276,/nas/antoniodetoro/qwen/Qwen-Image-Edit-Angles-2/datos/MultiViewVisibleImagesHPE_Custom/test/00_16/00_16_1680259701276_rgb.png,/nas/antoniodetoro/qwen/Qwen-Image-Edit-Angles-2/datos/MultiViewVisibleImagesHPE_Custom/00_17/to_00_16/Step_6_fake_00_16_from_00_17_1680259701276_rgb.png,OK,5.194097176346015,48.484848484848484,0.9970349431715669,crítico,6
1680259701577,/nas/antoniodetoro/qwen/Qwen-Image-Edit-Angles-2/datos/MultiViewVisibleImagesHPE_Custom/test/00_16/00_16_1680259701577_rgb.png,/nas/antoniodetoro/qwen/Qwen-Image-Edit-Angles-2/datos/MultiViewVisibleImagesHPE_Custom/00_17/to_00_16/Step_6_fake_00_16_from_00_17_1680259701577_rgb.png,OK,4.467149189199269,87.87878787878788,0.9969810218940948,aceptable,19
1680259701878,/nas/antoniodetoro/qwen/Qwen-Image-Edit-Angles-2/datos/MultiViewVisibleImagesHPE_Custom/test/00_16/00_16_1680259701878_rgb.png,/nas/antoniodetoro/qwen/Qwen-Image-Edit-Angles-2/datos/MultiViewVisibleImagesHPE_Custom/00_17/to_00_16/Step_6_fake_00_16_from_00_17_1680259701878_rgb.png,OK,7.193353251253339,21.21212121212121,0.9949272670455613,crítico,26
1680259702180,/nas/antoniodetoro/qwen/Qwen-Image-Edit-Angles-2/datos/MultiViewVisibleImagesHPE_Custom/test/00_16/00_16_1680259702180_rgb.png,/nas/antoniodetoro/qwen/Qwen-Image-Edit-Angles-2/datos/MultiViewVisibleImagesHPE_Custom/00_17/to_00_16/Step_6_fake_00_16_from_00_17_1680259702180_rgb.png,OK,5.209216345170967,57.57575757575758,0.9966677368542199,crítico,19
1680259702481,/nas/antoniodetoro/qwen/Qwen-Image-Edit-Angles-2/datos/MultiViewVisibleImagesHPE_Custom/test/00_16/00_16_1680259702481_rgb.png,/nas/antoniodetoro/qwen/Qwen-Image-Edit-Angles-2/datos/MultiViewVisibleImagesHPE_Custom/00_17/to_00_16/Step_6_fake_00_16_from_00_17_1680259702481_rgb.png,OK,5.5981877501081065,42.42424242424242,0.99639061729024,crítico,1
1680259702782,/nas/antoniodetoro/qwen/Qwen-Image-Edit-Angles-2/datos/MultiViewVisibleImagesHPE_Custom/test/00_16/00_16_1680259702782_rgb.png,/nas/antoniodetoro/qwen/Qwen-Image-Edit-Angles-2/datos/MultiViewVisibleImagesHPE_Custom/00_17/to_00_16/Step_6_fake_00_16_from_00_17_1680259702782_rgb.png,OK,9.939944595868974,15.151515151515152,0.9873764094563587,crítico,6
1680259703083,/nas/antoniodetoro/qwen/Qwen-Image-Edit-Angles-2/datos/MultiViewVisibleImagesHPE_Custom/test/00_16/00_16_1680259703083_rgb.png,/nas/antoniodetoro/qwen/Qwen-Image-Edit-Angles-2/datos/MultiViewVisibleImagesHPE_Custom/00_17/to_00_16/Step_6_fake_00_16_from_00_17_1680259703083_rgb.png,OK,8.285837045229425,24.242424242424242,0.990661501156802,crítico,2
1680259703384,/nas/antoniodetoro/qwen/Qwen-Image-Edit-Angles-2/datos/MultiViewVisibleImagesHPE_Custom/test/00_16/00_16_1680259703384_rgb.png,/nas/antoniodetoro/qwen/Qwen-Image-Edit-Angles-2/datos/MultiViewVisibleImagesHPE_Custom/00_17/to_00_16/Step_6_fake_00_16_from_00_17_1680259703384_rgb.png,OK,4.8043206736851065,51.515151515151516,0.9970198713075547,crítico,26
1680259703686,/nas/antoniodetoro/qwen/Qwen-Image-Edit-Angles-2/datos/MultiViewVisibleImagesHPE_Custom/test/00_16/00_16_1680259703686_rgb.png,/nas/antoniodetoro/qwen/Qwen-Image-Edit-Angles-2/datos/MultiViewVisibleImagesHPE_Custom/00_17/to_00_16/Step_6_fake_00_16_from_00_17_1680259703686_rgb.png,OK,4.539822400994976,51.515151515151516,0.9976944397493167,crítico,29
1680259703987,/nas/antoniodetoro/qwen/Qwen-Image-Edit-Angles-2/datos/MultiViewVisibleImagesHPE_Custom/test/00_16/00_16_1680259703987_rgb.png,/nas/antoniodetoro/qwen/Qwen-Image-Edit-Angles-2/datos/MultiViewVisibleImagesHPE_Custom/00_17/to_00_16/Step_6_fake_00_16_from_00_17_1680259703987_rgb.png,OK,6.722140208524983,33.33333333333333,0.9962241256181991,crítico,14
1680259704288,/nas/antoniodetoro/qwen/Qwen-Image-Edit-Angles-2/datos/MultiViewVisibleImagesHPE_Custom/test/00_16/00_16_1680259704288_rgb.png,/nas/antoniodetoro/qwen/Qwen-Image-Edit-Angles-2/datos/MultiViewVisibleImagesHPE_Custom/00_17/to_00_16/Step_6_fake_00_16_from_00_17_1680259704288_rgb.png,OK,3.243260196120932,96.96969696969697,0.9989294723679616,excelente,12
1680259704589,/nas/antoniodetoro/qwen/Qwen-Image-Edit-Angles-2/datos/MultiViewVisibleImagesHPE_Custom/test/00_16/00_16_1680259704589_rgb.png,/nas/antoniodetoro/qwen/Qwen-Image-Edit-Angles-2/datos/MultiViewVisibleImagesHPE_Custom/00_17/to_00_16/Step_6_fake_00_16_from_00_17_1680259704589_rgb.png,OK,6.35057880739767,63.63636363636363,0.9932997171263115,crítico,19
1680259704890,/nas/antoniodetoro/qwen/Qwen-Image-Edit-Angles-2/datos/MultiViewVisibleImagesHPE_Custom/test/00_16/00_16_1680259704890_rgb.png,/nas/antoniodetoro/qwen/Qwen-Image-Edit-Angles-2/datos/MultiViewVisibleImagesHPE_Custom/00_17/to_00_16/Step_6_fake_00_16_from_00_17_1680259704890_rgb.png,OK,3.5449673285916155,84.84848484848484,0.998596801931944,aceptable,31
1680259705191,/nas/antoniodetoro/qwen/Qwen-Image-Edit-Angles-2/datos/MultiViewVisibleImagesHPE_Custom/test/00_16/00_16_1680259705191_rgb.png,/nas/antoniodetoro/qwen/Qwen-Image-Edit-Angles-2/datos/MultiViewVisibleImagesHPE_Custom/00_17/to_00_16/Step_6_fake_00_16_from_00_17_1680259705191_rgb.png,OK,3.48773600866751,87.87878787878788,0.9986471954615558,aceptable,14
1680259705493,/nas/antoniodetoro/qwen/Qwen-Image-Edit-Angles-2/datos/MultiViewVisibleImagesHPE_Custom/test/00_16/00_16_1680259705493_rgb.png,/nas/antoniodetoro/qwen/Qwen-Image-Edit-Angles-2/datos/MultiViewVisibleImagesHPE_Custom/00_17/to_00_16/Step_6_fake_00_16_from_00_17_1680259705493_rgb.png,OK,4.409659290023325,57.57575757575758,0.9982516411426494,crítico,14
1680259705794,/nas/antoniodetoro/qwen/Qwen-Image-Edit-Angles-2/datos/MultiViewVisibleImagesHPE_Custom/test/00_16/00_16_1680259705794_rgb.png,/nas/antoniodetoro/qwen/Qwen-Image-Edit-Angles-2/datos/MultiViewVisibleImagesHPE_Custom/00_17/to_00_16/Step_6_fake_00_16_from_00_17_1680259705794_rgb.png,OK,6.918389044700181,60.60606060606061,0.9907455906037884,crítico,20
1680259706095,/nas/antoniodetoro/qwen/Qwen-Image-Edit-Angles-2/datos/MultiViewVisibleImagesHPE_Custom/test/00_16/00_16_1680259706095_rgb.png,/nas/antoniodetoro/qwen/Qwen-Image-Edit-Angles-2/datos/MultiViewVisibleImagesHPE_Custom/00_17/to_00_16/Step_6_fake_00_16_from_00_17_1680259706095_rgb.png,OK,8.614979298188704,18.181818181818183,0.991024090804913,crítico,22
1680259707299,/nas/antoniodetoro/qwen/Qwen-Image-Edit-Angles-2/datos/MultiViewVisibleImagesHPE_Custom/test/00_16/00_16_1680259707299_rgb.png,/nas/antoniodetoro/qwen/Qwen-Image-Edit-Angles-2/datos/MultiViewVisibleImagesHPE_Custom/00_17/to_00_16/Step_6_fake_00_16_from_00_17_1680259707299_rgb.png,OK,3.289882391470394,87.87878787878788,0.9985262147488191,aceptable,19
1680259707600,/nas/antoniodetoro/qwen/Qwen-Image-Edit-Angles-2/datos/MultiViewVisibleImagesHPE_Custom/test/00_16/00_16_1680259707600_rgb.png,/nas/antoniodetoro/qwen/Qwen-Image-Edit-Angles-2/datos/MultiViewVisibleImagesHPE_Custom/00_17/to_00_16/Step_6_fake_00_16_from_00_17_1680259707600_rgb.png,OK,4.060703944468468,72.72727272727273,0.9981203473109179,aceptable,14
1680259707901,/nas/antoniodetoro/qwen/Qwen-Image-Edit-Angles-2/datos/MultiViewVisibleImagesHPE_Custom/test/00_16/00_16_1680259707901_rgb.png,/nas/antoniodetoro/qwen/Qwen-Image-Edit-Angles-2/datos/MultiViewVisibleImagesHPE_Custom/00_17/to_00_16/Step_6_fake_00_16_from_00_17_1680259707901_rgb.png,OK,4.229653997759863,78.78787878787878,0.9974547145782354,aceptable,19
1680259708202,/nas/antoniodetoro/qwen/Qwen-Image-Edit-Angles-2/datos/MultiViewVisibleImagesHPE_Custom/test/00_16/00_16_1680259708202_rgb.png,/nas/antoniodetoro/qwen/Qwen-Image-Edit-Angles-2/datos/MultiViewVisibleImagesHPE_Custom/00_17/to_00_16/Step_6_fake_00_16_from_00_17_1680259708202_rgb.png,OK,4.749652146054115,57.57575757575758,0.9976205600476854,crítico,14
1680259708503,/nas/antoniodetoro/qwen/Qwen-Image-Edit-Angles-2/datos/MultiViewVisibleImagesHPE_Custom/test/00_16/00_16_1680259708503_rgb.png,/nas/antoniodetoro/qwen/Qwen-Image-Edit-Angles-2/datos/MultiViewVisibleImagesHPE_Custom/00_17/to_00_16/Step_6_fake_00_16_from_00_17_1680259708503_rgb.png,OK,4.039079953896641,84.84848484848484,0.9982776690669207,aceptable,12
1680259708804,/nas/antoniodetoro/qwen/Qwen-Image-Edit-Angles-2/datos/MultiViewVisibleImagesHPE_Custom/test/00_16/00_16_1680259708804_rgb.png,/nas/antoniodetoro/qwen/Qwen-Image-Edit-Angles-2/datos/MultiViewVisibleImagesHPE_Custom/00_17/to_00_16/Step_6_fake_00_16_from_00_17_1680259708804_rgb.png,OK,4.449026235619339,63.63636363636363,0.998025450828919,crítico,14
1680259709105,/nas/antoniodetoro/qwen/Qwen-Image-Edit-Angles-2/datos/MultiViewVisibleImagesHPE_Custom/test/00_16/00_16_1680259709105_rgb.png,/nas/antoniodetoro/qwen/Qwen-Image-Edit-Angles-2/datos/MultiViewVisibleImagesHPE_Custom/00_17/to_00_16/Step_6_fake_00_16_from_00_17_1680259709105_rgb.png,OK,8.168362496621684,24.242424242424242,0.9909082008397629,crítico,18
1680259709406,/nas/antoniodetoro/qwen/Qwen-Image-Edit-Angles-2/datos/MultiViewVisibleImagesHPE_Custom/test/00_16/00_16_1680259709406_rgb.png,/nas/antoniodetoro/qwen/Qwen-Image-Edit-Angles-2/datos/MultiViewVisibleImagesHPE_Custom/00_17/to_00_16/Step_6_fake_00_16_from_00_17_1680259709406_rgb.png,OK,5.54146495511923,60.60606060606061,0.9966236918411892,crítico,18
1680259710610,/nas/antoniodetoro/qwen/Qwen-Image-Edit-Angles-2/datos/MultiViewVisibleImagesHPE_Custom/test/00_16/00_16_1680259710610_rgb.png,/nas/antoniodetoro/qwen/Qwen-Image-Edit-Angles-2/datos/MultiViewVisibleImagesHPE_Custom/00_17/to_00_16/Step_6_fake_00_16_from_00_17_1680259710610_rgb.png,OK,9.762197415164898,15.151515151515152,0.9882654040090885,crítico,7
1680259710911,/nas/antoniodetoro/qwen/Qwen-Image-Edit-Angles-2/datos/MultiViewVisibleImagesHPE_Custom/test/00_16/00_16_1680259710911_rgb.png,/nas/antoniodetoro/qwen/Qwen-Image-Edit-Angles-2/datos/MultiViewVisibleImagesHPE_Custom/00_17/to_00_16/Step_6_fake_00_16_from_00_17_1680259710911_rgb.png,OK,7.587011603767002,12.121212121212121,0.9965085535315377,crítico,19
1680259711212,/nas/antoniodetoro/qwen/Qwen-Image-Edit-Angles-2/datos/MultiViewVisibleImagesHPE_Custom/test/00_16/00_16_1680259711212_rgb.png,/nas/antoniodetoro/qwen/Qwen-Image-Edit-Angles-2/datos/MultiViewVisibleImagesHPE_Custom/00_17/to_00_16/Step_6_fake_00_16_from_00_17_1680259711212_rgb.png,OK,3.03109783665108,90.9090909090909,0.9989068535320981,excelente,29
1680259711513,/nas/antoniodetoro/qwen/Qwen-Image-Edit-Angles-2/datos/MultiViewVisibleImagesHPE_Custom/test/00_16/00_16_1680259711513_rgb.png,/nas/antoniodetoro/qwen/Qwen-Image-Edit-Angles-2/datos/MultiViewVisibleImagesHPE_Custom/00_17/to_00_16/Step_6_fake_00_16_from_00_17_1680259711513_rgb.png,OK,5.13244998649114,54.54545454545454,0.9972962874751696,crítico,14
1680259711814,/nas/antoniodetoro/qwen/Qwen-Image-Edit-Angles-2/datos/MultiViewVisibleImagesHPE_Custom/test/00_16/00_16_1680259711814_rgb.png,/nas/antoniodetoro/qwen/Qwen-Image-Edit-Angles-2/datos/MultiViewVisibleImagesHPE_Custom/00_17/to_00_16/Step_6_fake_00_16_from_00_17_1680259711814_rgb.png,OK,3.800026506558409,72.72727272727273,0.9980869779304635,aceptable,17
1680259712115,/nas/antoniodetoro/qwen/Qwen-Image-Edit-Angles-2/datos/MultiViewVisibleImagesHPE_Custom/test/00_16/00_16_1680259712115_rgb.png,/nas/antoniodetoro/qwen/Qwen-Image-Edit-Angles-2/datos/MultiViewVisibleImagesHPE_Custom/00_17/to_00_16/Step_6_fake_00_16_from_00_17_1680259712115_rgb.png,OK,3.858161184685779,84.84848484848484,0.9982744050406909,aceptable,19
1680259712416,/nas/antoniodetoro/qwen/Qwen-Image-Edit-Angles-2/datos/MultiViewVisibleImagesHPE_Custom/test/00_16/00_16_1680259712416_rgb.png,/nas/antoniodetoro/qwen/Qwen-Image-Edit-Angles-2/datos/MultiViewVisibleImagesHPE_Custom/00_17/to_00_16/Step_6_fake_00_16_from_00_17_1680259712416_rgb.png,OK,4.103586723200805,60.60606060606061,0.9983029035366795,crítico,6
1680259712717,/nas/antoniodetoro/qwen/Qwen-Image-Edit-Angles-2/datos/MultiViewVisibleImagesHPE_Custom/test/00_16/00_16_1680259712717_rgb.png,/nas/antoniodetoro/qwen/Qwen-Image-Edit-Angles-2/datos/MultiViewVisibleImagesHPE_Custom/00_17/to_00_16/Step_6_fake_00_16_from_00_17_1680259712717_rgb.png,OK,3.691297692888867,87.87878787878788,0.998031001707255,aceptable,19
1680259713018,/nas/antoniodetoro/qwen/Qwen-Image-Edit-Angles-2/datos/MultiViewVisibleImagesHPE_Custom/test/00_16/00_16_1680259713018_rgb.png,/nas/antoniodetoro/qwen/Qwen-Image-Edit-Angles-2/datos/MultiViewVisibleImagesHPE_Custom/00_17/to_00_16/Step_6_fake_00_16_from_00_17_1680259713018_rgb.png,OK,2.547532531344292,87.87878787878788,0.9992285145389833,aceptable,15
1680259713320,/nas/antoniodetoro/qwen/Qwen-Image-Edit-Angles-2/datos/MultiViewVisibleImagesHPE_Custom/test/00_16/00_16_1680259713320_rgb.png,/nas/antoniodetoro/qwen/Qwen-Image-Edit-Angles-2/datos/MultiViewVisibleImagesHPE_Custom/00_17/to_00_16/Step_6_fake_00_16_from_00_17_1680259713320_rgb.png,OK,5.805475122281014,78.78787878787878,0.9936380911136119,aceptable,19
1680259713621,/nas/antoniodetoro/qwen/Qwen-Image-Edit-Angles-2/datos/MultiViewVisibleImagesHPE_Custom/test/00_16/00_16_1680259713621_rgb.png,/nas/antoniodetoro/qwen/Qwen-Image-Edit-Angles-2/datos/MultiViewVisibleImagesHPE_Custom/00_17/to_00_16/Step_6_fake_00_16_from_00_17_1680259713621_rgb.png,OK,5.188093855879044,78.78787878787878,0.99516673482192,aceptable,19
1680259713922,/nas/antoniodetoro/qwen/Qwen-Image-Edit-Angles-2/datos/MultiViewVisibleImagesHPE_Custom/test/00_16/00_16_1680259713922_rgb.png,/nas/antoniodetoro/qwen/Qwen-Image-Edit-Angles-2/datos/MultiViewVisibleImagesHPE_Custom/00_17/to_00_16/Step_6_fake_00_16_from_00_17_1680259713922_rgb.png,OK,5.768579313118628,63.63636363636363,0.995364765448316,crítico,19
1680259714223,/nas/antoniodetoro/qwen/Qwen-Image-Edit-Angles-2/datos/MultiViewVisibleImagesHPE_Custom/test/00_16/00_16_1680259714223_rgb.png,/nas/antoniodetoro/qwen/Qwen-Image-Edit-Angles-2/datos/MultiViewVisibleImagesHPE_Custom/00_17/to_00_16/Step_6_fake_00_16_from_00_17_1680259714223_rgb.png,OK,3.5175513169957786,87.87878787878788,0.9989378489890453,aceptable,6
1680259714524,/nas/antoniodetoro/qwen/Qwen-Image-Edit-Angles-2/datos/MultiViewVisibleImagesHPE_Custom/test/00_16/00_16_1680259714524_rgb.png,/nas/antoniodetoro/qwen/Qwen-Image-Edit-Angles-2/datos/MultiViewVisibleImagesHPE_Custom/00_17/to_00_16/Step_6_fake_00_16_from_00_17_1680259714524_rgb.png,OK,4.37234538448297,57.57575757575758,0.9978665989688,crítico,17
1680259714826,/nas/antoniodetoro/qwen/Qwen-Image-Edit-Angles-2/datos/MultiViewVisibleImagesHPE_Custom/test/00_16/00_16_1680259714826_rgb.png,/nas/antoniodetoro/qwen/Qwen-Image-Edit-Angles-2/datos/MultiViewVisibleImagesHPE_Custom/00_17/to_00_16/Step_6_fake_00_16_from_00_17_1680259714826_rgb.png,OK,3.5251005134779843,81.81818181818183,0.9982822740850901,aceptable,21
1680262339882,/nas/antoniodetoro/qwen/Qwen-Image-Edit-Angles-2/datos/MultiViewVisibleImagesHPE_Custom/test/00_16/00_16_1680262339882_rgb.png,/nas/antoniodetoro/qwen/Qwen-Image-Edit-Angles-2/datos/MultiViewVisibleImagesHPE_Custom/00_17/to_00_16/Step_6_fake_00_16_from_00_17_1680262339882_rgb.png,OK,5.498330775416397,54.54545454545454,0.9972762050649641,crítico,0
1680262340183,/nas/antoniodetoro/qwen/Qwen-Image-Edit-Angles-2/datos/MultiViewVisibleImagesHPE_Custom/test/00_16/00_16_1680262340183_rgb.png,/nas/antoniodetoro/qwen/Qwen-Image-Edit-Angles-2/datos/MultiViewVisibleImagesHPE_Custom/00_17/to_00_16/Step_6_fake_00_16_from_00_17_1680262340183_rgb.png,OK,5.805843491807724,45.45454545454545,0.9970066462343745,crítico,5
1680262340485,/nas/antoniodetoro/qwen/Qwen-Image-Edit-Angles-2/datos/MultiViewVisibleImagesHPE_Custom/test/00_16/00_16_1680262340485_rgb.png,/nas/antoniodetoro/qwen/Qwen-Image-Edit-Angles-2/datos/MultiViewVisibleImagesHPE_Custom/00_17/to_00_16/Step_6_fake_00_16_from_00_17_1680262340485_rgb.png,OK,4.52705000309054,60.60606060606061,0.9981206221423318,crítico,5
1680262340785,/nas/antoniodetoro/qwen/Qwen-Image-Edit-Angles-2/datos/MultiViewVisibleImagesHPE_Custom/test/00_16/00_16_1680262340785_rgb.png,/nas/antoniodetoro/qwen/Qwen-Image-Edit-Angles-2/datos/MultiViewVisibleImagesHPE_Custom/00_17/to_00_16/Step_6_fake_00_16_from_00_17_1680262340785_rgb.png,OK,4.914788077192306,51.515151515151516,0.9979736899466068,crítico,18
1680262341086,/nas/antoniodetoro/qwen/Qwen-Image-Edit-Angles-2/datos/MultiViewVisibleImagesHPE_Custom/test/00_16/00_16_1680262341086_rgb.png,/nas/antoniodetoro/qwen/Qwen-Image-Edit-Angles-2/datos/MultiViewVisibleImagesHPE_Custom/00_17/to_00_16/Step_6_fake_00_16_from_00_17_1680262341086_rgb.png,OK,4.307442933400068,51.515151515151516,0.9983815484908564,crítico,12
1680262341387,/nas/antoniodetoro/qwen/Qwen-Image-Edit-Angles-2/datos/MultiViewVisibleImagesHPE_Custom/test/00_16/00_16_1680262341387_rgb.png,/nas/antoniodetoro/qwen/Qwen-Image-Edit-Angles-2/datos/MultiViewVisibleImagesHPE_Custom/00_17/to_00_16/Step_6_fake_00_16_from_00_17_1680262341387_rgb.png,OK,3.333774452411154,96.96969696969697,0.9989695271110208,excelente,12
1680262341689,/nas/antoniodetoro/qwen/Qwen-Image-Edit-Angles-2/datos/MultiViewVisibleImagesHPE_Custom/test/00_16/00_16_1680262341689_rgb.png,/nas/antoniodetoro/qwen/Qwen-Image-Edit-Angles-2/datos/MultiViewVisibleImagesHPE_Custom/00_17/to_00_16/Step_6_fake_00_16_from_00_17_1680262341689_rgb.png,OK,3.8342227688294734,81.81818181818183,0.9988749300770702,aceptable,20
1680262341990,/nas/antoniodetoro/qwen/Qwen-Image-Edit-Angles-2/datos/MultiViewVisibleImagesHPE_Custom/test/00_16/00_16_1680262341990_rgb.png,/nas/antoniodetoro/qwen/Qwen-Image-Edit-Angles-2/datos/MultiViewVisibleImagesHPE_Custom/00_17/to_00_16/Step_6_fake_00_16_from_00_17_1680262341990_rgb.png,OK,3.7834399160246304,66.66666666666666,0.9988558968526066,crítico,12
1680262342291,/nas/antoniodetoro/qwen/Qwen-Image-Edit-Angles-2/datos/MultiViewVisibleImagesHPE_Custom/test/00_16/00_16_1680262342291_rgb.png,/nas/antoniodetoro/qwen/Qwen-Image-Edit-Angles-2/datos/MultiViewVisibleImagesHPE_Custom/00_17/to_00_16/Step_6_fake_00_16_from_00_17_1680262342291_rgb.png,OK,3.9321580680473756,57.57575757575758,0.9985413386803567,crítico,12
1680262342592,/nas/antoniodetoro/qwen/Qwen-Image-Edit-Angles-2/datos/MultiViewVisibleImagesHPE_Custom/test/00_16/00_16_1680262342592_rgb.png,/nas/antoniodetoro/qwen/Qwen-Image-Edit-Angles-2/datos/MultiViewVisibleImagesHPE_Custom/00_17/to_00_16/Step_6_fake_00_16_from_00_17_1680262342592_rgb.png,OK,4.347742923033331,51.515151515151516,0.9984192398688406,crítico,12
1680262342893,/nas/antoniodetoro/qwen/Qwen-Image-Edit-Angles-2/datos/MultiViewVisibleImagesHPE_Custom/test/00_16/00_16_1680262342893_rgb.png,/nas/antoniodetoro/qwen/Qwen-Image-Edit-Angles-2/datos/MultiViewVisibleImagesHPE_Custom/00_17/to_00_16/Step_6_fake_00_16_from_00_17_1680262342893_rgb.png,OK,3.390864495050815,90.9090909090909,0.9990918386779349,excelente,22
1680262343194,/nas/antoniodetoro/qwen/Qwen-Image-Edit-Angles-2/datos/MultiViewVisibleImagesHPE_Custom/test/00_16/00_16_1680262343194_rgb.png,/nas/antoniodetoro/qwen/Qwen-Image-Edit-Angles-2/datos/MultiViewVisibleImagesHPE_Custom/00_17/to_00_16/Step_6_fake_00_16_from_00_17_1680262343194_rgb.png,OK,4.543762920446189,48.484848484848484,0.9986731408051561,crítico,20
1680262343495,/nas/antoniodetoro/qwen/Qwen-Image-Edit-Angles-2/datos/MultiViewVisibleImagesHPE_Custom/test/00_16/00_16_1680262343495_rgb.png,/nas/antoniodetoro/qwen/Qwen-Image-Edit-Angles-2/datos/MultiViewVisibleImagesHPE_Custom/00_17/to_00_16/Step_6_fake_00_16_from_00_17_1680262343495_rgb.png,OK,4.944522230028539,42.42424242424242,0.9982950972935795,crítico,20
1680262343796,/nas/antoniodetoro/qwen/Qwen-Image-Edit-Angles-2/datos/MultiViewVisibleImagesHPE_Custom/test/00_16/00_16_1680262343796_rgb.png,/nas/antoniodetoro/qwen/Qwen-Image-Edit-Angles-2/datos/MultiViewVisibleImagesHPE_Custom/00_17/to_00_16/Step_6_fake_00_16_from_00_17_1680262343796_rgb.png,OK,5.036178247873849,45.45454545454545,0.9981430572084596,crítico,18
1680262344097,/nas/antoniodetoro/qwen/Qwen-Image-Edit-Angles-2/datos/MultiViewVisibleImagesHPE_Custom/test/00_16/00_16_1680262344097_rgb.png,/nas/antoniodetoro/qwen/Qwen-Image-Edit-Angles-2/datos/MultiViewVisibleImagesHPE_Custom/00_17/to_00_16/Step_6_fake_00_16_from_00_17_1680262344097_rgb.png,OK,3.8004056677676887,93.93939393939394,0.9988560019309879,excelente,12
1680262344398,/nas/antoniodetoro/qwen/Qwen-Image-Edit-Angles-2/datos/MultiViewVisibleImagesHPE_Custom/test/00_16/00_16_1680262344398_rgb.png,/nas/antoniodetoro/qwen/Qwen-Image-Edit-Angles-2/datos/MultiViewVisibleImagesHPE_Custom/00_17/to_00_16/Step_6_fake_00_16_from_00_17_1680262344398_rgb.png,OK,4.297286037392462,63.63636363636363,0.9983097718930449,crítico,12
1680262344700,/nas/antoniodetoro/qwen/Qwen-Image-Edit-Angles-2/datos/MultiViewVisibleImagesHPE_Custom/test/00_16/00_16_1680262344700_rgb.png,/nas/antoniodetoro/qwen/Qwen-Image-Edit-Angles-2/datos/MultiViewVisibleImagesHPE_Custom/00_17/to_00_16/Step_6_fake_00_16_from_00_17_1680262344700_rgb.png,OK,3.7851136730313555,66.66666666666666,0.9987098831422965,crítico,12
1680262345001,/nas/antoniodetoro/qwen/Qwen-Image-Edit-Angles-2/datos/MultiViewVisibleImagesHPE_Custom/test/00_16/00_16_1680262345001_rgb.png,/nas/antoniodetoro/qwen/Qwen-Image-Edit-Angles-2/datos/MultiViewVisibleImagesHPE_Custom/00_17/to_00_16/Step_6_fake_00_16_from_00_17_1680262345001_rgb.png,OK,4.795969864995292,45.45454545454545,0.9983167380774638,crítico,14
1680262345302,/nas/antoniodetoro/qwen/Qwen-Image-Edit-Angles-2/datos/MultiViewVisibleImagesHPE_Custom/test/00_16/00_16_1680262345302_rgb.png,/nas/antoniodetoro/qwen/Qwen-Image-Edit-Angles-2/datos/MultiViewVisibleImagesHPE_Custom/00_17/to_00_16/Step_6_fake_00_16_from_00_17_1680262345302_rgb.png,OK,4.008908438203751,60.60606060606061,0.9986557220001288,crítico,14
1680262345603,/nas/antoniodetoro/qwen/Qwen-Image-Edit-Angles-2/datos/MultiViewVisibleImagesHPE_Custom/test/00_16/00_16_1680262345603_rgb.png,/nas/antoniodetoro/qwen/Qwen-Image-Edit-Angles-2/datos/MultiViewVisibleImagesHPE_Custom/00_17/to_00_16/Step_6_fake_00_16_from_00_17_1680262345603_rgb.png,OK,4.311361573105215,57.57575757575758,0.9987342171768735,crítico,14
1680262345904,/nas/antoniodetoro/qwen/Qwen-Image-Edit-Angles-2/datos/MultiViewVisibleImagesHPE_Custom/test/00_16/00_16_1680262345904_rgb.png,/nas/antoniodetoro/qwen/Qwen-Image-Edit-Angles-2/datos/MultiViewVisibleImagesHPE_Custom/00_17/to_00_16/Step_6_fake_00_16_from_00_17_1680262345904_rgb.png,OK,4.030114873156022,66.66666666666666,0.9987347072636148,crítico,0
1680262346205,/nas/antoniodetoro/qwen/Qwen-Image-Edit-Angles-2/datos/MultiViewVisibleImagesHPE_Custom/test/00_16/00_16_1680262346205_rgb.png,/nas/antoniodetoro/qwen/Qwen-Image-Edit-Angles-2/datos/MultiViewVisibleImagesHPE_Custom/00_17/to_00_16/Step_6_fake_00_16_from_00_17_1680262346205_rgb.png,OK,4.203792376735902,63.63636363636363,0.9987607993879254,crítico,0
1680262346506,/nas/antoniodetoro/qwen/Qwen-Image-Edit-Angles-2/datos/MultiViewVisibleImagesHPE_Custom/test/00_16/00_16_1680262346506_rgb.png,/nas/antoniodetoro/qwen/Qwen-Image-Edit-Angles-2/datos/MultiViewVisibleImagesHPE_Custom/00_17/to_00_16/Step_6_fake_00_16_from_00_17_1680262346506_rgb.png,OK,5.714982655836976,72.72727272727273,0.9943579520586933,aceptable,20
1680262347409,/nas/antoniodetoro/qwen/Qwen-Image-Edit-Angles-2/datos/MultiViewVisibleImagesHPE_Custom/test/00_16/00_16_1680262347409_rgb.png,/nas/antoniodetoro/qwen/Qwen-Image-Edit-Angles-2/datos/MultiViewVisibleImagesHPE_Custom/00_17/to_00_16/Step_6_fake_00_16_from_00_17_1680262347409_rgb.png,OK,4.721871188732723,48.484848484848484,0.9973076481786929,crítico,18
1680262347711,/nas/antoniodetoro/qwen/Qwen-Image-Edit-Angles-2/datos/MultiViewVisibleImagesHPE_Custom/test/00_16/00_16_1680262347711_rgb.png,/nas/antoniodetoro/qwen/Qwen-Image-Edit-Angles-2/datos/MultiViewVisibleImagesHPE_Custom/00_17/to_00_16/Step_6_fake_00_16_from_00_17_1680262347711_rgb.png,OK,3.551968021857491,75.75757575757575,0.9987410024486759,aceptable,14
1680262348011,/nas/antoniodetoro/qwen/Qwen-Image-Edit-Angles-2/datos/MultiViewVisibleImagesHPE_Custom/test/00_16/00_16_1680262348011_rgb.png,/nas/antoniodetoro/qwen/Qwen-Image-Edit-Angles-2/datos/MultiViewVisibleImagesHPE_Custom/00_17/to_00_16/Step_6_fake_00_16_from_00_17_1680262348011_rgb.png,OK,4.408075639430357,54.54545454545454,0.9984449473904338,crítico,18
1680262348312,/nas/antoniodetoro/qwen/Qwen-Image-Edit-Angles-2/datos/MultiViewVisibleImagesHPE_Custom/test/00_16/00_16_1680262348312_rgb.png,/nas/antoniodetoro/qwen/Qwen-Image-Edit-Angles-2/datos/MultiViewVisibleImagesHPE_Custom/00_17/to_00_16/Step_6_fake_00_16_from_00_17_1680262348312_rgb.png,OK,3.9556645994258157,72.72727272727273,0.9984125032755427,aceptable,10
1680262348613,/nas/antoniodetoro/qwen/Qwen-Image-Edit-Angles-2/datos/MultiViewVisibleImagesHPE_Custom/test/00_16/00_16_1680262348613_rgb.png,/nas/antoniodetoro/qwen/Qwen-Image-Edit-Angles-2/datos/MultiViewVisibleImagesHPE_Custom/00_17/to_00_16/Step_6_fake_00_16_from_00_17_1680262348613_rgb.png,OK,5.973026005182484,81.81818181818183,0.9935551198446256,aceptable,20
1680262348914,/nas/antoniodetoro/qwen/Qwen-Image-Edit-Angles-2/datos/MultiViewVisibleImagesHPE_Custom/test/00_16/00_16_1680262348914_rgb.png,/nas/antoniodetoro/qwen/Qwen-Image-Edit-Angles-2/datos/MultiViewVisibleImagesHPE_Custom/00_17/to_00_16/Step_6_fake_00_16_from_00_17_1680262348914_rgb.png,OK,8.321342754699593,78.78787878787878,0.9814463497934988,aceptable,18
1680262349215,/nas/antoniodetoro/qwen/Qwen-Image-Edit-Angles-2/datos/MultiViewVisibleImagesHPE_Custom/test/00_16/00_16_1680262349215_rgb.png,/nas/antoniodetoro/qwen/Qwen-Image-Edit-Angles-2/datos/MultiViewVisibleImagesHPE_Custom/00_17/to_00_16/Step_6_fake_00_16_from_00_17_1680262349215_rgb.png,OK,8.670315926129874,60.60606060606061,0.9810269500579333,crítico,18
1680262349516,/nas/antoniodetoro/qwen/Qwen-Image-Edit-Angles-2/datos/MultiViewVisibleImagesHPE_Custom/test/00_16/00_16_1680262349516_rgb.png,/nas/antoniodetoro/qwen/Qwen-Image-Edit-Angles-2/datos/MultiViewVisibleImagesHPE_Custom/00_17/to_00_16/Step_6_fake_00_16_from_00_17_1680262349516_rgb.png,OK,8.31615177800831,57.57575757575758,0.9839787822880176,crítico,20
1680262349817,/nas/antoniodetoro/qwen/Qwen-Image-Edit-Angles-2/datos/MultiViewVisibleImagesHPE_Custom/test/00_16/00_16_1680262349817_rgb.png,/nas/antoniodetoro/qwen/Qwen-Image-Edit-Angles-2/datos/MultiViewVisibleImagesHPE_Custom/00_17/to_00_16/Step_6_fake_00_16_from_00_17_1680262349817_rgb.png,OK,4.21658106640081,54.54545454545454,0.9985243528686593,crítico,14
1680262350118,/nas/antoniodetoro/qwen/Qwen-Image-Edit-Angles-2/datos/MultiViewVisibleImagesHPE_Custom/test/00_16/00_16_1680262350118_rgb.png,/nas/antoniodetoro/qwen/Qwen-Image-Edit-Angles-2/datos/MultiViewVisibleImagesHPE_Custom/00_17/to_00_16/Step_6_fake_00_16_from_00_17_1680262350118_rgb.png,OK,4.973364547768335,45.45454545454545,0.9980800683281418,crítico,14
1680262350419,/nas/antoniodetoro/qwen/Qwen-Image-Edit-Angles-2/datos/MultiViewVisibleImagesHPE_Custom/test/00_16/00_16_1680262350419_rgb.png,/nas/antoniodetoro/qwen/Qwen-Image-Edit-Angles-2/datos/MultiViewVisibleImagesHPE_Custom/00_17/to_00_16/Step_6_fake_00_16_from_00_17_1680262350419_rgb.png,OK,5.9122603382873455,51.515151515151516,0.994372790094029,crítico,20
1680262350720,/nas/antoniodetoro/qwen/Qwen-Image-Edit-Angles-2/datos/MultiViewVisibleImagesHPE_Custom/test/00_16/00_16_1680262350720_rgb.png,/nas/antoniodetoro/qwen/Qwen-Image-Edit-Angles-2/datos/MultiViewVisibleImagesHPE_Custom/00_17/to_00_16/Step_6_fake_00_16_from_00_17_1680262350720_rgb.png,OK,4.155102435214545,54.54545454545454,0.9983465113218434,crítico,14
1680262351021,/nas/antoniodetoro/qwen/Qwen-Image-Edit-Angles-2/datos/MultiViewVisibleImagesHPE_Custom/test/00_16/00_16_1680262351021_rgb.png,/nas/antoniodetoro/qwen/Qwen-Image-Edit-Angles-2/datos/MultiViewVisibleImagesHPE_Custom/00_17/to_00_16/Step_6_fake_00_16_from_00_17_1680262351021_rgb.png,OK,4.943228828704993,48.484848484848484,0.9981148311838011,crítico,14
1680262351322,/nas/antoniodetoro/qwen/Qwen-Image-Edit-Angles-2/datos/MultiViewVisibleImagesHPE_Custom/test/00_16/00_16_1680262351322_rgb.png,/nas/antoniodetoro/qwen/Qwen-Image-Edit-Angles-2/datos/MultiViewVisibleImagesHPE_Custom/00_17/to_00_16/Step_6_fake_00_16_from_00_17_1680262351322_rgb.png,OK,3.8756819782986343,78.78787878787878,0.9990343250698854,aceptable,14
1680262351623,/nas/antoniodetoro/qwen/Qwen-Image-Edit-Angles-2/datos/MultiViewVisibleImagesHPE_Custom/test/00_16/00_16_1680262351623_rgb.png,/nas/antoniodetoro/qwen/Qwen-Image-Edit-Angles-2/datos/MultiViewVisibleImagesHPE_Custom/00_17/to_00_16/Step_6_fake_00_16_from_00_17_1680262351623_rgb.png,OK,4.061195353783459,63.63636363636363,0.9984228847017471,crítico,12
1680262351924,/nas/antoniodetoro/qwen/Qwen-Image-Edit-Angles-2/datos/MultiViewVisibleImagesHPE_Custom/test/00_16/00_16_1680262351924_rgb.png,/nas/antoniodetoro/qwen/Qwen-Image-Edit-Angles-2/datos/MultiViewVisibleImagesHPE_Custom/00_17/to_00_16/Step_6_fake_00_16_from_00_17_1680262351924_rgb.png,OK,3.8030436551484215,63.63636363636363,0.9987005110900018,crítico,12
1680262352225,/nas/antoniodetoro/qwen/Qwen-Image-Edit-Angles-2/datos/MultiViewVisibleImagesHPE_Custom/test/00_16/00_16_1680262352225_rgb.png,/nas/antoniodetoro/qwen/Qwen-Image-Edit-Angles-2/datos/MultiViewVisibleImagesHPE_Custom/00_17/to_00_16/Step_6_fake_00_16_from_00_17_1680262352225_rgb.png,OK,4.074235829408237,63.63636363636363,0.998657803567649,crítico,12
1680262352526,/nas/antoniodetoro/qwen/Qwen-Image-Edit-Angles-2/datos/MultiViewVisibleImagesHPE_Custom/test/00_16/00_16_1680262352526_rgb.png,/nas/antoniodetoro/qwen/Qwen-Image-Edit-Angles-2/datos/MultiViewVisibleImagesHPE_Custom/00_17/to_00_16/Step_6_fake_00_16_from_00_17_1680262352526_rgb.png,OK,4.086634194439993,60.60606060606061,0.9986581226932542,crítico,14
1680262352827,/nas/antoniodetoro/qwen/Qwen-Image-Edit-Angles-2/datos/MultiViewVisibleImagesHPE_Custom/test/00_16/00_16_1680262352827_rgb.png,/nas/antoniodetoro/qwen/Qwen-Image-Edit-Angles-2/datos/MultiViewVisibleImagesHPE_Custom/00_17/to_00_16/Step_6_fake_00_16_from_00_17_1680262352827_rgb.png,OK,4.471626781170642,51.515151515151516,0.9981882057878155,crítico,12
1680262353128,/nas/antoniodetoro/qwen/Qwen-Image-Edit-Angles-2/datos/MultiViewVisibleImagesHPE_Custom/test/00_16/00_16_1680262353128_rgb.png,/nas/antoniodetoro/qwen/Qwen-Image-Edit-Angles-2/datos/MultiViewVisibleImagesHPE_Custom/00_17/to_00_16/Step_6_fake_00_16_from_00_17_1680262353128_rgb.png,OK,4.911428737465914,57.57575757575758,0.9973599995580313,crítico,18
1680262353429,/nas/antoniodetoro/qwen/Qwen-Image-Edit-Angles-2/datos/MultiViewVisibleImagesHPE_Custom/test/00_16/00_16_1680262353429_rgb.png,/nas/antoniodetoro/qwen/Qwen-Image-Edit-Angles-2/datos/MultiViewVisibleImagesHPE_Custom/00_17/to_00_16/Step_6_fake_00_16_from_00_17_1680262353429_rgb.png,OK,5.011795348458563,81.81818181818183,0.9961982153700912,aceptable,20
1680262353730,/nas/antoniodetoro/qwen/Qwen-Image-Edit-Angles-2/datos/MultiViewVisibleImagesHPE_Custom/test/00_16/00_16_1680262353730_rgb.png,/nas/antoniodetoro/qwen/Qwen-Image-Edit-Angles-2/datos/MultiViewVisibleImagesHPE_Custom/00_17/to_00_16/Step_6_fake_00_16_from_00_17_1680262353730_rgb.png,OK,6.420937643211627,63.63636363636363,0.9930124752294887,crítico,20
1680262354031,/nas/antoniodetoro/qwen/Qwen-Image-Edit-Angles-2/datos/MultiViewVisibleImagesHPE_Custom/test/00_16/00_16_1680262354031_rgb.png,/nas/antoniodetoro/qwen/Qwen-Image-Edit-Angles-2/datos/MultiViewVisibleImagesHPE_Custom/00_17/to_00_16/Step_6_fake_00_16_from_00_17_1680262354031_rgb.png,OK,6.418202152818848,54.54545454545454,0.9922275528296342,crítico,18
1680262354332,/nas/antoniodetoro/qwen/Qwen-Image-Edit-Angles-2/datos/MultiViewVisibleImagesHPE_Custom/test/00_16/00_16_1680262354332_rgb.png,/nas/antoniodetoro/qwen/Qwen-Image-Edit-Angles-2/datos/MultiViewVisibleImagesHPE_Custom/00_17/to_00_16/Step_6_fake_00_16_from_00_17_1680262354332_rgb.png,OK,4.880488893559033,45.45454545454545,0.9980345665236593,crítico,14
1680262354633,/nas/antoniodetoro/qwen/Qwen-Image-Edit-Angles-2/datos/MultiViewVisibleImagesHPE_Custom/test/00_16/00_16_1680262354633_rgb.png,/nas/antoniodetoro/qwen/Qwen-Image-Edit-Angles-2/datos/MultiViewVisibleImagesHPE_Custom/00_17/to_00_16/Step_6_fake_00_16_from_00_17_1680262354633_rgb.png,OK,7.418588658117331,39.39393939393939,0.9917272618450966,crítico,20
1680262354934,/nas/antoniodetoro/qwen/Qwen-Image-Edit-Angles-2/datos/MultiViewVisibleImagesHPE_Custom/test/00_16/00_16_1680262354934_rgb.png,/nas/antoniodetoro/qwen/Qwen-Image-Edit-Angles-2/datos/MultiViewVisibleImagesHPE_Custom/00_17/to_00_16/Step_6_fake_00_16_from_00_17_1680262354934_rgb.png,OK,6.8764690877144545,72.72727272727273,0.9894690680704702,aceptable,20
1680262355235,/nas/antoniodetoro/qwen/Qwen-Image-Edit-Angles-2/datos/MultiViewVisibleImagesHPE_Custom/test/00_16/00_16_1680262355235_rgb.png,/nas/antoniodetoro/qwen/Qwen-Image-Edit-Angles-2/datos/MultiViewVisibleImagesHPE_Custom/00_17/to_00_16/Step_6_fake_00_16_from_00_17_1680262355235_rgb.png,OK,5.1449868097032985,45.45454545454545,0.9977265460317443,crítico,18
1680262355536,/nas/antoniodetoro/qwen/Qwen-Image-Edit-Angles-2/datos/MultiViewVisibleImagesHPE_Custom/test/00_16/00_16_1680262355536_rgb.png,/nas/antoniodetoro/qwen/Qwen-Image-Edit-Angles-2/datos/MultiViewVisibleImagesHPE_Custom/00_17/to_00_16/Step_6_fake_00_16_from_00_17_1680262355536_rgb.png,OK,7.828922505883559,78.78787878787878,0.9838816199134264,aceptable,20
1680262355837,/nas/antoniodetoro/qwen/Qwen-Image-Edit-Angles-2/datos/MultiViewVisibleImagesHPE_Custom/test/00_16/00_16_1680262355837_rgb.png,/nas/antoniodetoro/qwen/Qwen-Image-Edit-Angles-2/datos/MultiViewVisibleImagesHPE_Custom/00_17/to_00_16/Step_6_fake_00_16_from_00_17_1680262355837_rgb.png,OK,5.783233329218463,42.42424242424242,0.9966171238651385,crítico,20
1680262356138,/nas/antoniodetoro/qwen/Qwen-Image-Edit-Angles-2/datos/MultiViewVisibleImagesHPE_Custom/test/00_16/00_16_1680262356138_rgb.png,/nas/antoniodetoro/qwen/Qwen-Image-Edit-Angles-2/datos/MultiViewVisibleImagesHPE_Custom/00_17/to_00_16/Step_6_fake_00_16_from_00_17_1680262356138_rgb.png,OK,5.797034931765121,48.484848484848484,0.9967333545119831,crítico,18
1680262356439,/nas/antoniodetoro/qwen/Qwen-Image-Edit-Angles-2/datos/MultiViewVisibleImagesHPE_Custom/test/00_16/00_16_1680262356439_rgb.png,/nas/antoniodetoro/qwen/Qwen-Image-Edit-Angles-2/datos/MultiViewVisibleImagesHPE_Custom/00_17/to_00_16/Step_6_fake_00_16_from_00_17_1680262356439_rgb.png,OK,3.9792938367209953,60.60606060606061,0.9983679501986571,crítico,12
1680262356740,/nas/antoniodetoro/qwen/Qwen-Image-Edit-Angles-2/datos/MultiViewVisibleImagesHPE_Custom/test/00_16/00_16_1680262356740_rgb.png,/nas/antoniodetoro/qwen/Qwen-Image-Edit-Angles-2/datos/MultiViewVisibleImagesHPE_Custom/00_17/to_00_16/Step_6_fake_00_16_from_00_17_1680262356740_rgb.png,OK,4.405579763246061,51.515151515151516,0.9985898659645213,crítico,12
1680262357041,/nas/antoniodetoro/qwen/Qwen-Image-Edit-Angles-2/datos/MultiViewVisibleImagesHPE_Custom/test/00_16/00_16_1680262357041_rgb.png,/nas/antoniodetoro/qwen/Qwen-Image-Edit-Angles-2/datos/MultiViewVisibleImagesHPE_Custom/00_17/to_00_16/Step_6_fake_00_16_from_00_17_1680262357041_rgb.png,OK,6.134673830104913,45.45454545454545,0.9953403118367442,crítico,18
1680262357342,/nas/antoniodetoro/qwen/Qwen-Image-Edit-Angles-2/datos/MultiViewVisibleImagesHPE_Custom/test/00_16/00_16_1680262357342_rgb.png,/nas/antoniodetoro/qwen/Qwen-Image-Edit-Angles-2/datos/MultiViewVisibleImagesHPE_Custom/00_17/to_00_16/Step_6_fake_00_16_from_00_17_1680262357342_rgb.png,OK,8.782757782591235,48.484848484848484,0.980642757319565,crítico,18
1680262357643,/nas/antoniodetoro/qwen/Qwen-Image-Edit-Angles-2/datos/MultiViewVisibleImagesHPE_Custom/test/00_16/00_16_1680262357643_rgb.png,/nas/antoniodetoro/qwen/Qwen-Image-Edit-Angles-2/datos/MultiViewVisibleImagesHPE_Custom/00_17/to_00_16/Step_6_fake_00_16_from_00_17_1680262357643_rgb.png,OK,3.750131770095689,63.63636363636363,0.998775566582095,crítico,18
1680262357944,/nas/antoniodetoro/qwen/Qwen-Image-Edit-Angles-2/datos/MultiViewVisibleImagesHPE_Custom/test/00_16/00_16_1680262357944_rgb.png,/nas/antoniodetoro/qwen/Qwen-Image-Edit-Angles-2/datos/MultiViewVisibleImagesHPE_Custom/00_17/to_00_16/Step_6_fake_00_16_from_00_17_1680262357944_rgb.png,OK,4.8984498776676775,75.75757575757575,0.99732139701632,aceptable,20
1680262358245,/nas/antoniodetoro/qwen/Qwen-Image-Edit-Angles-2/datos/MultiViewVisibleImagesHPE_Custom/test/00_16/00_16_1680262358245_rgb.png,/nas/antoniodetoro/qwen/Qwen-Image-Edit-Angles-2/datos/MultiViewVisibleImagesHPE_Custom/00_17/to_00_16/Step_6_fake_00_16_from_00_17_1680262358245_rgb.png,OK,5.730498118655426,84.84848484848484,0.9936153430703805,aceptable,20
1680262358546,/nas/antoniodetoro/qwen/Qwen-Image-Edit-Angles-2/datos/MultiViewVisibleImagesHPE_Custom/test/00_16/00_16_1680262358546_rgb.png,/nas/antoniodetoro/qwen/Qwen-Image-Edit-Angles-2/datos/MultiViewVisibleImagesHPE_Custom/00_17/to_00_16/Step_6_fake_00_16_from_00_17_1680262358546_rgb.png,OK,4.266706672992792,60.60606060606061,0.9989089588369681,crítico,14
1680262358847,/nas/antoniodetoro/qwen/Qwen-Image-Edit-Angles-2/datos/MultiViewVisibleImagesHPE_Custom/test/00_16/00_16_1680262358847_rgb.png,/nas/antoniodetoro/qwen/Qwen-Image-Edit-Angles-2/datos/MultiViewVisibleImagesHPE_Custom/00_17/to_00_16/Step_6_fake_00_16_from_00_17_1680262358847_rgb.png,OK,3.945621781037611,69.6969696969697,0.9985698478694334,crítico,14
1680262359148,/nas/antoniodetoro/qwen/Qwen-Image-Edit-Angles-2/datos/MultiViewVisibleImagesHPE_Custom/test/00_16/00_16_1680262359148_rgb.png,/nas/antoniodetoro/qwen/Qwen-Image-Edit-Angles-2/datos/MultiViewVisibleImagesHPE_Custom/00_17/to_00_16/Step_6_fake_00_16_from_00_17_1680262359148_rgb.png,OK,4.2563175253141114,60.60606060606061,0.9985800933796263,crítico,12
1680262359449,/nas/antoniodetoro/qwen/Qwen-Image-Edit-Angles-2/datos/MultiViewVisibleImagesHPE_Custom/test/00_16/00_16_1680262359449_rgb.png,/nas/antoniodetoro/qwen/Qwen-Image-Edit-Angles-2/datos/MultiViewVisibleImagesHPE_Custom/00_17/to_00_16/Step_6_fake_00_16_from_00_17_1680262359449_rgb.png,OK,4.163819391983306,63.63636363636363,0.9987545259873329,crítico,12
1680262359750,/nas/antoniodetoro/qwen/Qwen-Image-Edit-Angles-2/datos/MultiViewVisibleImagesHPE_Custom/test/00_16/00_16_1680262359750_rgb.png,/nas/antoniodetoro/qwen/Qwen-Image-Edit-Angles-2/datos/MultiViewVisibleImagesHPE_Custom/00_17/to_00_16/Step_6_fake_00_16_from_00_17_1680262359750_rgb.png,OK,4.073778567438969,63.63636363636363,0.9985655016268629,crítico,12
1680262360051,/nas/antoniodetoro/qwen/Qwen-Image-Edit-Angles-2/datos/MultiViewVisibleImagesHPE_Custom/test/00_16/00_16_1680262360051_rgb.png,/nas/antoniodetoro/qwen/Qwen-Image-Edit-Angles-2/datos/MultiViewVisibleImagesHPE_Custom/00_17/to_00_16/Step_6_fake_00_16_from_00_17_1680262360051_rgb.png,OK,4.495954114616167,57.57575757575758,0.9983649271723474,crítico,12
1680262360352,/nas/antoniodetoro/qwen/Qwen-Image-Edit-Angles-2/datos/MultiViewVisibleImagesHPE_Custom/test/00_16/00_16_1680262360352_rgb.png,/nas/antoniodetoro/qwen/Qwen-Image-Edit-Angles-2/datos/MultiViewVisibleImagesHPE_Custom/00_17/to_00_16/Step_6_fake_00_16_from_00_17_1680262360352_rgb.png,OK,3.5085347367870146,84.84848484848484,0.9987802483151185,aceptable,12
1680262360954,/nas/antoniodetoro/qwen/Qwen-Image-Edit-Angles-2/datos/MultiViewVisibleImagesHPE_Custom/test/00_16/00_16_1680262360954_rgb.png,/nas/antoniodetoro/qwen/Qwen-Image-Edit-Angles-2/datos/MultiViewVisibleImagesHPE_Custom/00_17/to_00_16/Step_6_fake_00_16_from_00_17_1680262360954_rgb.png,OK,5.161770662233188,36.36363636363637,0.9976873851844564,crítico,12
1680262361255,/nas/antoniodetoro/qwen/Qwen-Image-Edit-Angles-2/datos/MultiViewVisibleImagesHPE_Custom/test/00_16/00_16_1680262361255_rgb.png,/nas/antoniodetoro/qwen/Qwen-Image-Edit-Angles-2/datos/MultiViewVisibleImagesHPE_Custom/00_17/to_00_16/Step_6_fake_00_16_from_00_17_1680262361255_rgb.png,OK,4.373381959926094,54.54545454545454,0.9980188530583709,crítico,12
1680262361556,/nas/antoniodetoro/qwen/Qwen-Image-Edit-Angles-2/datos/MultiViewVisibleImagesHPE_Custom/test/00_16/00_16_1680262361556_rgb.png,/nas/antoniodetoro/qwen/Qwen-Image-Edit-Angles-2/datos/MultiViewVisibleImagesHPE_Custom/00_17/to_00_16/Step_6_fake_00_16_from_00_17_1680262361556_rgb.png,OK,5.169876483100547,39.39393939393939,0.9968914944082812,crítico,17
1680262361858,/nas/antoniodetoro/qwen/Qwen-Image-Edit-Angles-2/datos/MultiViewVisibleImagesHPE_Custom/test/00_16/00_16_1680262361858_rgb.png,/nas/antoniodetoro/qwen/Qwen-Image-Edit-Angles-2/datos/MultiViewVisibleImagesHPE_Custom/00_17/to_00_16/Step_6_fake_00_16_from_00_17_1680262361858_rgb.png,OK,6.09059613320565,36.36363636363637,0.9956302855660436,crítico,20
1680262362159,/nas/antoniodetoro/qwen/Qwen-Image-Edit-Angles-2/datos/MultiViewVisibleImagesHPE_Custom/test/00_16/00_16_1680262362159_rgb.png,/nas/antoniodetoro/qwen/Qwen-Image-Edit-Angles-2/datos/MultiViewVisibleImagesHPE_Custom/00_17/to_00_16/Step_6_fake_00_16_from_00_17_1680262362159_rgb.png,OK,5.273526603764377,42.42424242424242,0.9966994781063979,crítico,12
1680262362460,/nas/antoniodetoro/qwen/Qwen-Image-Edit-Angles-2/datos/MultiViewVisibleImagesHPE_Custom/test/00_16/00_16_1680262362460_rgb.png,/nas/antoniodetoro/qwen/Qwen-Image-Edit-Angles-2/datos/MultiViewVisibleImagesHPE_Custom/00_17/to_00_16/Step_6_fake_00_16_from_00_17_1680262362460_rgb.png,OK,5.044113055155516,57.57575757575758,0.9972397948650434,crítico,12
1680262362760,/nas/antoniodetoro/qwen/Qwen-Image-Edit-Angles-2/datos/MultiViewVisibleImagesHPE_Custom/test/00_16/00_16_1680262362760_rgb.png,/nas/antoniodetoro/qwen/Qwen-Image-Edit-Angles-2/datos/MultiViewVisibleImagesHPE_Custom/00_17/to_00_16/Step_6_fake_00_16_from_00_17_1680262362760_rgb.png,OK,4.934541833359159,39.39393939393939,0.9969312569545049,crítico,17
1680262363061,/nas/antoniodetoro/qwen/Qwen-Image-Edit-Angles-2/datos/MultiViewVisibleImagesHPE_Custom/test/00_16/00_16_1680262363061_rgb.png,/nas/antoniodetoro/qwen/Qwen-Image-Edit-Angles-2/datos/MultiViewVisibleImagesHPE_Custom/00_17/to_00_16/Step_6_fake_00_16_from_00_17_1680262363061_rgb.png,OK,5.664767246678181,36.36363636363637,0.9960710050655268,crítico,20
1680262363363,/nas/antoniodetoro/qwen/Qwen-Image-Edit-Angles-2/datos/MultiViewVisibleImagesHPE_Custom/test/00_16/00_16_1680262363363_rgb.png,/nas/antoniodetoro/qwen/Qwen-Image-Edit-Angles-2/datos/MultiViewVisibleImagesHPE_Custom/00_17/to_00_16/Step_6_fake_00_16_from_00_17_1680262363363_rgb.png,OK,5.540010504458543,45.45454545454545,0.9961325620744497,crítico,17
1680262363664,/nas/antoniodetoro/qwen/Qwen-Image-Edit-Angles-2/datos/MultiViewVisibleImagesHPE_Custom/test/00_16/00_16_1680262363664_rgb.png,/nas/antoniodetoro/qwen/Qwen-Image-Edit-Angles-2/datos/MultiViewVisibleImagesHPE_Custom/00_17/to_00_16/Step_6_fake_00_16_from_00_17_1680262363664_rgb.png,OK,6.007039403360495,30.303030303030305,0.995707057887662,crítico,12
1680262363965,/nas/antoniodetoro/qwen/Qwen-Image-Edit-Angles-2/datos/MultiViewVisibleImagesHPE_Custom/test/00_16/00_16_1680262363965_rgb.png,/nas/antoniodetoro/qwen/Qwen-Image-Edit-Angles-2/datos/MultiViewVisibleImagesHPE_Custom/00_17/to_00_16/Step_6_fake_00_16_from_00_17_1680262363965_rgb.png,OK,6.846275573882238,33.33333333333333,0.9936675495105866,crítico,17
1680262364266,/nas/antoniodetoro/qwen/Qwen-Image-Edit-Angles-2/datos/MultiViewVisibleImagesHPE_Custom/test/00_16/00_16_1680262364266_rgb.png,/nas/antoniodetoro/qwen/Qwen-Image-Edit-Angles-2/datos/MultiViewVisibleImagesHPE_Custom/00_17/to_00_16/Step_6_fake_00_16_from_00_17_1680262364266_rgb.png,OK,4.918187862024196,33.33333333333333,0.9969910447767557,crítico,17
1680262364567,/nas/antoniodetoro/qwen/Qwen-Image-Edit-Angles-2/datos/MultiViewVisibleImagesHPE_Custom/test/00_16/00_16_1680262364567_rgb.png,/nas/antoniodetoro/qwen/Qwen-Image-Edit-Angles-2/datos/MultiViewVisibleImagesHPE_Custom/00_17/to_00_16/Step_6_fake_00_16_from_00_17_1680262364567_rgb.png,OK,5.515191671393262,30.303030303030305,0.9965698547435424,crítico,16
1680262364868,/nas/antoniodetoro/qwen/Qwen-Image-Edit-Angles-2/datos/MultiViewVisibleImagesHPE_Custom/test/00_16/00_16_1680262364868_rgb.png,/nas/antoniodetoro/qwen/Qwen-Image-Edit-Angles-2/datos/MultiViewVisibleImagesHPE_Custom/00_17/to_00_16/Step_6_fake_00_16_from_00_17_1680262364868_rgb.png,OK,6.031806864172167,39.39393939393939,0.9952793666763422,crítico,17
1680262365169,/nas/antoniodetoro/qwen/Qwen-Image-Edit-Angles-2/datos/MultiViewVisibleImagesHPE_Custom/test/00_16/00_16_1680262365169_rgb.png,/nas/antoniodetoro/qwen/Qwen-Image-Edit-Angles-2/datos/MultiViewVisibleImagesHPE_Custom/00_17/to_00_16/Step_6_fake_00_16_from_00_17_1680262365169_rgb.png,OK,6.441613978578161,36.36363636363637,0.9955009475740607,crítico,19
1680262365470,/nas/antoniodetoro/qwen/Qwen-Image-Edit-Angles-2/datos/MultiViewVisibleImagesHPE_Custom/test/00_16/00_16_1680262365470_rgb.png,/nas/antoniodetoro/qwen/Qwen-Image-Edit-Angles-2/datos/MultiViewVisibleImagesHPE_Custom/00_17/to_00_16/Step_6_fake_00_16_from_00_17_1680262365470_rgb.png,OK,6.2272891535378125,39.39393939393939,0.9952994532258193,crítico,19
1680262365771,/nas/antoniodetoro/qwen/Qwen-Image-Edit-Angles-2/datos/MultiViewVisibleImagesHPE_Custom/test/00_16/00_16_1680262365771_rgb.png,/nas/antoniodetoro/qwen/Qwen-Image-Edit-Angles-2/datos/MultiViewVisibleImagesHPE_Custom/00_17/to_00_16/Step_6_fake_00_16_from_00_17_1680262365771_rgb.png,OK,4.481009838957961,48.484848484848484,0.9977753804075763,crítico,12
1680262366073,/nas/antoniodetoro/qwen/Qwen-Image-Edit-Angles-2/datos/MultiViewVisibleImagesHPE_Custom/test/00_16/00_16_1680262366073_rgb.png,/nas/antoniodetoro/qwen/Qwen-Image-Edit-Angles-2/datos/MultiViewVisibleImagesHPE_Custom/00_17/to_00_16/Step_6_fake_00_16_from_00_17_1680262366073_rgb.png,OK,3.9492546218802396,66.66666666666666,0.9985729493637264,crítico,0
1680262366374,/nas/antoniodetoro/qwen/Qwen-Image-Edit-Angles-2/datos/MultiViewVisibleImagesHPE_Custom/test/00_16/00_16_1680262366374_rgb.png,/nas/antoniodetoro/qwen/Qwen-Image-Edit-Angles-2/datos/MultiViewVisibleImagesHPE_Custom/00_17/to_00_16/Step_6_fake_00_16_from_00_17_1680262366374_rgb.png,OK,4.294748377293528,54.54545454545454,0.9985281489072767,crítico,14
1680262366675,/nas/antoniodetoro/qwen/Qwen-Image-Edit-Angles-2/datos/MultiViewVisibleImagesHPE_Custom/test/00_16/00_16_1680262366675_rgb.png,/nas/antoniodetoro/qwen/Qwen-Image-Edit-Angles-2/datos/MultiViewVisibleImagesHPE_Custom/00_17/to_00_16/Step_6_fake_00_16_from_00_17_1680262366675_rgb.png,OK,4.430884663911759,60.60606060606061,0.9986622933240249,crítico,14
1680262366976,/nas/antoniodetoro/qwen/Qwen-Image-Edit-Angles-2/datos/MultiViewVisibleImagesHPE_Custom/test/00_16/00_16_1680262366976_rgb.png,/nas/antoniodetoro/qwen/Qwen-Image-Edit-Angles-2/datos/MultiViewVisibleImagesHPE_Custom/00_17/to_00_16/Step_6_fake_00_16_from_00_17_1680262366976_rgb.png,OK,4.173254735424023,54.54545454545454,0.9981640533313383,crítico,12
1680262367277,/nas/antoniodetoro/qwen/Qwen-Image-Edit-Angles-2/datos/MultiViewVisibleImagesHPE_Custom/test/00_16/00_16_1680262367277_rgb.png,/nas/antoniodetoro/qwen/Qwen-Image-Edit-Angles-2/datos/MultiViewVisibleImagesHPE_Custom/00_17/to_00_16/Step_6_fake_00_16_from_00_17_1680262367277_rgb.png,OK,4.194097528195813,60.60606060606061,0.9984649145122249,crítico,14
1680262367578,/nas/antoniodetoro/qwen/Qwen-Image-Edit-Angles-2/datos/MultiViewVisibleImagesHPE_Custom/test/00_16/00_16_1680262367578_rgb.png,/nas/antoniodetoro/qwen/Qwen-Image-Edit-Angles-2/datos/MultiViewVisibleImagesHPE_Custom/00_17/to_00_16/Step_6_fake_00_16_from_00_17_1680262367578_rgb.png,OK,4.269344662925127,60.60606060606061,0.9985154058796719,crítico,14
1680262367879,/nas/antoniodetoro/qwen/Qwen-Image-Edit-Angles-2/datos/MultiViewVisibleImagesHPE_Custom/test/00_16/00_16_1680262367879_rgb.png,/nas/antoniodetoro/qwen/Qwen-Image-Edit-Angles-2/datos/MultiViewVisibleImagesHPE_Custom/00_17/to_00_16/Step_6_fake_00_16_from_00_17_1680262367879_rgb.png,OK,4.603843828948811,54.54545454545454,0.9981009019861544,crítico,14
1680262368180,/nas/antoniodetoro/qwen/Qwen-Image-Edit-Angles-2/datos/MultiViewVisibleImagesHPE_Custom/test/00_16/00_16_1680262368180_rgb.png,/nas/antoniodetoro/qwen/Qwen-Image-Edit-Angles-2/datos/MultiViewVisibleImagesHPE_Custom/00_17/to_00_16/Step_6_fake_00_16_from_00_17_1680262368180_rgb.png,OK,4.353544061965226,60.60606060606061,0.9982132342046153,crítico,14
1680262368481,/nas/antoniodetoro/qwen/Qwen-Image-Edit-Angles-2/datos/MultiViewVisibleImagesHPE_Custom/test/00_16/00_16_1680262368481_rgb.png,/nas/antoniodetoro/qwen/Qwen-Image-Edit-Angles-2/datos/MultiViewVisibleImagesHPE_Custom/00_17/to_00_16/Step_6_fake_00_16_from_00_17_1680262368481_rgb.png,OK,4.414156717248272,57.57575757575758,0.9979455644104203,crítico,17
1680262368782,/nas/antoniodetoro/qwen/Qwen-Image-Edit-Angles-2/datos/MultiViewVisibleImagesHPE_Custom/test/00_16/00_16_1680262368782_rgb.png,/nas/antoniodetoro/qwen/Qwen-Image-Edit-Angles-2/datos/MultiViewVisibleImagesHPE_Custom/00_17/to_00_16/Step_6_fake_00_16_from_00_17_1680262368782_rgb.png,OK,4.520594123678187,51.515151515151516,0.9979832904749528,crítico,12
1680262369083,/nas/antoniodetoro/qwen/Qwen-Image-Edit-Angles-2/datos/MultiViewVisibleImagesHPE_Custom/test/00_16/00_16_1680262369083_rgb.png,/nas/antoniodetoro/qwen/Qwen-Image-Edit-Angles-2/datos/MultiViewVisibleImagesHPE_Custom/00_17/to_00_16/Step_6_fake_00_16_from_00_17_1680262369083_rgb.png,OK,5.189355333354136,45.45454545454545,0.996363806719897,crítico,17
1680262369384,/nas/antoniodetoro/qwen/Qwen-Image-Edit-Angles-2/datos/MultiViewVisibleImagesHPE_Custom/test/00_16/00_16_1680262369384_rgb.png,/nas/antoniodetoro/qwen/Qwen-Image-Edit-Angles-2/datos/MultiViewVisibleImagesHPE_Custom/00_17/to_00_16/Step_6_fake_00_16_from_00_17_1680262369384_rgb.png,OK,5.4075973011340155,36.36363636363637,0.9961722783658942,crítico,17
1680262369685,/nas/antoniodetoro/qwen/Qwen-Image-Edit-Angles-2/datos/MultiViewVisibleImagesHPE_Custom/test/00_16/00_16_1680262369685_rgb.png,/nas/antoniodetoro/qwen/Qwen-Image-Edit-Angles-2/datos/MultiViewVisibleImagesHPE_Custom/00_17/to_00_16/Step_6_fake_00_16_from_00_17_1680262369685_rgb.png,OK,4.78591354695756,39.39393939393939,0.997296411896795,crítico,14
1680262369986,/nas/antoniodetoro/qwen/Qwen-Image-Edit-Angles-2/datos/MultiViewVisibleImagesHPE_Custom/test/00_16/00_16_1680262369986_rgb.png,/nas/antoniodetoro/qwen/Qwen-Image-Edit-Angles-2/datos/MultiViewVisibleImagesHPE_Custom/00_17/to_00_16/Step_6_fake_00_16_from_00_17_1680262369986_rgb.png,OK,5.845560475112577,39.39393939393939,0.9951719577602491,crítico,16
1680262370287,/nas/antoniodetoro/qwen/Qwen-Image-Edit-Angles-2/datos/MultiViewVisibleImagesHPE_Custom/test/00_16/00_16_1680262370287_rgb.png,/nas/antoniodetoro/qwen/Qwen-Image-Edit-Angles-2/datos/MultiViewVisibleImagesHPE_Custom/00_17/to_00_16/Step_6_fake_00_16_from_00_17_1680262370287_rgb.png,OK,5.524110447295135,45.45454545454545,0.9958128782188859,crítico,16
1680262370588,/nas/antoniodetoro/qwen/Qwen-Image-Edit-Angles-2/datos/MultiViewVisibleImagesHPE_Custom/test/00_16/00_16_1680262370588_rgb.png,/nas/antoniodetoro/qwen/Qwen-Image-Edit-Angles-2/datos/MultiViewVisibleImagesHPE_Custom/00_17/to_00_16/Step_6_fake_00_16_from_00_17_1680262370588_rgb.png,OK,8.088441501352827,45.45454545454545,0.9831986650992836,crítico,20
1680262370889,/nas/antoniodetoro/qwen/Qwen-Image-Edit-Angles-2/datos/MultiViewVisibleImagesHPE_Custom/test/00_16/00_16_1680262370889_rgb.png,/nas/antoniodetoro/qwen/Qwen-Image-Edit-Angles-2/datos/MultiViewVisibleImagesHPE_Custom/00_17/to_00_16/Step_6_fake_00_16_from_00_17_1680262370889_rgb.png,OK,7.103798193925784,48.484848484848484,0.9897048878592671,crítico,20
1680262371190,/nas/antoniodetoro/qwen/Qwen-Image-Edit-Angles-2/datos/MultiViewVisibleImagesHPE_Custom/test/00_16/00_16_1680262371190_rgb.png,/nas/antoniodetoro/qwen/Qwen-Image-Edit-Angles-2/datos/MultiViewVisibleImagesHPE_Custom/00_17/to_00_16/Step_6_fake_00_16_from_00_17_1680262371190_rgb.png,OK,7.730819044334732,39.39393939393939,0.9869632599392313,crítico,20
1680262371491,/nas/antoniodetoro/qwen/Qwen-Image-Edit-Angles-2/datos/MultiViewVisibleImagesHPE_Custom/test/00_16/00_16_1680262371491_rgb.png,/nas/antoniodetoro/qwen/Qwen-Image-Edit-Angles-2/datos/MultiViewVisibleImagesHPE_Custom/00_17/to_00_16/Step_6_fake_00_16_from_00_17_1680262371491_rgb.png,OK,6.678401343822614,51.515151515151516,0.9921736507695879,crítico,20
1680262371792,/nas/antoniodetoro/qwen/Qwen-Image-Edit-Angles-2/datos/MultiViewVisibleImagesHPE_Custom/test/00_16/00_16_1680262371792_rgb.png,/nas/antoniodetoro/qwen/Qwen-Image-Edit-Angles-2/datos/MultiViewVisibleImagesHPE_Custom/00_17/to_00_16/Step_6_fake_00_16_from_00_17_1680262371792_rgb.png,OK,7.152122600458496,63.63636363636363,0.9898476277261598,crítico,20
1680262372093,/nas/antoniodetoro/qwen/Qwen-Image-Edit-Angles-2/datos/MultiViewVisibleImagesHPE_Custom/test/00_16/00_16_1680262372093_rgb.png,/nas/antoniodetoro/qwen/Qwen-Image-Edit-Angles-2/datos/MultiViewVisibleImagesHPE_Custom/00_17/to_00_16/Step_6_fake_00_16_from_00_17_1680262372093_rgb.png,OK,5.3313829715972085,33.33333333333333,0.9967182406955853,crítico,13
1680262372394,/nas/antoniodetoro/qwen/Qwen-Image-Edit-Angles-2/datos/MultiViewVisibleImagesHPE_Custom/test/00_16/00_16_1680262372394_rgb.png,/nas/antoniodetoro/qwen/Qwen-Image-Edit-Angles-2/datos/MultiViewVisibleImagesHPE_Custom/00_17/to_00_16/Step_6_fake_00_16_from_00_17_1680262372394_rgb.png,OK,5.0882459433808584,45.45454545454545,0.9971315853847079,crítico,17
1680262372695,/nas/antoniodetoro/qwen/Qwen-Image-Edit-Angles-2/datos/MultiViewVisibleImagesHPE_Custom/test/00_16/00_16_1680262372695_rgb.png,/nas/antoniodetoro/qwen/Qwen-Image-Edit-Angles-2/datos/MultiViewVisibleImagesHPE_Custom/00_17/to_00_16/Step_6_fake_00_16_from_00_17_1680262372695_rgb.png,OK,6.356635614979498,45.45454545454545,0.9950297692750006,crítico,19
1680262372996,/nas/antoniodetoro/qwen/Qwen-Image-Edit-Angles-2/datos/MultiViewVisibleImagesHPE_Custom/test/00_16/00_16_1680262372996_rgb.png,/nas/antoniodetoro/qwen/Qwen-Image-Edit-Angles-2/datos/MultiViewVisibleImagesHPE_Custom/00_17/to_00_16/Step_6_fake_00_16_from_00_17_1680262372996_rgb.png,OK,5.200683817465386,39.39393939393939,0.9971204502153563,crítico,12
1680262373297,/nas/antoniodetoro/qwen/Qwen-Image-Edit-Angles-2/datos/MultiViewVisibleImagesHPE_Custom/test/00_16/00_16_1680262373297_rgb.png,/nas/antoniodetoro/qwen/Qwen-Image-Edit-Angles-2/datos/MultiViewVisibleImagesHPE_Custom/00_17/to_00_16/Step_6_fake_00_16_from_00_17_1680262373297_rgb.png,OK,4.099041728450786,57.57575757575758,0.9985755774287322,crítico,12
1680262373598,/nas/antoniodetoro/qwen/Qwen-Image-Edit-Angles-2/datos/MultiViewVisibleImagesHPE_Custom/test/00_16/00_16_1680262373598_rgb.png,/nas/antoniodetoro/qwen/Qwen-Image-Edit-Angles-2/datos/MultiViewVisibleImagesHPE_Custom/00_17/to_00_16/Step_6_fake_00_16_from_00_17_1680262373598_rgb.png,OK,4.008709499012348,63.63636363636363,0.9985987538661045,crítico,12
1680262373899,/nas/antoniodetoro/qwen/Qwen-Image-Edit-Angles-2/datos/MultiViewVisibleImagesHPE_Custom/test/00_16/00_16_1680262373899_rgb.png,/nas/antoniodetoro/qwen/Qwen-Image-Edit-Angles-2/datos/MultiViewVisibleImagesHPE_Custom/00_17/to_00_16/Step_6_fake_00_16_from_00_17_1680262373899_rgb.png,OK,4.048074567972969,60.60606060606061,0.9987844868400949,crítico,12
1680262374201,/nas/antoniodetoro/qwen/Qwen-Image-Edit-Angles-2/datos/MultiViewVisibleImagesHPE_Custom/test/00_16/00_16_1680262374201_rgb.png,/nas/antoniodetoro/qwen/Qwen-Image-Edit-Angles-2/datos/MultiViewVisibleImagesHPE_Custom/00_17/to_00_16/Step_6_fake_00_16_from_00_17_1680262374201_rgb.png,OK,4.225855332203293,63.63636363636363,0.9988180638231658,crítico,14
1680262374502,/nas/antoniodetoro/qwen/Qwen-Image-Edit-Angles-2/datos/MultiViewVisibleImagesHPE_Custom/test/00_16/00_16_1680262374502_rgb.png,/nas/antoniodetoro/qwen/Qwen-Image-Edit-Angles-2/datos/MultiViewVisibleImagesHPE_Custom/00_17/to_00_16/Step_6_fake_00_16_from_00_17_1680262374502_rgb.png,OK,3.6258748814832327,90.9090909090909,0.998827929015847,excelente,12
1680262374803,/nas/antoniodetoro/qwen/Qwen-Image-Edit-Angles-2/datos/MultiViewVisibleImagesHPE_Custom/test/00_16/00_16_1680262374803_rgb.png,/nas/antoniodetoro/qwen/Qwen-Image-Edit-Angles-2/datos/MultiViewVisibleImagesHPE_Custom/00_17/to_00_16/Step_6_fake_00_16_from_00_17_1680262374803_rgb.png,OK,4.420212225609566,54.54545454545454,0.998689745602084,crítico,14
1680262375104,/nas/antoniodetoro/qwen/Qwen-Image-Edit-Angles-2/datos/MultiViewVisibleImagesHPE_Custom/test/00_16/00_16_1680262375104_rgb.png,/nas/antoniodetoro/qwen/Qwen-Image-Edit-Angles-2/datos/MultiViewVisibleImagesHPE_Custom/00_17/to_00_16/Step_6_fake_00_16_from_00_17_1680262375104_rgb.png,OK,4.4543770900764414,48.484848484848484,0.9985421108042322,crítico,12
1680262375405,/nas/antoniodetoro/qwen/Qwen-Image-Edit-Angles-2/datos/MultiViewVisibleImagesHPE_Custom/test/00_16/00_16_1680262375405_rgb.png,/nas/antoniodetoro/qwen/Qwen-Image-Edit-Angles-2/datos/MultiViewVisibleImagesHPE_Custom/00_17/to_00_16/Step_6_fake_00_16_from_00_17_1680262375405_rgb.png,OK,4.31156308906102,81.81818181818183,0.9979621873195225,aceptable,20
1680262375706,/nas/antoniodetoro/qwen/Qwen-Image-Edit-Angles-2/datos/MultiViewVisibleImagesHPE_Custom/test/00_16/00_16_1680262375706_rgb.png,/nas/antoniodetoro/qwen/Qwen-Image-Edit-Angles-2/datos/MultiViewVisibleImagesHPE_Custom/00_17/to_00_16/Step_6_fake_00_16_from_00_17_1680262375706_rgb.png,OK,6.006183902976245,69.6969696969697,0.9949948289248196,crítico,20
1680262376007,/nas/antoniodetoro/qwen/Qwen-Image-Edit-Angles-2/datos/MultiViewVisibleImagesHPE_Custom/test/00_16/00_16_1680262376007_rgb.png,/nas/antoniodetoro/qwen/Qwen-Image-Edit-Angles-2/datos/MultiViewVisibleImagesHPE_Custom/00_17/to_00_16/Step_6_fake_00_16_from_00_17_1680262376007_rgb.png,OK,6.78089844283781,54.54545454545454,0.9921747917886312,crítico,20
1680262376308,/nas/antoniodetoro/qwen/Qwen-Image-Edit-Angles-2/datos/MultiViewVisibleImagesHPE_Custom/test/00_16/00_16_1680262376308_rgb.png,/nas/antoniodetoro/qwen/Qwen-Image-Edit-Angles-2/datos/MultiViewVisibleImagesHPE_Custom/00_17/to_00_16/Step_6_fake_00_16_from_00_17_1680262376308_rgb.png,OK,7.727918469808095,36.36363636363637,0.9915140856576468,crítico,18
1680262376609,/nas/antoniodetoro/qwen/Qwen-Image-Edit-Angles-2/datos/MultiViewVisibleImagesHPE_Custom/test/00_16/00_16_1680262376609_rgb.png,/nas/antoniodetoro/qwen/Qwen-Image-Edit-Angles-2/datos/MultiViewVisibleImagesHPE_Custom/00_17/to_00_16/Step_6_fake_00_16_from_00_17_1680262376609_rgb.png,OK,8.11130070960234,45.45454545454545,0.98749067309021,crítico,18
1680262376910,/nas/antoniodetoro/qwen/Qwen-Image-Edit-Angles-2/datos/MultiViewVisibleImagesHPE_Custom/test/00_16/00_16_1680262376910_rgb.png,/nas/antoniodetoro/qwen/Qwen-Image-Edit-Angles-2/datos/MultiViewVisibleImagesHPE_Custom/00_17/to_00_16/Step_6_fake_00_16_from_00_17_1680262376910_rgb.png,OK,5.93028577077159,66.66666666666666,0.9942349779236822,crítico,18
1680262377211,/nas/antoniodetoro/qwen/Qwen-Image-Edit-Angles-2/datos/MultiViewVisibleImagesHPE_Custom/test/00_16/00_16_1680262377211_rgb.png,/nas/antoniodetoro/qwen/Qwen-Image-Edit-Angles-2/datos/MultiViewVisibleImagesHPE_Custom/00_17/to_00_16/Step_6_fake_00_16_from_00_17_1680262377211_rgb.png,OK,5.531669692399436,63.63636363636363,0.9958022375600072,crítico,20
1680262377513,/nas/antoniodetoro/qwen/Qwen-Image-Edit-Angles-2/datos/MultiViewVisibleImagesHPE_Custom/test/00_16/00_16_1680262377513_rgb.png,/nas/antoniodetoro/qwen/Qwen-Image-Edit-Angles-2/datos/MultiViewVisibleImagesHPE_Custom/00_17/to_00_16/Step_6_fake_00_16_from_00_17_1680262377513_rgb.png,OK,5.08055951439167,72.72727272727273,0.9964015171800868,aceptable,18
1680262377814,/nas/antoniodetoro/qwen/Qwen-Image-Edit-Angles-2/datos/MultiViewVisibleImagesHPE_Custom/test/00_16/00_16_1680262377814_rgb.png,/nas/antoniodetoro/qwen/Qwen-Image-Edit-Angles-2/datos/MultiViewVisibleImagesHPE_Custom/00_17/to_00_16/Step_6_fake_00_16_from_00_17_1680262377814_rgb.png,OK,5.331322488031815,63.63636363636363,0.9958378142097104,crítico,18
1680262378115,/nas/antoniodetoro/qwen/Qwen-Image-Edit-Angles-2/datos/MultiViewVisibleImagesHPE_Custom/test/00_16/00_16_1680262378115_rgb.png,/nas/antoniodetoro/qwen/Qwen-Image-Edit-Angles-2/datos/MultiViewVisibleImagesHPE_Custom/00_17/to_00_16/Step_6_fake_00_16_from_00_17_1680262378115_rgb.png,OK,5.94845145568443,45.45454545454545,0.9950230296755699,crítico,18
1680262378416,/nas/antoniodetoro/qwen/Qwen-Image-Edit-Angles-2/datos/MultiViewVisibleImagesHPE_Custom/test/00_16/00_16_1680262378416_rgb.png,/nas/antoniodetoro/qwen/Qwen-Image-Edit-Angles-2/datos/MultiViewVisibleImagesHPE_Custom/00_17/to_00_16/Step_6_fake_00_16_from_00_17_1680262378416_rgb.png,OK,7.165860743397912,33.33333333333333,0.9934326287700013,crítico,18
1680262378717,/nas/antoniodetoro/qwen/Qwen-Image-Edit-Angles-2/datos/MultiViewVisibleImagesHPE_Custom/test/00_16/00_16_1680262378717_rgb.png,/nas/antoniodetoro/qwen/Qwen-Image-Edit-Angles-2/datos/MultiViewVisibleImagesHPE_Custom/00_17/to_00_16/Step_6_fake_00_16_from_00_17_1680262378717_rgb.png,OK,5.495640682656161,45.45454545454545,0.9958577226318197,crítico,20
1680262379018,/nas/antoniodetoro/qwen/Qwen-Image-Edit-Angles-2/datos/MultiViewVisibleImagesHPE_Custom/test/00_16/00_16_1680262379018_rgb.png,/nas/antoniodetoro/qwen/Qwen-Image-Edit-Angles-2/datos/MultiViewVisibleImagesHPE_Custom/00_17/to_00_16/Step_6_fake_00_16_from_00_17_1680262379018_rgb.png,OK,6.371311854489379,33.33333333333333,0.9947631362867299,crítico,17
1680262379319,/nas/antoniodetoro/qwen/Qwen-Image-Edit-Angles-2/datos/MultiViewVisibleImagesHPE_Custom/test/00_16/00_16_1680262379319_rgb.png,/nas/antoniodetoro/qwen/Qwen-Image-Edit-Angles-2/datos/MultiViewVisibleImagesHPE_Custom/00_17/to_00_16/Step_6_fake_00_16_from_00_17_1680262379319_rgb.png,OK,5.020743525521832,66.66666666666666,0.996962415047969,crítico,18
1680262379620,/nas/antoniodetoro/qwen/Qwen-Image-Edit-Angles-2/datos/MultiViewVisibleImagesHPE_Custom/test/00_16/00_16_1680262379620_rgb.png,/nas/antoniodetoro/qwen/Qwen-Image-Edit-Angles-2/datos/MultiViewVisibleImagesHPE_Custom/00_17/to_00_16/Step_6_fake_00_16_from_00_17_1680262379620_rgb.png,OK,7.596208436030064,51.515151515151516,0.9899064063636328,crítico,20
1680262379921,/nas/antoniodetoro/qwen/Qwen-Image-Edit-Angles-2/datos/MultiViewVisibleImagesHPE_Custom/test/00_16/00_16_1680262379921_rgb.png,/nas/antoniodetoro/qwen/Qwen-Image-Edit-Angles-2/datos/MultiViewVisibleImagesHPE_Custom/00_17/to_00_16/Step_6_fake_00_16_from_00_17_1680262379921_rgb.png,OK,6.339951458681263,66.66666666666666,0.992142717300144,crítico,20
1680262380222,/nas/antoniodetoro/qwen/Qwen-Image-Edit-Angles-2/datos/MultiViewVisibleImagesHPE_Custom/test/00_16/00_16_1680262380222_rgb.png,/nas/antoniodetoro/qwen/Qwen-Image-Edit-Angles-2/datos/MultiViewVisibleImagesHPE_Custom/00_17/to_00_16/Step_6_fake_00_16_from_00_17_1680262380222_rgb.png,OK,4.538157398570388,72.72727272727273,0.9978435845302459,aceptable,18
1680262380524,/nas/antoniodetoro/qwen/Qwen-Image-Edit-Angles-2/datos/MultiViewVisibleImagesHPE_Custom/test/00_16/00_16_1680262380524_rgb.png,/nas/antoniodetoro/qwen/Qwen-Image-Edit-Angles-2/datos/MultiViewVisibleImagesHPE_Custom/00_17/to_00_16/Step_6_fake_00_16_from_00_17_1680262380524_rgb.png,OK,4.41817617954639,51.515151515151516,0.998261571398084,crítico,12
1680262380825,/nas/antoniodetoro/qwen/Qwen-Image-Edit-Angles-2/datos/MultiViewVisibleImagesHPE_Custom/test/00_16/00_16_1680262380825_rgb.png,/nas/antoniodetoro/qwen/Qwen-Image-Edit-Angles-2/datos/MultiViewVisibleImagesHPE_Custom/00_17/to_00_16/Step_6_fake_00_16_from_00_17_1680262380825_rgb.png,OK,4.334497874183389,60.60606060606061,0.9985957018468349,crítico,12
1680262381126,/nas/antoniodetoro/qwen/Qwen-Image-Edit-Angles-2/datos/MultiViewVisibleImagesHPE_Custom/test/00_16/00_16_1680262381126_rgb.png,/nas/antoniodetoro/qwen/Qwen-Image-Edit-Angles-2/datos/MultiViewVisibleImagesHPE_Custom/00_17/to_00_16/Step_6_fake_00_16_from_00_17_1680262381126_rgb.png,OK,4.191169571940738,63.63636363636363,0.9985091785033877,crítico,12
1680262381427,/nas/antoniodetoro/qwen/Qwen-Image-Edit-Angles-2/datos/MultiViewVisibleImagesHPE_Custom/test/00_16/00_16_1680262381427_rgb.png,/nas/antoniodetoro/qwen/Qwen-Image-Edit-Angles-2/datos/MultiViewVisibleImagesHPE_Custom/00_17/to_00_16/Step_6_fake_00_16_from_00_17_1680262381427_rgb.png,OK,3.952244969631741,63.63636363636363,0.9985010546787878,crítico,14
1680262381728,/nas/antoniodetoro/qwen/Qwen-Image-Edit-Angles-2/datos/MultiViewVisibleImagesHPE_Custom/test/00_16/00_16_1680262381728_rgb.png,/nas/antoniodetoro/qwen/Qwen-Image-Edit-Angles-2/datos/MultiViewVisibleImagesHPE_Custom/00_17/to_00_16/Step_6_fake_00_16_from_00_17_1680262381728_rgb.png,OK,3.500386540099462,81.81818181818183,0.9989152722746536,aceptable,12
1680262382029,/nas/antoniodetoro/qwen/Qwen-Image-Edit-Angles-2/datos/MultiViewVisibleImagesHPE_Custom/test/00_16/00_16_1680262382029_rgb.png,/nas/antoniodetoro/qwen/Qwen-Image-Edit-Angles-2/datos/MultiViewVisibleImagesHPE_Custom/00_17/to_00_16/Step_6_fake_00_16_from_00_17_1680262382029_rgb.png,OK,4.709167961323882,60.60606060606061,0.9983835772269142,crítico,12
1680262382331,/nas/antoniodetoro/qwen/Qwen-Image-Edit-Angles-2/datos/MultiViewVisibleImagesHPE_Custom/test/00_16/00_16_1680262382331_rgb.png,/nas/antoniodetoro/qwen/Qwen-Image-Edit-Angles-2/datos/MultiViewVisibleImagesHPE_Custom/00_17/to_00_16/Step_6_fake_00_16_from_00_17_1680262382331_rgb.png,OK,4.834257242084352,45.45454545454545,0.9986865576434577,crítico,14
1680262382631,/nas/antoniodetoro/qwen/Qwen-Image-Edit-Angles-2/datos/MultiViewVisibleImagesHPE_Custom/test/00_16/00_16_1680262382631_rgb.png,/nas/antoniodetoro/qwen/Qwen-Image-Edit-Angles-2/datos/MultiViewVisibleImagesHPE_Custom/00_17/to_00_16/Step_6_fake_00_16_from_00_17_1680262382631_rgb.png,OK,4.91907121678101,48.484848484848484,0.9986807384873424,crítico,14
1680262382932,/nas/antoniodetoro/qwen/Qwen-Image-Edit-Angles-2/datos/MultiViewVisibleImagesHPE_Custom/test/00_16/00_16_1680262382932_rgb.png,/nas/antoniodetoro/qwen/Qwen-Image-Edit-Angles-2/datos/MultiViewVisibleImagesHPE_Custom/00_17/to_00_16/Step_6_fake_00_16_from_00_17_1680262382932_rgb.png,OK,4.09490719778182,93.93939393939394,0.9989646940458343,excelente,14
1680262383233,/nas/antoniodetoro/qwen/Qwen-Image-Edit-Angles-2/datos/MultiViewVisibleImagesHPE_Custom/test/00_16/00_16_1680262383233_rgb.png,/nas/antoniodetoro/qwen/Qwen-Image-Edit-Angles-2/datos/MultiViewVisibleImagesHPE_Custom/00_17/to_00_16/Step_6_fake_00_16_from_00_17_1680262383233_rgb.png,OK,4.5168870917300525,45.45454545454545,0.9987559086152432,crítico,16
1680262383534,/nas/antoniodetoro/qwen/Qwen-Image-Edit-Angles-2/datos/MultiViewVisibleImagesHPE_Custom/test/00_16/00_16_1680262383534_rgb.png,/nas/antoniodetoro/qwen/Qwen-Image-Edit-Angles-2/datos/MultiViewVisibleImagesHPE_Custom/00_17/to_00_16/Step_6_fake_00_16_from_00_17_1680262383534_rgb.png,OK,4.616834933756749,78.78787878787878,0.9974196404512524,aceptable,20
1680262383835,/nas/antoniodetoro/qwen/Qwen-Image-Edit-Angles-2/datos/MultiViewVisibleImagesHPE_Custom/test/00_16/00_16_1680262383835_rgb.png,/nas/antoniodetoro/qwen/Qwen-Image-Edit-Angles-2/datos/MultiViewVisibleImagesHPE_Custom/00_17/to_00_16/Step_6_fake_00_16_from_00_17_1680262383835_rgb.png,OK,5.435167962691842,72.72727272727273,0.9943853676371615,aceptable,20
1680262384136,/nas/antoniodetoro/qwen/Qwen-Image-Edit-Angles-2/datos/MultiViewVisibleImagesHPE_Custom/test/00_16/00_16_1680262384136_rgb.png,/nas/antoniodetoro/qwen/Qwen-Image-Edit-Angles-2/datos/MultiViewVisibleImagesHPE_Custom/00_17/to_00_16/Step_6_fake_00_16_from_00_17_1680262384136_rgb.png,OK,7.152127799967226,51.515151515151516,0.9915402045383659,crítico,20
1680262384437,/nas/antoniodetoro/qwen/Qwen-Image-Edit-Angles-2/datos/MultiViewVisibleImagesHPE_Custom/test/00_16/00_16_1680262384437_rgb.png,/nas/antoniodetoro/qwen/Qwen-Image-Edit-Angles-2/datos/MultiViewVisibleImagesHPE_Custom/00_17/to_00_16/Step_6_fake_00_16_from_00_17_1680262384437_rgb.png,OK,7.196267753428785,63.63636363636363,0.9906134329444981,crítico,22
1680262384739,/nas/antoniodetoro/qwen/Qwen-Image-Edit-Angles-2/datos/MultiViewVisibleImagesHPE_Custom/test/00_16/00_16_1680262384739_rgb.png,/nas/antoniodetoro/qwen/Qwen-Image-Edit-Angles-2/datos/MultiViewVisibleImagesHPE_Custom/00_17/to_00_16/Step_6_fake_00_16_from_00_17_1680262384739_rgb.png,OK,6.082600231701441,63.63636363636363,0.9934927978851839,crítico,20
1680262385040,/nas/antoniodetoro/qwen/Qwen-Image-Edit-Angles-2/datos/MultiViewVisibleImagesHPE_Custom/test/00_16/00_16_1680262385040_rgb.png,/nas/antoniodetoro/qwen/Qwen-Image-Edit-Angles-2/datos/MultiViewVisibleImagesHPE_Custom/00_17/to_00_16/Step_6_fake_00_16_from_00_17_1680262385040_rgb.png,OK,5.592812554321229,66.66666666666666,0.9953776532064373,crítico,18
1680262385341,/nas/antoniodetoro/qwen/Qwen-Image-Edit-Angles-2/datos/MultiViewVisibleImagesHPE_Custom/test/00_16/00_16_1680262385341_rgb.png,/nas/antoniodetoro/qwen/Qwen-Image-Edit-Angles-2/datos/MultiViewVisibleImagesHPE_Custom/00_17/to_00_16/Step_6_fake_00_16_from_00_17_1680262385341_rgb.png,OK,4.790558692126526,72.72727272727273,0.9965606145869618,aceptable,18
1680262385642,/nas/antoniodetoro/qwen/Qwen-Image-Edit-Angles-2/datos/MultiViewVisibleImagesHPE_Custom/test/00_16/00_16_1680262385642_rgb.png,/nas/antoniodetoro/qwen/Qwen-Image-Edit-Angles-2/datos/MultiViewVisibleImagesHPE_Custom/00_17/to_00_16/Step_6_fake_00_16_from_00_17_1680262385642_rgb.png,OK,4.790824927320481,63.63636363636363,0.9968047478025369,crítico,18
1680262385943,/nas/antoniodetoro/qwen/Qwen-Image-Edit-Angles-2/datos/MultiViewVisibleImagesHPE_Custom/test/00_16/00_16_1680262385943_rgb.png,/nas/antoniodetoro/qwen/Qwen-Image-Edit-Angles-2/datos/MultiViewVisibleImagesHPE_Custom/00_17/to_00_16/Step_6_fake_00_16_from_00_17_1680262385943_rgb.png,OK,4.4572409206204355,78.78787878787878,0.9971833453901915,aceptable,18
1680262386244,/nas/antoniodetoro/qwen/Qwen-Image-Edit-Angles-2/datos/MultiViewVisibleImagesHPE_Custom/test/00_16/00_16_1680262386244_rgb.png,/nas/antoniodetoro/qwen/Qwen-Image-Edit-Angles-2/datos/MultiViewVisibleImagesHPE_Custom/00_17/to_00_16/Step_6_fake_00_16_from_00_17_1680262386244_rgb.png,OK,3.958302649089451,81.81818181818183,0.9976219398230399,aceptable,20
1680262386545,/nas/antoniodetoro/qwen/Qwen-Image-Edit-Angles-2/datos/MultiViewVisibleImagesHPE_Custom/test/00_16/00_16_1680262386545_rgb.png,/nas/antoniodetoro/qwen/Qwen-Image-Edit-Angles-2/datos/MultiViewVisibleImagesHPE_Custom/00_17/to_00_16/Step_6_fake_00_16_from_00_17_1680262386545_rgb.png,OK,5.053157883019035,75.75757575757575,0.9965083908969506,aceptable,18
1680262386846,/nas/antoniodetoro/qwen/Qwen-Image-Edit-Angles-2/datos/MultiViewVisibleImagesHPE_Custom/test/00_16/00_16_1680262386846_rgb.png,/nas/antoniodetoro/qwen/Qwen-Image-Edit-Angles-2/datos/MultiViewVisibleImagesHPE_Custom/00_17/to_00_16/Step_6_fake_00_16_from_00_17_1680262386846_rgb.png,OK,4.896377893921334,63.63636363636363,0.9966702429548117,crítico,18
1680262387147,/nas/antoniodetoro/qwen/Qwen-Image-Edit-Angles-2/datos/MultiViewVisibleImagesHPE_Custom/test/00_16/00_16_1680262387147_rgb.png,/nas/antoniodetoro/qwen/Qwen-Image-Edit-Angles-2/datos/MultiViewVisibleImagesHPE_Custom/00_17/to_00_16/Step_6_fake_00_16_from_00_17_1680262387147_rgb.png,OK,5.9864618207666345,33.33333333333333,0.9957663536354528,crítico,18
1680262387448,/nas/antoniodetoro/qwen/Qwen-Image-Edit-Angles-2/datos/MultiViewVisibleImagesHPE_Custom/test/00_16/00_16_1680262387448_rgb.png,/nas/antoniodetoro/qwen/Qwen-Image-Edit-Angles-2/datos/MultiViewVisibleImagesHPE_Custom/00_17/to_00_16/Step_6_fake_00_16_from_00_17_1680262387448_rgb.png,OK,7.910494559625621,18.181818181818183,0.9932469500622045,crítico,14
1680262387749,/nas/antoniodetoro/qwen/Qwen-Image-Edit-Angles-2/datos/MultiViewVisibleImagesHPE_Custom/test/00_16/00_16_1680262387749_rgb.png,/nas/antoniodetoro/qwen/Qwen-Image-Edit-Angles-2/datos/MultiViewVisibleImagesHPE_Custom/00_17/to_00_16/Step_6_fake_00_16_from_00_17_1680262387749_rgb.png,OK,6.4146080977628595,27.27272727272727,0.9953925361491955,crítico,17
1680262388051,/nas/antoniodetoro/qwen/Qwen-Image-Edit-Angles-2/datos/MultiViewVisibleImagesHPE_Custom/test/00_16/00_16_1680262388051_rgb.png,/nas/antoniodetoro/qwen/Qwen-Image-Edit-Angles-2/datos/MultiViewVisibleImagesHPE_Custom/00_17/to_00_16/Step_6_fake_00_16_from_00_17_1680262388051_rgb.png,OK,8.776996958257616,18.181818181818183,0.9916023242454904,crítico,18
1680262388352,/nas/antoniodetoro/qwen/Qwen-Image-Edit-Angles-2/datos/MultiViewVisibleImagesHPE_Custom/test/00_16/00_16_1680262388352_rgb.png,/nas/antoniodetoro/qwen/Qwen-Image-Edit-Angles-2/datos/MultiViewVisibleImagesHPE_Custom/00_17/to_00_16/Step_6_fake_00_16_from_00_17_1680262388352_rgb.png,OK,6.7758335605697795,30.303030303030305,0.9947776789217161,crítico,18
1680262388653,/nas/antoniodetoro/qwen/Qwen-Image-Edit-Angles-2/datos/MultiViewVisibleImagesHPE_Custom/test/00_16/00_16_1680262388653_rgb.png,/nas/antoniodetoro/qwen/Qwen-Image-Edit-Angles-2/datos/MultiViewVisibleImagesHPE_Custom/00_17/to_00_16/Step_6_fake_00_16_from_00_17_1680262388653_rgb.png,OK,8.487267564219719,18.181818181818183,0.9920953764888039,crítico,17
1680262388954,/nas/antoniodetoro/qwen/Qwen-Image-Edit-Angles-2/datos/MultiViewVisibleImagesHPE_Custom/test/00_16/00_16_1680262388954_rgb.png,/nas/antoniodetoro/qwen/Qwen-Image-Edit-Angles-2/datos/MultiViewVisibleImagesHPE_Custom/00_17/to_00_16/Step_6_fake_00_16_from_00_17_1680262388954_rgb.png,OK,5.175893895720346,66.66666666666666,0.9965689599681132,crítico,18
1680262389255,/nas/antoniodetoro/qwen/Qwen-Image-Edit-Angles-2/datos/MultiViewVisibleImagesHPE_Custom/test/00_16/00_16_1680262389255_rgb.png,/nas/antoniodetoro/qwen/Qwen-Image-Edit-Angles-2/datos/MultiViewVisibleImagesHPE_Custom/00_17/to_00_16/Step_6_fake_00_16_from_00_17_1680262389255_rgb.png,OK,7.442159964825052,42.42424242424242,0.990689096823835,crítico,20
1680262389556,/nas/antoniodetoro/qwen/Qwen-Image-Edit-Angles-2/datos/MultiViewVisibleImagesHPE_Custom/test/00_16/00_16_1680262389556_rgb.png,/nas/antoniodetoro/qwen/Qwen-Image-Edit-Angles-2/datos/MultiViewVisibleImagesHPE_Custom/00_17/to_00_16/Step_6_fake_00_16_from_00_17_1680262389556_rgb.png,OK,6.951444382589124,66.66666666666666,0.9917878046261623,crítico,20
1680262389857,/nas/antoniodetoro/qwen/Qwen-Image-Edit-Angles-2/datos/MultiViewVisibleImagesHPE_Custom/test/00_16/00_16_1680262389857_rgb.png,/nas/antoniodetoro/qwen/Qwen-Image-Edit-Angles-2/datos/MultiViewVisibleImagesHPE_Custom/00_17/to_00_16/Step_6_fake_00_16_from_00_17_1680262389857_rgb.png,OK,6.541871129147709,75.75757575757575,0.9919888825125758,aceptable,20
1680262390158,/nas/antoniodetoro/qwen/Qwen-Image-Edit-Angles-2/datos/MultiViewVisibleImagesHPE_Custom/test/00_16/00_16_1680262390158_rgb.png,/nas/antoniodetoro/qwen/Qwen-Image-Edit-Angles-2/datos/MultiViewVisibleImagesHPE_Custom/00_17/to_00_16/Step_6_fake_00_16_from_00_17_1680262390158_rgb.png,OK,4.365564049583634,48.484848484848484,0.9985551416317567,crítico,12
1680262390459,/nas/antoniodetoro/qwen/Qwen-Image-Edit-Angles-2/datos/MultiViewVisibleImagesHPE_Custom/test/00_16/00_16_1680262390459_rgb.png,/nas/antoniodetoro/qwen/Qwen-Image-Edit-Angles-2/datos/MultiViewVisibleImagesHPE_Custom/00_17/to_00_16/Step_6_fake_00_16_from_00_17_1680262390459_rgb.png,OK,4.734037529867728,51.515151515151516,0.9984449676472484,crítico,12
1680262390760,/nas/antoniodetoro/qwen/Qwen-Image-Edit-Angles-2/datos/MultiViewVisibleImagesHPE_Custom/test/00_16/00_16_1680262390760_rgb.png,/nas/antoniodetoro/qwen/Qwen-Image-Edit-Angles-2/datos/MultiViewVisibleImagesHPE_Custom/00_17/to_00_16/Step_6_fake_00_16_from_00_17_1680262390760_rgb.png,OK,4.403003453745987,63.63636363636363,0.9982548684035661,crítico,12
1680262391061,/nas/antoniodetoro/qwen/Qwen-Image-Edit-Angles-2/datos/MultiViewVisibleImagesHPE_Custom/test/00_16/00_16_1680262391061_rgb.png,/nas/antoniodetoro/qwen/Qwen-Image-Edit-Angles-2/datos/MultiViewVisibleImagesHPE_Custom/00_17/to_00_16/Step_6_fake_00_16_from_00_17_1680262391061_rgb.png,OK,4.266014199111463,63.63636363636363,0.9985762590878567,crítico,0
1680262391363,/nas/antoniodetoro/qwen/Qwen-Image-Edit-Angles-2/datos/MultiViewVisibleImagesHPE_Custom/test/00_16/00_16_1680262391363_rgb.png,/nas/antoniodetoro/qwen/Qwen-Image-Edit-Angles-2/datos/MultiViewVisibleImagesHPE_Custom/00_17/to_00_16/Step_6_fake_00_16_from_00_17_1680262391363_rgb.png,OK,4.228054515770087,63.63636363636363,0.9981398748419669,crítico,12
1680262391664,/nas/antoniodetoro/qwen/Qwen-Image-Edit-Angles-2/datos/MultiViewVisibleImagesHPE_Custom/test/00_16/00_16_1680262391664_rgb.png,/nas/antoniodetoro/qwen/Qwen-Image-Edit-Angles-2/datos/MultiViewVisibleImagesHPE_Custom/00_17/to_00_16/Step_6_fake_00_16_from_00_17_1680262391664_rgb.png,OK,4.023039204863002,63.63636363636363,0.9985910178837666,crítico,14
1680262391964,/nas/antoniodetoro/qwen/Qwen-Image-Edit-Angles-2/datos/MultiViewVisibleImagesHPE_Custom/test/00_16/00_16_1680262391964_rgb.png,/nas/antoniodetoro/qwen/Qwen-Image-Edit-Angles-2/datos/MultiViewVisibleImagesHPE_Custom/00_17/to_00_16/Step_6_fake_00_16_from_00_17_1680262391964_rgb.png,OK,4.00596868946353,72.72727272727273,0.9988239465772525,aceptable,14
1680262392265,/nas/antoniodetoro/qwen/Qwen-Image-Edit-Angles-2/datos/MultiViewVisibleImagesHPE_Custom/test/00_16/00_16_1680262392265_rgb.png,/nas/antoniodetoro/qwen/Qwen-Image-Edit-Angles-2/datos/MultiViewVisibleImagesHPE_Custom/00_17/to_00_16/Step_6_fake_00_16_from_00_17_1680262392265_rgb.png,OK,3.9738326235297095,63.63636363636363,0.9986625437698835,crítico,14
1680262392566,/nas/antoniodetoro/qwen/Qwen-Image-Edit-Angles-2/datos/MultiViewVisibleImagesHPE_Custom/test/00_16/00_16_1680262392566_rgb.png,/nas/antoniodetoro/qwen/Qwen-Image-Edit-Angles-2/datos/MultiViewVisibleImagesHPE_Custom/00_17/to_00_16/Step_6_fake_00_16_from_00_17_1680262392566_rgb.png,OK,4.698141409587697,54.54545454545454,0.9983701634380491,crítico,14
1680262392867,/nas/antoniodetoro/qwen/Qwen-Image-Edit-Angles-2/datos/MultiViewVisibleImagesHPE_Custom/test/00_16/00_16_1680262392867_rgb.png,/nas/antoniodetoro/qwen/Qwen-Image-Edit-Angles-2/datos/MultiViewVisibleImagesHPE_Custom/00_17/to_00_16/Step_6_fake_00_16_from_00_17_1680262392867_rgb.png,OK,3.8369781599667556,66.66666666666666,0.9987934080743001,crítico,14
1680262393168,/nas/antoniodetoro/qwen/Qwen-Image-Edit-Angles-2/datos/MultiViewVisibleImagesHPE_Custom/test/00_16/00_16_1680262393168_rgb.png,/nas/antoniodetoro/qwen/Qwen-Image-Edit-Angles-2/datos/MultiViewVisibleImagesHPE_Custom/00_17/to_00_16/Step_6_fake_00_16_from_00_17_1680262393168_rgb.png,OK,3.8668125449768738,63.63636363636363,0.9987243234077824,crítico,14
1680262393469,/nas/antoniodetoro/qwen/Qwen-Image-Edit-Angles-2/datos/MultiViewVisibleImagesHPE_Custom/test/00_16/00_16_1680262393469_rgb.png,/nas/antoniodetoro/qwen/Qwen-Image-Edit-Angles-2/datos/MultiViewVisibleImagesHPE_Custom/00_17/to_00_16/Step_6_fake_00_16_from_00_17_1680262393469_rgb.png,OK,4.066354316764196,60.60606060606061,0.9987606700984935,crítico,12
1680262393770,/nas/antoniodetoro/qwen/Qwen-Image-Edit-Angles-2/datos/MultiViewVisibleImagesHPE_Custom/test/00_16/00_16_1680262393770_rgb.png,/nas/antoniodetoro/qwen/Qwen-Image-Edit-Angles-2/datos/MultiViewVisibleImagesHPE_Custom/00_17/to_00_16/Step_6_fake_00_16_from_00_17_1680262393770_rgb.png,OK,4.211804569292359,57.57575757575758,0.9976737861327154,crítico,17
1680262394071,/nas/antoniodetoro/qwen/Qwen-Image-Edit-Angles-2/datos/MultiViewVisibleImagesHPE_Custom/test/00_16/00_16_1680262394071_rgb.png,/nas/antoniodetoro/qwen/Qwen-Image-Edit-Angles-2/datos/MultiViewVisibleImagesHPE_Custom/00_17/to_00_16/Step_6_fake_00_16_from_00_17_1680262394071_rgb.png,OK,3.889331233075521,60.60606060606061,0.9982468994863928,crítico,29
1680262394372,/nas/antoniodetoro/qwen/Qwen-Image-Edit-Angles-2/datos/MultiViewVisibleImagesHPE_Custom/test/00_16/00_16_1680262394372_rgb.png,/nas/antoniodetoro/qwen/Qwen-Image-Edit-Angles-2/datos/MultiViewVisibleImagesHPE_Custom/00_17/to_00_16/Step_6_fake_00_16_from_00_17_1680262394372_rgb.png,OK,4.45975399162618,60.60606060606061,0.9976003384689045,crítico,18
1680262394673,/nas/antoniodetoro/qwen/Qwen-Image-Edit-Angles-2/datos/MultiViewVisibleImagesHPE_Custom/test/00_16/00_16_1680262394673_rgb.png,/nas/antoniodetoro/qwen/Qwen-Image-Edit-Angles-2/datos/MultiViewVisibleImagesHPE_Custom/00_17/to_00_16/Step_6_fake_00_16_from_00_17_1680262394673_rgb.png,OK,4.978617663558002,48.484848484848484,0.997157654160527,crítico,27
1680262394974,/nas/antoniodetoro/qwen/Qwen-Image-Edit-Angles-2/datos/MultiViewVisibleImagesHPE_Custom/test/00_16/00_16_1680262394974_rgb.png,/nas/antoniodetoro/qwen/Qwen-Image-Edit-Angles-2/datos/MultiViewVisibleImagesHPE_Custom/00_17/to_00_16/Step_6_fake_00_16_from_00_17_1680262394974_rgb.png,OK,5.840527352868882,42.42424242424242,0.996689016721796,crítico,27
1680262395275,/nas/antoniodetoro/qwen/Qwen-Image-Edit-Angles-2/datos/MultiViewVisibleImagesHPE_Custom/test/00_16/00_16_1680262395275_rgb.png,/nas/antoniodetoro/qwen/Qwen-Image-Edit-Angles-2/datos/MultiViewVisibleImagesHPE_Custom/00_17/to_00_16/Step_6_fake_00_16_from_00_17_1680262395275_rgb.png,OK,4.868774195521498,48.484848484848484,0.997377281425381,crítico,29
1680262395576,/nas/antoniodetoro/qwen/Qwen-Image-Edit-Angles-2/datos/MultiViewVisibleImagesHPE_Custom/test/00_16/00_16_1680262395576_rgb.png,/nas/antoniodetoro/qwen/Qwen-Image-Edit-Angles-2/datos/MultiViewVisibleImagesHPE_Custom/00_17/to_00_16/Step_6_fake_00_16_from_00_17_1680262395576_rgb.png,OK,6.143478098899594,42.42424242424242,0.9963941961948152,crítico,31
1680262395877,/nas/antoniodetoro/qwen/Qwen-Image-Edit-Angles-2/datos/MultiViewVisibleImagesHPE_Custom/test/00_16/00_16_1680262395877_rgb.png,/nas/antoniodetoro/qwen/Qwen-Image-Edit-Angles-2/datos/MultiViewVisibleImagesHPE_Custom/00_17/to_00_16/Step_6_fake_00_16_from_00_17_1680262395877_rgb.png,OK,3.7290439692053563,60.60606060606061,0.9981461566483796,crítico,29
1680262396179,/nas/antoniodetoro/qwen/Qwen-Image-Edit-Angles-2/datos/MultiViewVisibleImagesHPE_Custom/test/00_16/00_16_1680262396179_rgb.png,/nas/antoniodetoro/qwen/Qwen-Image-Edit-Angles-2/datos/MultiViewVisibleImagesHPE_Custom/00_17/to_00_16/Step_6_fake_00_16_from_00_17_1680262396179_rgb.png,OK,3.359828928606775,60.60606060606061,0.998515653653328,crítico,27
1680262396480,/nas/antoniodetoro/qwen/Qwen-Image-Edit-Angles-2/datos/MultiViewVisibleImagesHPE_Custom/test/00_16/00_16_1680262396480_rgb.png,/nas/antoniodetoro/qwen/Qwen-Image-Edit-Angles-2/datos/MultiViewVisibleImagesHPE_Custom/00_17/to_00_16/Step_6_fake_00_16_from_00_17_1680262396480_rgb.png,OK,3.8286255351553797,81.81818181818183,0.998790111238589,aceptable,12
1680262396781,/nas/antoniodetoro/qwen/Qwen-Image-Edit-Angles-2/datos/MultiViewVisibleImagesHPE_Custom/test/00_16/00_16_1680262396781_rgb.png,/nas/antoniodetoro/qwen/Qwen-Image-Edit-Angles-2/datos/MultiViewVisibleImagesHPE_Custom/00_17/to_00_16/Step_6_fake_00_16_from_00_17_1680262396781_rgb.png,OK,2.634106923730452,96.96969696969697,0.9991764948013603,excelente,31
1680262397082,/nas/antoniodetoro/qwen/Qwen-Image-Edit-Angles-2/datos/MultiViewVisibleImagesHPE_Custom/test/00_16/00_16_1680262397082_rgb.png,/nas/antoniodetoro/qwen/Qwen-Image-Edit-Angles-2/datos/MultiViewVisibleImagesHPE_Custom/00_17/to_00_16/Step_6_fake_00_16_from_00_17_1680262397082_rgb.png,OK,3.8157992770487144,87.87878787878788,0.998778055618783,aceptable,14
1680262397383,/nas/antoniodetoro/qwen/Qwen-Image-Edit-Angles-2/datos/MultiViewVisibleImagesHPE_Custom/test/00_16/00_16_1680262397383_rgb.png,/nas/antoniodetoro/qwen/Qwen-Image-Edit-Angles-2/datos/MultiViewVisibleImagesHPE_Custom/00_17/to_00_16/Step_6_fake_00_16_from_00_17_1680262397383_rgb.png,OK,3.3121227598477776,96.96969696969697,0.9990425446768753,excelente,12
1680262397684,/nas/antoniodetoro/qwen/Qwen-Image-Edit-Angles-2/datos/MultiViewVisibleImagesHPE_Custom/test/00_16/00_16_1680262397684_rgb.png,/nas/antoniodetoro/qwen/Qwen-Image-Edit-Angles-2/datos/MultiViewVisibleImagesHPE_Custom/00_17/to_00_16/Step_6_fake_00_16_from_00_17_1680262397684_rgb.png,OK,3.30831948082289,93.93939393939394,0.9992574366609994,excelente,14
1680262397985,/nas/antoniodetoro/qwen/Qwen-Image-Edit-Angles-2/datos/MultiViewVisibleImagesHPE_Custom/test/00_16/00_16_1680262397985_rgb.png,/nas/antoniodetoro/qwen/Qwen-Image-Edit-Angles-2/datos/MultiViewVisibleImagesHPE_Custom/00_17/to_00_16/Step_6_fake_00_16_from_00_17_1680262397985_rgb.png,OK,3.874950172049726,75.75757575757575,0.9986888938301614,aceptable,14
1680262398286,/nas/antoniodetoro/qwen/Qwen-Image-Edit-Angles-2/datos/MultiViewVisibleImagesHPE_Custom/test/00_16/00_16_1680262398286_rgb.png,/nas/antoniodetoro/qwen/Qwen-Image-Edit-Angles-2/datos/MultiViewVisibleImagesHPE_Custom/00_17/to_00_16/Step_6_fake_00_16_from_00_17_1680262398286_rgb.png,OK,4.826192006105349,57.57575757575758,0.9964013090065538,crítico,18
1680262398587,/nas/antoniodetoro/qwen/Qwen-Image-Edit-Angles-2/datos/MultiViewVisibleImagesHPE_Custom/test/00_16/00_16_1680262398587_rgb.png,/nas/antoniodetoro/qwen/Qwen-Image-Edit-Angles-2/datos/MultiViewVisibleImagesHPE_Custom/00_17/to_00_16/Step_6_fake_00_16_from_00_17_1680262398587_rgb.png,OK,3.943164245058304,60.60606060606061,0.9978550727865803,crítico,20
1680262398889,/nas/antoniodetoro/qwen/Qwen-Image-Edit-Angles-2/datos/MultiViewVisibleImagesHPE_Custom/test/00_16/00_16_1680262398889_rgb.png,/nas/antoniodetoro/qwen/Qwen-Image-Edit-Angles-2/datos/MultiViewVisibleImagesHPE_Custom/00_17/to_00_16/Step_6_fake_00_16_from_00_17_1680262398889_rgb.png,OK,3.7014747190420056,63.63636363636363,0.9982573617413302,crítico,31
1680262399190,/nas/antoniodetoro/qwen/Qwen-Image-Edit-Angles-2/datos/MultiViewVisibleImagesHPE_Custom/test/00_16/00_16_1680262399190_rgb.png,/nas/antoniodetoro/qwen/Qwen-Image-Edit-Angles-2/datos/MultiViewVisibleImagesHPE_Custom/00_17/to_00_16/Step_6_fake_00_16_from_00_17_1680262399190_rgb.png,OK,4.765564067000954,45.45454545454545,0.997692511099803,crítico,31
1680262399491,/nas/antoniodetoro/qwen/Qwen-Image-Edit-Angles-2/datos/MultiViewVisibleImagesHPE_Custom/test/00_16/00_16_1680262399491_rgb.png,/nas/antoniodetoro/qwen/Qwen-Image-Edit-Angles-2/datos/MultiViewVisibleImagesHPE_Custom/00_17/to_00_16/Step_6_fake_00_16_from_00_17_1680262399491_rgb.png,OK,5.398562407371465,42.42424242424242,0.9969070565290195,crítico,31
1680262399792,/nas/antoniodetoro/qwen/Qwen-Image-Edit-Angles-2/datos/MultiViewVisibleImagesHPE_Custom/test/00_16/00_16_1680262399792_rgb.png,/nas/antoniodetoro/qwen/Qwen-Image-Edit-Angles-2/datos/MultiViewVisibleImagesHPE_Custom/00_17/to_00_16/Step_6_fake_00_16_from_00_17_1680262399792_rgb.png,OK,4.545570929616751,54.54545454545454,0.9973573526308355,crítico,29
1680262400093,/nas/antoniodetoro/qwen/Qwen-Image-Edit-Angles-2/datos/MultiViewVisibleImagesHPE_Custom/test/00_16/00_16_1680262400093_rgb.png,/nas/antoniodetoro/qwen/Qwen-Image-Edit-Angles-2/datos/MultiViewVisibleImagesHPE_Custom/00_17/to_00_16/Step_6_fake_00_16_from_00_17_1680262400093_rgb.png,OK,3.8607003828421704,60.60606060606061,0.9979811538994585,crítico,31
1680262400394,/nas/antoniodetoro/qwen/Qwen-Image-Edit-Angles-2/datos/MultiViewVisibleImagesHPE_Custom/test/00_16/00_16_1680262400394_rgb.png,/nas/antoniodetoro/qwen/Qwen-Image-Edit-Angles-2/datos/MultiViewVisibleImagesHPE_Custom/00_17/to_00_16/Step_6_fake_00_16_from_00_17_1680262400394_rgb.png,OK,4.190614844350196,60.60606060606061,0.9977175625279557,crítico,31
1680262400695,/nas/antoniodetoro/qwen/Qwen-Image-Edit-Angles-2/datos/MultiViewVisibleImagesHPE_Custom/test/00_16/00_16_1680262400695_rgb.png,/nas/antoniodetoro/qwen/Qwen-Image-Edit-Angles-2/datos/MultiViewVisibleImagesHPE_Custom/00_17/to_00_16/Step_6_fake_00_16_from_00_17_1680262400695_rgb.png,OK,4.311542436821701,60.60606060606061,0.9977721190209794,crítico,31
1680262400996,/nas/antoniodetoro/qwen/Qwen-Image-Edit-Angles-2/datos/MultiViewVisibleImagesHPE_Custom/test/00_16/00_16_1680262400996_rgb.png,/nas/antoniodetoro/qwen/Qwen-Image-Edit-Angles-2/datos/MultiViewVisibleImagesHPE_Custom/00_17/to_00_16/Step_6_fake_00_16_from_00_17_1680262400996_rgb.png,OK,5.592710468390197,45.45454545454545,0.9966718030919847,crítico,29
1680262401297,/nas/antoniodetoro/qwen/Qwen-Image-Edit-Angles-2/datos/MultiViewVisibleImagesHPE_Custom/test/00_16/00_16_1680262401297_rgb.png,/nas/antoniodetoro/qwen/Qwen-Image-Edit-Angles-2/datos/MultiViewVisibleImagesHPE_Custom/00_17/to_00_16/Step_6_fake_00_16_from_00_17_1680262401297_rgb.png,OK,3.647703748250165,60.60606060606061,0.9982123367218454,crítico,18
1680262401598,/nas/antoniodetoro/qwen/Qwen-Image-Edit-Angles-2/datos/MultiViewVisibleImagesHPE_Custom/test/00_16/00_16_1680262401598_rgb.png,/nas/antoniodetoro/qwen/Qwen-Image-Edit-Angles-2/datos/MultiViewVisibleImagesHPE_Custom/00_17/to_00_16/Step_6_fake_00_16_from_00_17_1680262401598_rgb.png,OK,3.7733394242393787,78.78787878787878,0.9981914921557951,aceptable,18
1680262401899,/nas/antoniodetoro/qwen/Qwen-Image-Edit-Angles-2/datos/MultiViewVisibleImagesHPE_Custom/test/00_16/00_16_1680262401899_rgb.png,/nas/antoniodetoro/qwen/Qwen-Image-Edit-Angles-2/datos/MultiViewVisibleImagesHPE_Custom/00_17/to_00_16/Step_6_fake_00_16_from_00_17_1680262401899_rgb.png,OK,3.973751010036199,75.75757575757575,0.9982231849697987,aceptable,20
1680262402200,/nas/antoniodetoro/qwen/Qwen-Image-Edit-Angles-2/datos/MultiViewVisibleImagesHPE_Custom/test/00_16/00_16_1680262402200_rgb.png,/nas/antoniodetoro/qwen/Qwen-Image-Edit-Angles-2/datos/MultiViewVisibleImagesHPE_Custom/00_17/to_00_16/Step_6_fake_00_16_from_00_17_1680262402200_rgb.png,OK,3.5763540405468364,90.9090909090909,0.999290987538104,excelente,14
1680262402502,/nas/antoniodetoro/qwen/Qwen-Image-Edit-Angles-2/datos/MultiViewVisibleImagesHPE_Custom/test/00_16/00_16_1680262402502_rgb.png,/nas/antoniodetoro/qwen/Qwen-Image-Edit-Angles-2/datos/MultiViewVisibleImagesHPE_Custom/00_17/to_00_16/Step_6_fake_00_16_from_00_17_1680262402502_rgb.png,OK,4.365034143464831,60.60606060606061,0.9984651715597674,crítico,14
1680262402803,/nas/antoniodetoro/qwen/Qwen-Image-Edit-Angles-2/datos/MultiViewVisibleImagesHPE_Custom/test/00_16/00_16_1680262402803_rgb.png,/nas/antoniodetoro/qwen/Qwen-Image-Edit-Angles-2/datos/MultiViewVisibleImagesHPE_Custom/00_17/to_00_16/Step_6_fake_00_16_from_00_17_1680262402803_rgb.png,OK,4.89586981644605,51.515151515151516,0.9985072518687379,crítico,14
1680262403103,/nas/antoniodetoro/qwen/Qwen-Image-Edit-Angles-2/datos/MultiViewVisibleImagesHPE_Custom/test/00_16/00_16_1680262403103_rgb.png,/nas/antoniodetoro/qwen/Qwen-Image-Edit-Angles-2/datos/MultiViewVisibleImagesHPE_Custom/00_17/to_00_16/Step_6_fake_00_16_from_00_17_1680262403103_rgb.png,OK,3.309631677739505,87.87878787878788,0.9992414166826125,aceptable,20
1680262403404,/nas/antoniodetoro/qwen/Qwen-Image-Edit-Angles-2/datos/MultiViewVisibleImagesHPE_Custom/test/00_16/00_16_1680262403404_rgb.png,/nas/antoniodetoro/qwen/Qwen-Image-Edit-Angles-2/datos/MultiViewVisibleImagesHPE_Custom/00_17/to_00_16/Step_6_fake_00_16_from_00_17_1680262403404_rgb.png,OK,3.530278992651204,69.6969696969697,0.9985129213035859,crítico,20
1680262403705,/nas/antoniodetoro/qwen/Qwen-Image-Edit-Angles-2/datos/MultiViewVisibleImagesHPE_Custom/test/00_16/00_16_1680262403705_rgb.png,/nas/antoniodetoro/qwen/Qwen-Image-Edit-Angles-2/datos/MultiViewVisibleImagesHPE_Custom/00_17/to_00_16/Step_6_fake_00_16_from_00_17_1680262403705_rgb.png,OK,3.4571145910002534,96.96969696969697,0.9990046357574704,excelente,12
1680262404006,/nas/antoniodetoro/qwen/Qwen-Image-Edit-Angles-2/datos/MultiViewVisibleImagesHPE_Custom/test/00_16/00_16_1680262404006_rgb.png,/nas/antoniodetoro/qwen/Qwen-Image-Edit-Angles-2/datos/MultiViewVisibleImagesHPE_Custom/00_17/to_00_16/Step_6_fake_00_16_from_00_17_1680262404006_rgb.png,OK,2.8346239579254346,100.0,0.9993859227074743,excelente,20
1680262404307,/nas/antoniodetoro/qwen/Qwen-Image-Edit-Angles-2/datos/MultiViewVisibleImagesHPE_Custom/test/00_16/00_16_1680262404307_rgb.png,/nas/antoniodetoro/qwen/Qwen-Image-Edit-Angles-2/datos/MultiViewVisibleImagesHPE_Custom/00_17/to_00_16/Step_6_fake_00_16_from_00_17_1680262404307_rgb.png,OK,2.1080547123909894,100.0,0.9994163957924695,excelente,22
1680262404608,/nas/antoniodetoro/qwen/Qwen-Image-Edit-Angles-2/datos/MultiViewVisibleImagesHPE_Custom/test/00_16/00_16_1680262404608_rgb.png,/nas/antoniodetoro/qwen/Qwen-Image-Edit-Angles-2/datos/MultiViewVisibleImagesHPE_Custom/00_17/to_00_16/Step_6_fake_00_16_from_00_17_1680262404608_rgb.png,OK,2.8851490581524244,90.9090909090909,0.9992539452943942,excelente,14
1680262404909,/nas/antoniodetoro/qwen/Qwen-Image-Edit-Angles-2/datos/MultiViewVisibleImagesHPE_Custom/test/00_16/00_16_1680262404909_rgb.png,/nas/antoniodetoro/qwen/Qwen-Image-Edit-Angles-2/datos/MultiViewVisibleImagesHPE_Custom/00_17/to_00_16/Step_6_fake_00_16_from_00_17_1680262404909_rgb.png,OK,2.7912222518644896,93.93939393939394,0.9991033998026467,excelente,29
1680262405210,/nas/antoniodetoro/qwen/Qwen-Image-Edit-Angles-2/datos/MultiViewVisibleImagesHPE_Custom/test/00_16/00_16_1680262405210_rgb.png,/nas/antoniodetoro/qwen/Qwen-Image-Edit-Angles-2/datos/MultiViewVisibleImagesHPE_Custom/00_17/to_00_16/Step_6_fake_00_16_from_00_17_1680262405210_rgb.png,OK,2.619142726638452,96.96969696969697,0.9994166742013582,excelente,14
1680262405511,/nas/antoniodetoro/qwen/Qwen-Image-Edit-Angles-2/datos/MultiViewVisibleImagesHPE_Custom/test/00_16/00_16_1680262405511_rgb.png,/nas/antoniodetoro/qwen/Qwen-Image-Edit-Angles-2/datos/MultiViewVisibleImagesHPE_Custom/00_17/to_00_16/Step_6_fake_00_16_from_00_17_1680262405511_rgb.png,OK,2.7995357783310766,93.93939393939394,0.9991937575943853,excelente,14
1680262405813,/nas/antoniodetoro/qwen/Qwen-Image-Edit-Angles-2/datos/MultiViewVisibleImagesHPE_Custom/test/00_16/00_16_1680262405813_rgb.png,/nas/antoniodetoro/qwen/Qwen-Image-Edit-Angles-2/datos/MultiViewVisibleImagesHPE_Custom/00_17/to_00_16/Step_6_fake_00_16_from_00_17_1680262405813_rgb.png,OK,2.6188339362884085,100.0,0.999606858760104,excelente,20
1680262406114,/nas/antoniodetoro/qwen/Qwen-Image-Edit-Angles-2/datos/MultiViewVisibleImagesHPE_Custom/test/00_16/00_16_1680262406114_rgb.png,/nas/antoniodetoro/qwen/Qwen-Image-Edit-Angles-2/datos/MultiViewVisibleImagesHPE_Custom/00_17/to_00_16/Step_6_fake_00_16_from_00_17_1680262406114_rgb.png,OK,3.3805498674597168,87.87878787878788,0.9987628434412574,aceptable,20
1680262406415,/nas/antoniodetoro/qwen/Qwen-Image-Edit-Angles-2/datos/MultiViewVisibleImagesHPE_Custom/test/00_16/00_16_1680262406415_rgb.png,/nas/antoniodetoro/qwen/Qwen-Image-Edit-Angles-2/datos/MultiViewVisibleImagesHPE_Custom/00_17/to_00_16/Step_6_fake_00_16_from_00_17_1680262406415_rgb.png,OK,2.2692476021923644,93.93939393939394,0.9993478273286782,excelente,20
1680262406716,/nas/antoniodetoro/qwen/Qwen-Image-Edit-Angles-2/datos/MultiViewVisibleImagesHPE_Custom/test/00_16/00_16_1680262406716_rgb.png,/nas/antoniodetoro/qwen/Qwen-Image-Edit-Angles-2/datos/MultiViewVisibleImagesHPE_Custom/00_17/to_00_16/Step_6_fake_00_16_from_00_17_1680262406716_rgb.png,OK,3.194740303014398,100.0,0.9992375803278228,excelente,10
1680262407619,/nas/antoniodetoro/qwen/Qwen-Image-Edit-Angles-2/datos/MultiViewVisibleImagesHPE_Custom/test/00_16/00_16_1680262407619_rgb.png,/nas/antoniodetoro/qwen/Qwen-Image-Edit-Angles-2/datos/MultiViewVisibleImagesHPE_Custom/00_17/to_00_16/Step_6_fake_00_16_from_00_17_1680262407619_rgb.png,OK,4.415629637550644,54.54545454545454,0.9984860060919101,crítico,12
1680262407921,/nas/antoniodetoro/qwen/Qwen-Image-Edit-Angles-2/datos/MultiViewVisibleImagesHPE_Custom/test/00_16/00_16_1680262407921_rgb.png,/nas/antoniodetoro/qwen/Qwen-Image-Edit-Angles-2/datos/MultiViewVisibleImagesHPE_Custom/00_17/to_00_16/Step_6_fake_00_16_from_00_17_1680262407921_rgb.png,OK,2.880890940039855,100.0,0.9993116799965093,excelente,14
1680262408222,/nas/antoniodetoro/qwen/Qwen-Image-Edit-Angles-2/datos/MultiViewVisibleImagesHPE_Custom/test/00_16/00_16_1680262408222_rgb.png,/nas/antoniodetoro/qwen/Qwen-Image-Edit-Angles-2/datos/MultiViewVisibleImagesHPE_Custom/00_17/to_00_16/Step_6_fake_00_16_from_00_17_1680262408222_rgb.png,OK,3.975971577805404,69.6969696969697,0.9987711305855874,crítico,6
1680262408523,/nas/antoniodetoro/qwen/Qwen-Image-Edit-Angles-2/datos/MultiViewVisibleImagesHPE_Custom/test/00_16/00_16_1680262408523_rgb.png,/nas/antoniodetoro/qwen/Qwen-Image-Edit-Angles-2/datos/MultiViewVisibleImagesHPE_Custom/00_17/to_00_16/Step_6_fake_00_16_from_00_17_1680262408523_rgb.png,OK,3.2048100285543253,100.0,0.9992737430346779,excelente,6
1680262408824,/nas/antoniodetoro/qwen/Qwen-Image-Edit-Angles-2/datos/MultiViewVisibleImagesHPE_Custom/test/00_16/00_16_1680262408824_rgb.png,/nas/antoniodetoro/qwen/Qwen-Image-Edit-Angles-2/datos/MultiViewVisibleImagesHPE_Custom/00_17/to_00_16/Step_6_fake_00_16_from_00_17_1680262408824_rgb.png,OK,3.1241971647341353,66.66666666666666,0.9986138160605634,crítico,31
1680262409125,/nas/antoniodetoro/qwen/Qwen-Image-Edit-Angles-2/datos/MultiViewVisibleImagesHPE_Custom/test/00_16/00_16_1680262409125_rgb.png,/nas/antoniodetoro/qwen/Qwen-Image-Edit-Angles-2/datos/MultiViewVisibleImagesHPE_Custom/00_17/to_00_16/Step_6_fake_00_16_from_00_17_1680262409125_rgb.png,OK,3.9652515144508294,75.75757575757575,0.9984488170534651,aceptable,6
1680262409426,/nas/antoniodetoro/qwen/Qwen-Image-Edit-Angles-2/datos/MultiViewVisibleImagesHPE_Custom/test/00_16/00_16_1680262409426_rgb.png,/nas/antoniodetoro/qwen/Qwen-Image-Edit-Angles-2/datos/MultiViewVisibleImagesHPE_Custom/00_17/to_00_16/Step_6_fake_00_16_from_00_17_1680262409426_rgb.png,OK,2.1096856494604848,100.0,0.9994983010078083,excelente,29
1680262409727,/nas/antoniodetoro/qwen/Qwen-Image-Edit-Angles-2/datos/MultiViewVisibleImagesHPE_Custom/test/00_16/00_16_1680262409727_rgb.png,/nas/antoniodetoro/qwen/Qwen-Image-Edit-Angles-2/datos/MultiViewVisibleImagesHPE_Custom/00_17/to_00_16/Step_6_fake_00_16_from_00_17_1680262409727_rgb.png,OK,4.329719738183372,84.84848484848484,0.9979589370426468,aceptable,20
1680262410028,/nas/antoniodetoro/qwen/Qwen-Image-Edit-Angles-2/datos/MultiViewVisibleImagesHPE_Custom/test/00_16/00_16_1680262410028_rgb.png,/nas/antoniodetoro/qwen/Qwen-Image-Edit-Angles-2/datos/MultiViewVisibleImagesHPE_Custom/00_17/to_00_16/Step_6_fake_00_16_from_00_17_1680262410028_rgb.png,OK,3.2157102032425624,78.78787878787878,0.9985679307474957,aceptable,20
1680262410329,/nas/antoniodetoro/qwen/Qwen-Image-Edit-Angles-2/datos/MultiViewVisibleImagesHPE_Custom/test/00_16/00_16_1680262410329_rgb.png,/nas/antoniodetoro/qwen/Qwen-Image-Edit-Angles-2/datos/MultiViewVisibleImagesHPE_Custom/00_17/to_00_16/Step_6_fake_00_16_from_00_17_1680262410329_rgb.png,OK,3.0209981464477216,93.93939393939394,0.999325375096033,excelente,20
1680262410630,/nas/antoniodetoro/qwen/Qwen-Image-Edit-Angles-2/datos/MultiViewVisibleImagesHPE_Custom/test/00_16/00_16_1680262410630_rgb.png,/nas/antoniodetoro/qwen/Qwen-Image-Edit-Angles-2/datos/MultiViewVisibleImagesHPE_Custom/00_17/to_00_16/Step_6_fake_00_16_from_00_17_1680262410630_rgb.png,OK,3.3048274575961805,90.9090909090909,0.9991475631815085,excelente,14
1680262410931,/nas/antoniodetoro/qwen/Qwen-Image-Edit-Angles-2/datos/MultiViewVisibleImagesHPE_Custom/test/00_16/00_16_1680262410931_rgb.png,/nas/antoniodetoro/qwen/Qwen-Image-Edit-Angles-2/datos/MultiViewVisibleImagesHPE_Custom/00_17/to_00_16/Step_6_fake_00_16_from_00_17_1680262410931_rgb.png,OK,3.369780691614453,81.81818181818183,0.9984799416724817,aceptable,18
1680262411232,/nas/antoniodetoro/qwen/Qwen-Image-Edit-Angles-2/datos/MultiViewVisibleImagesHPE_Custom/test/00_16/00_16_1680262411232_rgb.png,/nas/antoniodetoro/qwen/Qwen-Image-Edit-Angles-2/datos/MultiViewVisibleImagesHPE_Custom/00_17/to_00_16/Step_6_fake_00_16_from_00_17_1680262411232_rgb.png,OK,2.879270444734508,100.0,0.999245758359716,excelente,12
1680262411534,/nas/antoniodetoro/qwen/Qwen-Image-Edit-Angles-2/datos/MultiViewVisibleImagesHPE_Custom/test/00_16/00_16_1680262411534_rgb.png,/nas/antoniodetoro/qwen/Qwen-Image-Edit-Angles-2/datos/MultiViewVisibleImagesHPE_Custom/00_17/to_00_16/Step_6_fake_00_16_from_00_17_1680262411534_rgb.png,OK,3.592704169081729,81.81818181818183,0.9987467971117365,aceptable,20
1680262411835,/nas/antoniodetoro/qwen/Qwen-Image-Edit-Angles-2/datos/MultiViewVisibleImagesHPE_Custom/test/00_16/00_16_1680262411835_rgb.png,/nas/antoniodetoro/qwen/Qwen-Image-Edit-Angles-2/datos/MultiViewVisibleImagesHPE_Custom/00_17/to_00_16/Step_6_fake_00_16_from_00_17_1680262411835_rgb.png,OK,3.603918007836391,84.84848484848484,0.9988498088678754,aceptable,14
1680262412437,/nas/antoniodetoro/qwen/Qwen-Image-Edit-Angles-2/datos/MultiViewVisibleImagesHPE_Custom/test/00_16/00_16_1680262412437_rgb.png,/nas/antoniodetoro/qwen/Qwen-Image-Edit-Angles-2/datos/MultiViewVisibleImagesHPE_Custom/00_17/to_00_16/Step_6_fake_00_16_from_00_17_1680262412437_rgb.png,OK,2.0655998925426164,100.0,0.9994142828772258,excelente,22
1680262412738,/nas/antoniodetoro/qwen/Qwen-Image-Edit-Angles-2/datos/MultiViewVisibleImagesHPE_Custom/test/00_16/00_16_1680262412738_rgb.png,/nas/antoniodetoro/qwen/Qwen-Image-Edit-Angles-2/datos/MultiViewVisibleImagesHPE_Custom/00_17/to_00_16/Step_6_fake_00_16_from_00_17_1680262412738_rgb.png,OK,3.3130373046804875,84.84848484848484,0.9979045854496424,aceptable,20
1680262413039,/nas/antoniodetoro/qwen/Qwen-Image-Edit-Angles-2/datos/MultiViewVisibleImagesHPE_Custom/test/00_16/00_16_1680262413039_rgb.png,/nas/antoniodetoro/qwen/Qwen-Image-Edit-Angles-2/datos/MultiViewVisibleImagesHPE_Custom/00_17/to_00_16/Step_6_fake_00_16_from_00_17_1680262413039_rgb.png,OK,4.246984428499024,54.54545454545454,0.9981530423419134,crítico,13
1680262413340,/nas/antoniodetoro/qwen/Qwen-Image-Edit-Angles-2/datos/MultiViewVisibleImagesHPE_Custom/test/00_16/00_16_1680262413340_rgb.png,/nas/antoniodetoro/qwen/Qwen-Image-Edit-Angles-2/datos/MultiViewVisibleImagesHPE_Custom/00_17/to_00_16/Step_6_fake_00_16_from_00_17_1680262413340_rgb.png,OK,3.9482034913749304,54.54545454545454,0.9983557148260739,crítico,6
1680262413641,/nas/antoniodetoro/qwen/Qwen-Image-Edit-Angles-2/datos/MultiViewVisibleImagesHPE_Custom/test/00_16/00_16_1680262413641_rgb.png,/nas/antoniodetoro/qwen/Qwen-Image-Edit-Angles-2/datos/MultiViewVisibleImagesHPE_Custom/00_17/to_00_16/Step_6_fake_00_16_from_00_17_1680262413641_rgb.png,OK,2.9315559622150498,90.9090909090909,0.9990347892058804,excelente,29
1680262413942,/nas/antoniodetoro/qwen/Qwen-Image-Edit-Angles-2/datos/MultiViewVisibleImagesHPE_Custom/test/00_16/00_16_1680262413942_rgb.png,/nas/antoniodetoro/qwen/Qwen-Image-Edit-Angles-2/datos/MultiViewVisibleImagesHPE_Custom/00_17/to_00_16/Step_6_fake_00_16_from_00_17_1680262413942_rgb.png,OK,3.496176466327802,78.78787878787878,0.9987950172865411,aceptable,12
1680262414243,/nas/antoniodetoro/qwen/Qwen-Image-Edit-Angles-2/datos/MultiViewVisibleImagesHPE_Custom/test/00_16/00_16_1680262414243_rgb.png,/nas/antoniodetoro/qwen/Qwen-Image-Edit-Angles-2/datos/MultiViewVisibleImagesHPE_Custom/00_17/to_00_16/Step_6_fake_00_16_from_00_17_1680262414243_rgb.png,OK,4.024975387482208,69.6969696969697,0.9986650082533747,crítico,12
1680262414544,/nas/antoniodetoro/qwen/Qwen-Image-Edit-Angles-2/datos/MultiViewVisibleImagesHPE_Custom/test/00_16/00_16_1680262414544_rgb.png,/nas/antoniodetoro/qwen/Qwen-Image-Edit-Angles-2/datos/MultiViewVisibleImagesHPE_Custom/00_17/to_00_16/Step_6_fake_00_16_from_00_17_1680262414544_rgb.png,OK,2.952016499920407,93.93939393939394,0.9991766619144744,excelente,12
1680262414844,/nas/antoniodetoro/qwen/Qwen-Image-Edit-Angles-2/datos/MultiViewVisibleImagesHPE_Custom/test/00_16/00_16_1680262414844_rgb.png,/nas/antoniodetoro/qwen/Qwen-Image-Edit-Angles-2/datos/MultiViewVisibleImagesHPE_Custom/00_17/to_00_16/Step_6_fake_00_16_from_00_17_1680262414844_rgb.png,OK,3.961243759138181,63.63636363636363,0.9984681291881078,crítico,12
1680262415145,/nas/antoniodetoro/qwen/Qwen-Image-Edit-Angles-2/datos/MultiViewVisibleImagesHPE_Custom/test/00_16/00_16_1680262415145_rgb.png,/nas/antoniodetoro/qwen/Qwen-Image-Edit-Angles-2/datos/MultiViewVisibleImagesHPE_Custom/00_17/to_00_16/Step_6_fake_00_16_from_00_17_1680262415145_rgb.png,OK,3.5547636945804384,93.93939393939394,0.9987967398279126,excelente,12
1680262415446,/nas/antoniodetoro/qwen/Qwen-Image-Edit-Angles-2/datos/MultiViewVisibleImagesHPE_Custom/test/00_16/00_16_1680262415446_rgb.png,/nas/antoniodetoro/qwen/Qwen-Image-Edit-Angles-2/datos/MultiViewVisibleImagesHPE_Custom/00_17/to_00_16/Step_6_fake_00_16_from_00_17_1680262415446_rgb.png,OK,4.505198003082118,54.54545454545454,0.9982829787746604,crítico,12
1680262415747,/nas/antoniodetoro/qwen/Qwen-Image-Edit-Angles-2/datos/MultiViewVisibleImagesHPE_Custom/test/00_16/00_16_1680262415747_rgb.png,/nas/antoniodetoro/qwen/Qwen-Image-Edit-Angles-2/datos/MultiViewVisibleImagesHPE_Custom/00_17/to_00_16/Step_6_fake_00_16_from_00_17_1680262415747_rgb.png,OK,4.2319161564593175,60.60606060606061,0.99857879638756,crítico,12
1680262416048,/nas/antoniodetoro/qwen/Qwen-Image-Edit-Angles-2/datos/MultiViewVisibleImagesHPE_Custom/test/00_16/00_16_1680262416048_rgb.png,/nas/antoniodetoro/qwen/Qwen-Image-Edit-Angles-2/datos/MultiViewVisibleImagesHPE_Custom/00_17/to_00_16/Step_6_fake_00_16_from_00_17_1680262416048_rgb.png,OK,4.493599140041559,57.57575757575758,0.9984240006793996,crítico,12
1680262416349,/nas/antoniodetoro/qwen/Qwen-Image-Edit-Angles-2/datos/MultiViewVisibleImagesHPE_Custom/test/00_16/00_16_1680262416349_rgb.png,/nas/antoniodetoro/qwen/Qwen-Image-Edit-Angles-2/datos/MultiViewVisibleImagesHPE_Custom/00_17/to_00_16/Step_6_fake_00_16_from_00_17_1680262416349_rgb.png,OK,3.958527175144269,63.63636363636363,0.9986882575187593,crítico,12
1680262416650,/nas/antoniodetoro/qwen/Qwen-Image-Edit-Angles-2/datos/MultiViewVisibleImagesHPE_Custom/test/00_16/00_16_1680262416650_rgb.png,/nas/antoniodetoro/qwen/Qwen-Image-Edit-Angles-2/datos/MultiViewVisibleImagesHPE_Custom/00_17/to_00_16/Step_6_fake_00_16_from_00_17_1680262416650_rgb.png,OK,4.102627568758852,63.63636363636363,0.9983980224760733,crítico,12
1680262416951,/nas/antoniodetoro/qwen/Qwen-Image-Edit-Angles-2/datos/MultiViewVisibleImagesHPE_Custom/test/00_16/00_16_1680262416951_rgb.png,/nas/antoniodetoro/qwen/Qwen-Image-Edit-Angles-2/datos/MultiViewVisibleImagesHPE_Custom/00_17/to_00_16/Step_6_fake_00_16_from_00_17_1680262416951_rgb.png,OK,4.673062765213717,48.484848484848484,0.9983398868540942,crítico,14
1680262417252,/nas/antoniodetoro/qwen/Qwen-Image-Edit-Angles-2/datos/MultiViewVisibleImagesHPE_Custom/test/00_16/00_16_1680262417252_rgb.png,/nas/antoniodetoro/qwen/Qwen-Image-Edit-Angles-2/datos/MultiViewVisibleImagesHPE_Custom/00_17/to_00_16/Step_6_fake_00_16_from_00_17_1680262417252_rgb.png,OK,4.034269085075172,72.72727272727273,0.9976447368592937,aceptable,20
1680262417554,/nas/antoniodetoro/qwen/Qwen-Image-Edit-Angles-2/datos/MultiViewVisibleImagesHPE_Custom/test/00_16/00_16_1680262417554_rgb.png,/nas/antoniodetoro/qwen/Qwen-Image-Edit-Angles-2/datos/MultiViewVisibleImagesHPE_Custom/00_17/to_00_16/Step_6_fake_00_16_from_00_17_1680262417554_rgb.png,OK,4.302511898013396,72.72727272727273,0.9973981237003641,aceptable,20
1680262417855,/nas/antoniodetoro/qwen/Qwen-Image-Edit-Angles-2/datos/MultiViewVisibleImagesHPE_Custom/test/00_16/00_16_1680262417855_rgb.png,/nas/antoniodetoro/qwen/Qwen-Image-Edit-Angles-2/datos/MultiViewVisibleImagesHPE_Custom/00_17/to_00_16/Step_6_fake_00_16_from_00_17_1680262417855_rgb.png,OK,3.5556541742241103,78.78787878787878,0.9984140082183163,aceptable,17
1680262418156,/nas/antoniodetoro/qwen/Qwen-Image-Edit-Angles-2/datos/MultiViewVisibleImagesHPE_Custom/test/00_16/00_16_1680262418156_rgb.png,/nas/antoniodetoro/qwen/Qwen-Image-Edit-Angles-2/datos/MultiViewVisibleImagesHPE_Custom/00_17/to_00_16/Step_6_fake_00_16_from_00_17_1680262418156_rgb.png,OK,4.069461602796801,60.60606060606061,0.9979254531270102,crítico,17
1680262418457,/nas/antoniodetoro/qwen/Qwen-Image-Edit-Angles-2/datos/MultiViewVisibleImagesHPE_Custom/test/00_16/00_16_1680262418457_rgb.png,/nas/antoniodetoro/qwen/Qwen-Image-Edit-Angles-2/datos/MultiViewVisibleImagesHPE_Custom/00_17/to_00_16/Step_6_fake_00_16_from_00_17_1680262418457_rgb.png,OK,3.0921370777842654,78.78787878787878,0.9987185976847278,aceptable,31
1680262418757,/nas/antoniodetoro/qwen/Qwen-Image-Edit-Angles-2/datos/MultiViewVisibleImagesHPE_Custom/test/00_16/00_16_1680262418757_rgb.png,/nas/antoniodetoro/qwen/Qwen-Image-Edit-Angles-2/datos/MultiViewVisibleImagesHPE_Custom/00_17/to_00_16/Step_6_fake_00_16_from_00_17_1680262418757_rgb.png,OK,3.40579214126784,81.81818181818183,0.9988135166996432,aceptable,18
1680262419059,/nas/antoniodetoro/qwen/Qwen-Image-Edit-Angles-2/datos/MultiViewVisibleImagesHPE_Custom/test/00_16/00_16_1680262419059_rgb.png,/nas/antoniodetoro/qwen/Qwen-Image-Edit-Angles-2/datos/MultiViewVisibleImagesHPE_Custom/00_17/to_00_16/Step_6_fake_00_16_from_00_17_1680262419059_rgb.png,OK,4.680448508536702,81.81818181818183,0.99707074404417,aceptable,20
1680262419360,/nas/antoniodetoro/qwen/Qwen-Image-Edit-Angles-2/datos/MultiViewVisibleImagesHPE_Custom/test/00_16/00_16_1680262419360_rgb.png,/nas/antoniodetoro/qwen/Qwen-Image-Edit-Angles-2/datos/MultiViewVisibleImagesHPE_Custom/00_17/to_00_16/Step_6_fake_00_16_from_00_17_1680262419360_rgb.png,OK,6.611559819510713,81.81818181818183,0.9903848232410374,aceptable,20
1680262419661,/nas/antoniodetoro/qwen/Qwen-Image-Edit-Angles-2/datos/MultiViewVisibleImagesHPE_Custom/test/00_16/00_16_1680262419661_rgb.png,/nas/antoniodetoro/qwen/Qwen-Image-Edit-Angles-2/datos/MultiViewVisibleImagesHPE_Custom/00_17/to_00_16/Step_6_fake_00_16_from_00_17_1680262419661_rgb.png,OK,3.639410424844167,84.84848484848484,0.9984080381599965,aceptable,22
1680262419962,/nas/antoniodetoro/qwen/Qwen-Image-Edit-Angles-2/datos/MultiViewVisibleImagesHPE_Custom/test/00_16/00_16_1680262419962_rgb.png,/nas/antoniodetoro/qwen/Qwen-Image-Edit-Angles-2/datos/MultiViewVisibleImagesHPE_Custom/00_17/to_00_16/Step_6_fake_00_16_from_00_17_1680262419962_rgb.png,OK,4.1755142713149835,75.75757575757575,0.9985544002790728,aceptable,12
1680262420263,/nas/antoniodetoro/qwen/Qwen-Image-Edit-Angles-2/datos/MultiViewVisibleImagesHPE_Custom/test/00_16/00_16_1680262420263_rgb.png,/nas/antoniodetoro/qwen/Qwen-Image-Edit-Angles-2/datos/MultiViewVisibleImagesHPE_Custom/00_17/to_00_16/Step_6_fake_00_16_from_00_17_1680262420263_rgb.png,OK,4.109298486348887,81.81818181818183,0.9983210705963426,aceptable,14
1680262420565,/nas/antoniodetoro/qwen/Qwen-Image-Edit-Angles-2/datos/MultiViewVisibleImagesHPE_Custom/test/00_16/00_16_1680262420565_rgb.png,/nas/antoniodetoro/qwen/Qwen-Image-Edit-Angles-2/datos/MultiViewVisibleImagesHPE_Custom/00_17/to_00_16/Step_6_fake_00_16_from_00_17_1680262420565_rgb.png,OK,3.279971051683981,84.84848484848484,0.9986467077561216,aceptable,22
1680262420866,/nas/antoniodetoro/qwen/Qwen-Image-Edit-Angles-2/datos/MultiViewVisibleImagesHPE_Custom/test/00_16/00_16_1680262420866_rgb.png,/nas/antoniodetoro/qwen/Qwen-Image-Edit-Angles-2/datos/MultiViewVisibleImagesHPE_Custom/00_17/to_00_16/Step_6_fake_00_16_from_00_17_1680262420866_rgb.png,OK,4.495619484088522,84.84848484848484,0.9967497982830471,aceptable,20
1680262421167,/nas/antoniodetoro/qwen/Qwen-Image-Edit-Angles-2/datos/MultiViewVisibleImagesHPE_Custom/test/00_16/00_16_1680262421167_rgb.png,/nas/antoniodetoro/qwen/Qwen-Image-Edit-Angles-2/datos/MultiViewVisibleImagesHPE_Custom/00_17/to_00_16/Step_6_fake_00_16_from_00_17_1680262421167_rgb.png,OK,3.4452803195857276,69.6969696969697,0.9983003698983293,crítico,31
1680262421468,/nas/antoniodetoro/qwen/Qwen-Image-Edit-Angles-2/datos/MultiViewVisibleImagesHPE_Custom/test/00_16/00_16_1680262421468_rgb.png,/nas/antoniodetoro/qwen/Qwen-Image-Edit-Angles-2/datos/MultiViewVisibleImagesHPE_Custom/00_17/to_00_16/Step_6_fake_00_16_from_00_17_1680262421468_rgb.png,OK,3.8000070848870493,60.60606060606061,0.9981494393800768,crítico,31
1680262421769,/nas/antoniodetoro/qwen/Qwen-Image-Edit-Angles-2/datos/MultiViewVisibleImagesHPE_Custom/test/00_16/00_16_1680262421769_rgb.png,/nas/antoniodetoro/qwen/Qwen-Image-Edit-Angles-2/datos/MultiViewVisibleImagesHPE_Custom/00_17/to_00_16/Step_6_fake_00_16_from_00_17_1680262421769_rgb.png,OK,3.3621227372024443,66.66666666666666,0.998453737462341,crítico,20
1680262422070,/nas/antoniodetoro/qwen/Qwen-Image-Edit-Angles-2/datos/MultiViewVisibleImagesHPE_Custom/test/00_16/00_16_1680262422070_rgb.png,/nas/antoniodetoro/qwen/Qwen-Image-Edit-Angles-2/datos/MultiViewVisibleImagesHPE_Custom/00_17/to_00_16/Step_6_fake_00_16_from_00_17_1680262422070_rgb.png,OK,4.391059044301529,78.78787878787878,0.998365999043847,aceptable,20
1680262422371,/nas/antoniodetoro/qwen/Qwen-Image-Edit-Angles-2/datos/MultiViewVisibleImagesHPE_Custom/test/00_16/00_16_1680262422371_rgb.png,/nas/antoniodetoro/qwen/Qwen-Image-Edit-Angles-2/datos/MultiViewVisibleImagesHPE_Custom/00_17/to_00_16/Step_6_fake_00_16_from_00_17_1680262422371_rgb.png,OK,3.9401878900993785,69.6969696969697,0.9987578369285923,crítico,14
1680262422672,/nas/antoniodetoro/qwen/Qwen-Image-Edit-Angles-2/datos/MultiViewVisibleImagesHPE_Custom/test/00_16/00_16_1680262422672_rgb.png,/nas/antoniodetoro/qwen/Qwen-Image-Edit-Angles-2/datos/MultiViewVisibleImagesHPE_Custom/00_17/to_00_16/Step_6_fake_00_16_from_00_17_1680262422672_rgb.png,OK,4.342277731019523,63.63636363636363,0.9986870508102712,crítico,14
1680262422973,/nas/antoniodetoro/qwen/Qwen-Image-Edit-Angles-2/datos/MultiViewVisibleImagesHPE_Custom/test/00_16/00_16_1680262422973_rgb.png,/nas/antoniodetoro/qwen/Qwen-Image-Edit-Angles-2/datos/MultiViewVisibleImagesHPE_Custom/00_17/to_00_16/Step_6_fake_00_16_from_00_17_1680262422973_rgb.png,OK,3.2558961368974653,72.72727272727273,0.9988276986961963,aceptable,12
1680262423274,/nas/antoniodetoro/qwen/Qwen-Image-Edit-Angles-2/datos/MultiViewVisibleImagesHPE_Custom/test/00_16/00_16_1680262423274_rgb.png,/nas/antoniodetoro/qwen/Qwen-Image-Edit-Angles-2/datos/MultiViewVisibleImagesHPE_Custom/00_17/to_00_16/Step_6_fake_00_16_from_00_17_1680262423274_rgb.png,OK,3.8843992311213356,66.66666666666666,0.998619595238116,crítico,12
1680262423575,/nas/antoniodetoro/qwen/Qwen-Image-Edit-Angles-2/datos/MultiViewVisibleImagesHPE_Custom/test/00_16/00_16_1680262423575_rgb.png,/nas/antoniodetoro/qwen/Qwen-Image-Edit-Angles-2/datos/MultiViewVisibleImagesHPE_Custom/00_17/to_00_16/Step_6_fake_00_16_from_00_17_1680262423575_rgb.png,OK,4.029094450850645,57.57575757575758,0.9986839260459084,crítico,14
1680262423876,/nas/antoniodetoro/qwen/Qwen-Image-Edit-Angles-2/datos/MultiViewVisibleImagesHPE_Custom/test/00_16/00_16_1680262423876_rgb.png,/nas/antoniodetoro/qwen/Qwen-Image-Edit-Angles-2/datos/MultiViewVisibleImagesHPE_Custom/00_17/to_00_16/Step_6_fake_00_16_from_00_17_1680262423876_rgb.png,OK,4.295861154226877,66.66666666666666,0.9982605061615076,crítico,18
1680262424177,/nas/antoniodetoro/qwen/Qwen-Image-Edit-Angles-2/datos/MultiViewVisibleImagesHPE_Custom/test/00_16/00_16_1680262424177_rgb.png,/nas/antoniodetoro/qwen/Qwen-Image-Edit-Angles-2/datos/MultiViewVisibleImagesHPE_Custom/00_17/to_00_16/Step_6_fake_00_16_from_00_17_1680262424177_rgb.png,OK,2.926812503418348,90.9090909090909,0.9990118511403855,excelente,15
1680262424478,/nas/antoniodetoro/qwen/Qwen-Image-Edit-Angles-2/datos/MultiViewVisibleImagesHPE_Custom/test/00_16/00_16_1680262424478_rgb.png,/nas/antoniodetoro/qwen/Qwen-Image-Edit-Angles-2/datos/MultiViewVisibleImagesHPE_Custom/00_17/to_00_16/Step_6_fake_00_16_from_00_17_1680262424478_rgb.png,OK,4.069745182278345,69.6969696969697,0.9987175819698232,crítico,6
1680262424780,/nas/antoniodetoro/qwen/Qwen-Image-Edit-Angles-2/datos/MultiViewVisibleImagesHPE_Custom/test/00_16/00_16_1680262424780_rgb.png,/nas/antoniodetoro/qwen/Qwen-Image-Edit-Angles-2/datos/MultiViewVisibleImagesHPE_Custom/00_17/to_00_16/Step_6_fake_00_16_from_00_17_1680262424780_rgb.png,OK,3.7089476150484617,63.63636363636363,0.9979818131743861,crítico,31
1680262425080,/nas/antoniodetoro/qwen/Qwen-Image-Edit-Angles-2/datos/MultiViewVisibleImagesHPE_Custom/test/00_16/00_16_1680262425080_rgb.png,/nas/antoniodetoro/qwen/Qwen-Image-Edit-Angles-2/datos/MultiViewVisibleImagesHPE_Custom/00_17/to_00_16/Step_6_fake_00_16_from_00_17_1680262425080_rgb.png,OK,4.165534709493408,57.57575757575758,0.9977557997262101,crítico,31
1680262425381,/nas/antoniodetoro/qwen/Qwen-Image-Edit-Angles-2/datos/MultiViewVisibleImagesHPE_Custom/test/00_16/00_16_1680262425381_rgb.png,/nas/antoniodetoro/qwen/Qwen-Image-Edit-Angles-2/datos/MultiViewVisibleImagesHPE_Custom/00_17/to_00_16/Step_6_fake_00_16_from_00_17_1680262425381_rgb.png,OK,4.105810242828769,66.66666666666666,0.9977600388038212,crítico,18
1680262425682,/nas/antoniodetoro/qwen/Qwen-Image-Edit-Angles-2/datos/MultiViewVisibleImagesHPE_Custom/test/00_16/00_16_1680262425682_rgb.png,/nas/antoniodetoro/qwen/Qwen-Image-Edit-Angles-2/datos/MultiViewVisibleImagesHPE_Custom/00_17/to_00_16/Step_6_fake_00_16_from_00_17_1680262425682_rgb.png,OK,4.303211184152354,78.78787878787878,0.9982649851880905,aceptable,14
1680262425983,/nas/antoniodetoro/qwen/Qwen-Image-Edit-Angles-2/datos/MultiViewVisibleImagesHPE_Custom/test/00_16/00_16_1680262425983_rgb.png,/nas/antoniodetoro/qwen/Qwen-Image-Edit-Angles-2/datos/MultiViewVisibleImagesHPE_Custom/00_17/to_00_16/Step_6_fake_00_16_from_00_17_1680262425983_rgb.png,OK,4.612250330180128,60.60606060606061,0.9979438388505566,crítico,14
1680262426284,/nas/antoniodetoro/qwen/Qwen-Image-Edit-Angles-2/datos/MultiViewVisibleImagesHPE_Custom/test/00_16/00_16_1680262426284_rgb.png,/nas/antoniodetoro/qwen/Qwen-Image-Edit-Angles-2/datos/MultiViewVisibleImagesHPE_Custom/00_17/to_00_16/Step_6_fake_00_16_from_00_17_1680262426284_rgb.png,OK,3.297917911724602,84.84848484848484,0.9988250867305564,aceptable,14
1680262426585,/nas/antoniodetoro/qwen/Qwen-Image-Edit-Angles-2/datos/MultiViewVisibleImagesHPE_Custom/test/00_16/00_16_1680262426585_rgb.png,/nas/antoniodetoro/qwen/Qwen-Image-Edit-Angles-2/datos/MultiViewVisibleImagesHPE_Custom/00_17/to_00_16/Step_6_fake_00_16_from_00_17_1680262426585_rgb.png,OK,3.9590375293896165,75.75757575757575,0.9987336038438304,aceptable,14
1680262426887,/nas/antoniodetoro/qwen/Qwen-Image-Edit-Angles-2/datos/MultiViewVisibleImagesHPE_Custom/test/00_16/00_16_1680262426887_rgb.png,/nas/antoniodetoro/qwen/Qwen-Image-Edit-Angles-2/datos/MultiViewVisibleImagesHPE_Custom/00_17/to_00_16/Step_6_fake_00_16_from_00_17_1680262426887_rgb.png,OK,2.8986579068805955,81.81818181818183,0.9988033870201173,aceptable,31
1680262427188,/nas/antoniodetoro/qwen/Qwen-Image-Edit-Angles-2/datos/MultiViewVisibleImagesHPE_Custom/test/00_16/00_16_1680262427188_rgb.png,/nas/antoniodetoro/qwen/Qwen-Image-Edit-Angles-2/datos/MultiViewVisibleImagesHPE_Custom/00_17/to_00_16/Step_6_fake_00_16_from_00_17_1680262427188_rgb.png,OK,3.5270512710771333,72.72727272727273,0.9981838780580583,aceptable,18
1680262427489,/nas/antoniodetoro/qwen/Qwen-Image-Edit-Angles-2/datos/MultiViewVisibleImagesHPE_Custom/test/00_16/00_16_1680262427489_rgb.png,/nas/antoniodetoro/qwen/Qwen-Image-Edit-Angles-2/datos/MultiViewVisibleImagesHPE_Custom/00_17/to_00_16/Step_6_fake_00_16_from_00_17_1680262427489_rgb.png,OK,3.3537167152163887,69.6969696969697,0.9983781346370915,crítico,15
1680262427790,/nas/antoniodetoro/qwen/Qwen-Image-Edit-Angles-2/datos/MultiViewVisibleImagesHPE_Custom/test/00_16/00_16_1680262427790_rgb.png,/nas/antoniodetoro/qwen/Qwen-Image-Edit-Angles-2/datos/MultiViewVisibleImagesHPE_Custom/00_17/to_00_16/Step_6_fake_00_16_from_00_17_1680262427790_rgb.png,OK,4.130796141990801,60.60606060606061,0.9976581293526,crítico,18
1680262428091,/nas/antoniodetoro/qwen/Qwen-Image-Edit-Angles-2/datos/MultiViewVisibleImagesHPE_Custom/test/00_16/00_16_1680262428091_rgb.png,/nas/antoniodetoro/qwen/Qwen-Image-Edit-Angles-2/datos/MultiViewVisibleImagesHPE_Custom/00_17/to_00_16/Step_6_fake_00_16_from_00_17_1680262428091_rgb.png,OK,4.044536820565574,63.63636363636363,0.9978474879502733,crítico,29
1680262428392,/nas/antoniodetoro/qwen/Qwen-Image-Edit-Angles-2/datos/MultiViewVisibleImagesHPE_Custom/test/00_16/00_16_1680262428392_rgb.png,/nas/antoniodetoro/qwen/Qwen-Image-Edit-Angles-2/datos/MultiViewVisibleImagesHPE_Custom/00_17/to_00_16/Step_6_fake_00_16_from_00_17_1680262428392_rgb.png,OK,4.084371045142881,57.57575757575758,0.9980293381042287,crítico,25
1680262428693,/nas/antoniodetoro/qwen/Qwen-Image-Edit-Angles-2/datos/MultiViewVisibleImagesHPE_Custom/test/00_16/00_16_1680262428693_rgb.png,/nas/antoniodetoro/qwen/Qwen-Image-Edit-Angles-2/datos/MultiViewVisibleImagesHPE_Custom/00_17/to_00_16/Step_6_fake_00_16_from_00_17_1680262428693_rgb.png,OK,4.950117129976537,63.63636363636363,0.9968819815490088,crítico,18
1680262428994,/nas/antoniodetoro/qwen/Qwen-Image-Edit-Angles-2/datos/MultiViewVisibleImagesHPE_Custom/test/00_16/00_16_1680262428994_rgb.png,/nas/antoniodetoro/qwen/Qwen-Image-Edit-Angles-2/datos/MultiViewVisibleImagesHPE_Custom/00_17/to_00_16/Step_6_fake_00_16_from_00_17_1680262428994_rgb.png,OK,3.7483457352298584,87.87878787878788,0.9990049827196583,aceptable,14
1680262429295,/nas/antoniodetoro/qwen/Qwen-Image-Edit-Angles-2/datos/MultiViewVisibleImagesHPE_Custom/test/00_16/00_16_1680262429295_rgb.png,/nas/antoniodetoro/qwen/Qwen-Image-Edit-Angles-2/datos/MultiViewVisibleImagesHPE_Custom/00_17/to_00_16/Step_6_fake_00_16_from_00_17_1680262429295_rgb.png,OK,4.09070792150698,63.63636363636363,0.9986210885668976,crítico,12
1680262429596,/nas/antoniodetoro/qwen/Qwen-Image-Edit-Angles-2/datos/MultiViewVisibleImagesHPE_Custom/test/00_16/00_16_1680262429596_rgb.png,/nas/antoniodetoro/qwen/Qwen-Image-Edit-Angles-2/datos/MultiViewVisibleImagesHPE_Custom/00_17/to_00_16/Step_6_fake_00_16_from_00_17_1680262429596_rgb.png,OK,3.8715987428635517,63.63636363636363,0.9986566747798109,crítico,12
1680262429897,/nas/antoniodetoro/qwen/Qwen-Image-Edit-Angles-2/datos/MultiViewVisibleImagesHPE_Custom/test/00_16/00_16_1680262429897_rgb.png,/nas/antoniodetoro/qwen/Qwen-Image-Edit-Angles-2/datos/MultiViewVisibleImagesHPE_Custom/00_17/to_00_16/Step_6_fake_00_16_from_00_17_1680262429897_rgb.png,OK,4.3436399310348035,57.57575757575758,0.9987506047337218,crítico,14
1680262430198,/nas/antoniodetoro/qwen/Qwen-Image-Edit-Angles-2/datos/MultiViewVisibleImagesHPE_Custom/test/00_16/00_16_1680262430198_rgb.png,/nas/antoniodetoro/qwen/Qwen-Image-Edit-Angles-2/datos/MultiViewVisibleImagesHPE_Custom/00_17/to_00_16/Step_6_fake_00_16_from_00_17_1680262430198_rgb.png,OK,3.5925196526249232,78.78787878787878,0.9988510693643005,aceptable,12
1680262430499,/nas/antoniodetoro/qwen/Qwen-Image-Edit-Angles-2/datos/MultiViewVisibleImagesHPE_Custom/test/00_16/00_16_1680262430499_rgb.png,/nas/antoniodetoro/qwen/Qwen-Image-Edit-Angles-2/datos/MultiViewVisibleImagesHPE_Custom/00_17/to_00_16/Step_6_fake_00_16_from_00_17_1680262430499_rgb.png,OK,3.6960432037694027,81.81818181818183,0.9988304170655898,aceptable,12
1680262430799,/nas/antoniodetoro/qwen/Qwen-Image-Edit-Angles-2/datos/MultiViewVisibleImagesHPE_Custom/test/00_16/00_16_1680262430799_rgb.png,/nas/antoniodetoro/qwen/Qwen-Image-Edit-Angles-2/datos/MultiViewVisibleImagesHPE_Custom/00_17/to_00_16/Step_6_fake_00_16_from_00_17_1680262430799_rgb.png,OK,3.8998303054741688,66.66666666666666,0.9987182145767506,crítico,12
1680262431101,/nas/antoniodetoro/qwen/Qwen-Image-Edit-Angles-2/datos/MultiViewVisibleImagesHPE_Custom/test/00_16/00_16_1680262431101_rgb.png,/nas/antoniodetoro/qwen/Qwen-Image-Edit-Angles-2/datos/MultiViewVisibleImagesHPE_Custom/00_17/to_00_16/Step_6_fake_00_16_from_00_17_1680262431101_rgb.png,OK,3.493358783332654,84.84848484848484,0.9989346468715503,aceptable,12
1680262431402,/nas/antoniodetoro/qwen/Qwen-Image-Edit-Angles-2/datos/MultiViewVisibleImagesHPE_Custom/test/00_16/00_16_1680262431402_rgb.png,/nas/antoniodetoro/qwen/Qwen-Image-Edit-Angles-2/datos/MultiViewVisibleImagesHPE_Custom/00_17/to_00_16/Step_6_fake_00_16_from_00_17_1680262431402_rgb.png,OK,4.470802562428029,57.57575757575758,0.9987242962847701,crítico,14
1680262431703,/nas/antoniodetoro/qwen/Qwen-Image-Edit-Angles-2/datos/MultiViewVisibleImagesHPE_Custom/test/00_16/00_16_1680262431703_rgb.png,/nas/antoniodetoro/qwen/Qwen-Image-Edit-Angles-2/datos/MultiViewVisibleImagesHPE_Custom/00_17/to_00_16/Step_6_fake_00_16_from_00_17_1680262431703_rgb.png,OK,3.9036218385163286,63.63636363636363,0.998575055123583,crítico,12
1680262432004,/nas/antoniodetoro/qwen/Qwen-Image-Edit-Angles-2/datos/MultiViewVisibleImagesHPE_Custom/test/00_16/00_16_1680262432004_rgb.png,/nas/antoniodetoro/qwen/Qwen-Image-Edit-Angles-2/datos/MultiViewVisibleImagesHPE_Custom/00_17/to_00_16/Step_6_fake_00_16_from_00_17_1680262432004_rgb.png,OK,3.4151990277549893,90.9090909090909,0.9989765270217171,excelente,14
1680262432305,/nas/antoniodetoro/qwen/Qwen-Image-Edit-Angles-2/datos/MultiViewVisibleImagesHPE_Custom/test/00_16/00_16_1680262432305_rgb.png,/nas/antoniodetoro/qwen/Qwen-Image-Edit-Angles-2/datos/MultiViewVisibleImagesHPE_Custom/00_17/to_00_16/Step_6_fake_00_16_from_00_17_1680262432305_rgb.png,OK,4.387186750426704,57.57575757575758,0.9985755711606884,crítico,14
1680262432606,/nas/antoniodetoro/qwen/Qwen-Image-Edit-Angles-2/datos/MultiViewVisibleImagesHPE_Custom/test/00_16/00_16_1680262432606_rgb.png,/nas/antoniodetoro/qwen/Qwen-Image-Edit-Angles-2/datos/MultiViewVisibleImagesHPE_Custom/00_17/to_00_16/Step_6_fake_00_16_from_00_17_1680262432606_rgb.png,OK,3.875781293046346,90.9090909090909,0.9988824630459978,excelente,14
1680262432907,/nas/antoniodetoro/qwen/Qwen-Image-Edit-Angles-2/datos/MultiViewVisibleImagesHPE_Custom/test/00_16/00_16_1680262432907_rgb.png,/nas/antoniodetoro/qwen/Qwen-Image-Edit-Angles-2/datos/MultiViewVisibleImagesHPE_Custom/00_17/to_00_16/Step_6_fake_00_16_from_00_17_1680262432907_rgb.png,OK,3.198237356985764,96.96969696969697,0.9989840216335089,excelente,12
1680262433208,/nas/antoniodetoro/qwen/Qwen-Image-Edit-Angles-2/datos/MultiViewVisibleImagesHPE_Custom/test/00_16/00_16_1680262433208_rgb.png,/nas/antoniodetoro/qwen/Qwen-Image-Edit-Angles-2/datos/MultiViewVisibleImagesHPE_Custom/00_17/to_00_16/Step_6_fake_00_16_from_00_17_1680262433208_rgb.png,OK,3.2636427818011713,100.0,0.998870949295441,excelente,20
1680262433509,/nas/antoniodetoro/qwen/Qwen-Image-Edit-Angles-2/datos/MultiViewVisibleImagesHPE_Custom/test/00_16/00_16_1680262433509_rgb.png,/nas/antoniodetoro/qwen/Qwen-Image-Edit-Angles-2/datos/MultiViewVisibleImagesHPE_Custom/00_17/to_00_16/Step_6_fake_00_16_from_00_17_1680262433509_rgb.png,OK,5.869428826068065,42.42424242424242,0.9952132184427177,crítico,19
1680262433811,/nas/antoniodetoro/qwen/Qwen-Image-Edit-Angles-2/datos/MultiViewVisibleImagesHPE_Custom/test/00_16/00_16_1680262433811_rgb.png,/nas/antoniodetoro/qwen/Qwen-Image-Edit-Angles-2/datos/MultiViewVisibleImagesHPE_Custom/00_17/to_00_16/Step_6_fake_00_16_from_00_17_1680262433811_rgb.png,OK,4.1587517728787695,72.72727272727273,0.9986614200798253,aceptable,18
1680262434112,/nas/antoniodetoro/qwen/Qwen-Image-Edit-Angles-2/datos/MultiViewVisibleImagesHPE_Custom/test/00_16/00_16_1680262434112_rgb.png,/nas/antoniodetoro/qwen/Qwen-Image-Edit-Angles-2/datos/MultiViewVisibleImagesHPE_Custom/00_17/to_00_16/Step_6_fake_00_16_from_00_17_1680262434112_rgb.png,OK,3.0893478959359015,75.75757575757575,0.9987987603760535,aceptable,29
1680262434714,/nas/antoniodetoro/qwen/Qwen-Image-Edit-Angles-2/datos/MultiViewVisibleImagesHPE_Custom/test/00_16/00_16_1680262434714_rgb.png,/nas/antoniodetoro/qwen/Qwen-Image-Edit-Angles-2/datos/MultiViewVisibleImagesHPE_Custom/00_17/to_00_16/Step_6_fake_00_16_from_00_17_1680262434714_rgb.png,OK,3.6602728474934167,78.78787878787878,0.9975726164121103,aceptable,20
1680262435316,/nas/antoniodetoro/qwen/Qwen-Image-Edit-Angles-2/datos/MultiViewVisibleImagesHPE_Custom/test/00_16/00_16_1680262435316_rgb.png,/nas/antoniodetoro/qwen/Qwen-Image-Edit-Angles-2/datos/MultiViewVisibleImagesHPE_Custom/00_17/to_00_16/Step_6_fake_00_16_from_00_17_1680262435316_rgb.png,OK,5.521057473155438,72.72727272727273,0.994901666053583,aceptable,17
1680262437122,/nas/antoniodetoro/qwen/Qwen-Image-Edit-Angles-2/datos/MultiViewVisibleImagesHPE_Custom/test/00_16/00_16_1680262437122_rgb.png,/nas/antoniodetoro/qwen/Qwen-Image-Edit-Angles-2/datos/MultiViewVisibleImagesHPE_Custom/00_17/to_00_16/Step_6_fake_00_16_from_00_17_1680262437122_rgb.png,OK,2.9911708112528546,87.87878787878788,0.9989348136851308,aceptable,12
1680262437423,/nas/antoniodetoro/qwen/Qwen-Image-Edit-Angles-2/datos/MultiViewVisibleImagesHPE_Custom/test/00_16/00_16_1680262437423_rgb.png,/nas/antoniodetoro/qwen/Qwen-Image-Edit-Angles-2/datos/MultiViewVisibleImagesHPE_Custom/00_17/to_00_16/Step_6_fake_00_16_from_00_17_1680262437423_rgb.png,OK,3.8313488078252753,84.84848484848484,0.9984412796811072,aceptable,18
1680262437724,/nas/antoniodetoro/qwen/Qwen-Image-Edit-Angles-2/datos/MultiViewVisibleImagesHPE_Custom/test/00_16/00_16_1680262437724_rgb.png,/nas/antoniodetoro/qwen/Qwen-Image-Edit-Angles-2/datos/MultiViewVisibleImagesHPE_Custom/00_17/to_00_16/Step_6_fake_00_16_from_00_17_1680262437724_rgb.png,OK,3.8665369369548794,69.6969696969697,0.9985032827323704,crítico,17
1680262438025,/nas/antoniodetoro/qwen/Qwen-Image-Edit-Angles-2/datos/MultiViewVisibleImagesHPE_Custom/test/00_16/00_16_1680262438025_rgb.png,/nas/antoniodetoro/qwen/Qwen-Image-Edit-Angles-2/datos/MultiViewVisibleImagesHPE_Custom/00_17/to_00_16/Step_6_fake_00_16_from_00_17_1680262438025_rgb.png,OK,3.3089515001483636,84.84848484848484,0.998751154223064,aceptable,16
1680262438325,/nas/antoniodetoro/qwen/Qwen-Image-Edit-Angles-2/datos/MultiViewVisibleImagesHPE_Custom/test/00_16/00_16_1680262438325_rgb.png,/nas/antoniodetoro/qwen/Qwen-Image-Edit-Angles-2/datos/MultiViewVisibleImagesHPE_Custom/00_17/to_00_16/Step_6_fake_00_16_from_00_17_1680262438325_rgb.png,OK,3.106790959719582,100.0,0.9990574729313191,excelente,12
1680262438627,/nas/antoniodetoro/qwen/Qwen-Image-Edit-Angles-2/datos/MultiViewVisibleImagesHPE_Custom/test/00_16/00_16_1680262438627_rgb.png,/nas/antoniodetoro/qwen/Qwen-Image-Edit-Angles-2/datos/MultiViewVisibleImagesHPE_Custom/00_17/to_00_16/Step_6_fake_00_16_from_00_17_1680262438627_rgb.png,OK,4.624213878079135,60.60606060606061,0.9983272102549702,crítico,10
1680262438928,/nas/antoniodetoro/qwen/Qwen-Image-Edit-Angles-2/datos/MultiViewVisibleImagesHPE_Custom/test/00_16/00_16_1680262438928_rgb.png,/nas/antoniodetoro/qwen/Qwen-Image-Edit-Angles-2/datos/MultiViewVisibleImagesHPE_Custom/00_17/to_00_16/Step_6_fake_00_16_from_00_17_1680262438928_rgb.png,OK,4.154020904247645,63.63636363636363,0.9985857664779382,crítico,12
1680262439229,/nas/antoniodetoro/qwen/Qwen-Image-Edit-Angles-2/datos/MultiViewVisibleImagesHPE_Custom/test/00_16/00_16_1680262439229_rgb.png,/nas/antoniodetoro/qwen/Qwen-Image-Edit-Angles-2/datos/MultiViewVisibleImagesHPE_Custom/00_17/to_00_16/Step_6_fake_00_16_from_00_17_1680262439229_rgb.png,OK,4.233914773199514,60.60606060606061,0.9987592709270433,crítico,12
1680262439530,/nas/antoniodetoro/qwen/Qwen-Image-Edit-Angles-2/datos/MultiViewVisibleImagesHPE_Custom/test/00_16/00_16_1680262439530_rgb.png,/nas/antoniodetoro/qwen/Qwen-Image-Edit-Angles-2/datos/MultiViewVisibleImagesHPE_Custom/00_17/to_00_16/Step_6_fake_00_16_from_00_17_1680262439530_rgb.png,OK,3.78803995609478,66.66666666666666,0.9986281075410895,crítico,14
1680262439831,/nas/antoniodetoro/qwen/Qwen-Image-Edit-Angles-2/datos/MultiViewVisibleImagesHPE_Custom/test/00_16/00_16_1680262439831_rgb.png,/nas/antoniodetoro/qwen/Qwen-Image-Edit-Angles-2/datos/MultiViewVisibleImagesHPE_Custom/00_17/to_00_16/Step_6_fake_00_16_from_00_17_1680262439831_rgb.png,OK,3.6250199997290546,63.63636363636363,0.998890693424481,crítico,10
1680262440132,/nas/antoniodetoro/qwen/Qwen-Image-Edit-Angles-2/datos/MultiViewVisibleImagesHPE_Custom/test/00_16/00_16_1680262440132_rgb.png,/nas/antoniodetoro/qwen/Qwen-Image-Edit-Angles-2/datos/MultiViewVisibleImagesHPE_Custom/00_17/to_00_16/Step_6_fake_00_16_from_00_17_1680262440132_rgb.png,OK,3.2076217500081374,100.0,0.9992295015383678,excelente,10
1680262440433,/nas/antoniodetoro/qwen/Qwen-Image-Edit-Angles-2/datos/MultiViewVisibleImagesHPE_Custom/test/00_16/00_16_1680262440433_rgb.png,/nas/antoniodetoro/qwen/Qwen-Image-Edit-Angles-2/datos/MultiViewVisibleImagesHPE_Custom/00_17/to_00_16/Step_6_fake_00_16_from_00_17_1680262440433_rgb.png,OK,3.9563025352360826,63.63636363636363,0.9987363907437481,crítico,14
1680262440734,/nas/antoniodetoro/qwen/Qwen-Image-Edit-Angles-2/datos/MultiViewVisibleImagesHPE_Custom/test/00_16/00_16_1680262440734_rgb.png,/nas/antoniodetoro/qwen/Qwen-Image-Edit-Angles-2/datos/MultiViewVisibleImagesHPE_Custom/00_17/to_00_16/Step_6_fake_00_16_from_00_17_1680262440734_rgb.png,OK,3.3811535977598597,75.75757575757575,0.9989744661454977,aceptable,12
1680262441035,/nas/antoniodetoro/qwen/Qwen-Image-Edit-Angles-2/datos/MultiViewVisibleImagesHPE_Custom/test/00_16/00_16_1680262441035_rgb.png,/nas/antoniodetoro/qwen/Qwen-Image-Edit-Angles-2/datos/MultiViewVisibleImagesHPE_Custom/00_17/to_00_16/Step_6_fake_00_16_from_00_17_1680262441035_rgb.png,OK,3.7041960452904314,93.93939393939394,0.9985839197002235,excelente,12
1680262441336,/nas/antoniodetoro/qwen/Qwen-Image-Edit-Angles-2/datos/MultiViewVisibleImagesHPE_Custom/test/00_16/00_16_1680262441336_rgb.png,/nas/antoniodetoro/qwen/Qwen-Image-Edit-Angles-2/datos/MultiViewVisibleImagesHPE_Custom/00_17/to_00_16/Step_6_fake_00_16_from_00_17_1680262441336_rgb.png,OK,3.6520256677610456,69.6969696969697,0.9988495996892116,crítico,12
1680262441638,/nas/antoniodetoro/qwen/Qwen-Image-Edit-Angles-2/datos/MultiViewVisibleImagesHPE_Custom/test/00_16/00_16_1680262441638_rgb.png,/nas/antoniodetoro/qwen/Qwen-Image-Edit-Angles-2/datos/MultiViewVisibleImagesHPE_Custom/00_17/to_00_16/Step_6_fake_00_16_from_00_17_1680262441638_rgb.png,OK,3.4908447418857946,69.6969696969697,0.9990591453405446,crítico,14
1680262441939,/nas/antoniodetoro/qwen/Qwen-Image-Edit-Angles-2/datos/MultiViewVisibleImagesHPE_Custom/test/00_16/00_16_1680262441939_rgb.png,/nas/antoniodetoro/qwen/Qwen-Image-Edit-Angles-2/datos/MultiViewVisibleImagesHPE_Custom/00_17/to_00_16/Step_6_fake_00_16_from_00_17_1680262441939_rgb.png,OK,3.3790928268234874,93.93939393939394,0.9987774577912211,excelente,31
1680262442240,/nas/antoniodetoro/qwen/Qwen-Image-Edit-Angles-2/datos/MultiViewVisibleImagesHPE_Custom/test/00_16/00_16_1680262442240_rgb.png,/nas/antoniodetoro/qwen/Qwen-Image-Edit-Angles-2/datos/MultiViewVisibleImagesHPE_Custom/00_17/to_00_16/Step_6_fake_00_16_from_00_17_1680262442240_rgb.png,OK,4.236714751346035,60.60606060606061,0.9982377749758198,crítico,20
1680262442541,/nas/antoniodetoro/qwen/Qwen-Image-Edit-Angles-2/datos/MultiViewVisibleImagesHPE_Custom/test/00_16/00_16_1680262442541_rgb.png,/nas/antoniodetoro/qwen/Qwen-Image-Edit-Angles-2/datos/MultiViewVisibleImagesHPE_Custom/00_17/to_00_16/Step_6_fake_00_16_from_00_17_1680262442541_rgb.png,OK,3.237249849458969,90.9090909090909,0.9990577258972182,excelente,12
1680262442843,/nas/antoniodetoro/qwen/Qwen-Image-Edit-Angles-2/datos/MultiViewVisibleImagesHPE_Custom/test/00_16/00_16_1680262442843_rgb.png,/nas/antoniodetoro/qwen/Qwen-Image-Edit-Angles-2/datos/MultiViewVisibleImagesHPE_Custom/00_17/to_00_16/Step_6_fake_00_16_from_00_17_1680262442843_rgb.png,OK,4.505839289515164,69.6969696969697,0.9977303255272584,crítico,20
1680262443144,/nas/antoniodetoro/qwen/Qwen-Image-Edit-Angles-2/datos/MultiViewVisibleImagesHPE_Custom/test/00_16/00_16_1680262443144_rgb.png,/nas/antoniodetoro/qwen/Qwen-Image-Edit-Angles-2/datos/MultiViewVisibleImagesHPE_Custom/00_17/to_00_16/Step_6_fake_00_16_from_00_17_1680262443144_rgb.png,OK,2.8845088615822387,87.87878787878788,0.998849974742286,aceptable,17
1680262443445,/nas/antoniodetoro/qwen/Qwen-Image-Edit-Angles-2/datos/MultiViewVisibleImagesHPE_Custom/test/00_16/00_16_1680262443445_rgb.png,/nas/antoniodetoro/qwen/Qwen-Image-Edit-Angles-2/datos/MultiViewVisibleImagesHPE_Custom/00_17/to_00_16/Step_6_fake_00_16_from_00_17_1680262443445_rgb.png,OK,4.3515361302120095,81.81818181818183,0.9970794522403904,aceptable,17
1680262444047,/nas/antoniodetoro/qwen/Qwen-Image-Edit-Angles-2/datos/MultiViewVisibleImagesHPE_Custom/test/00_16/00_16_1680262444047_rgb.png,/nas/antoniodetoro/qwen/Qwen-Image-Edit-Angles-2/datos/MultiViewVisibleImagesHPE_Custom/00_17/to_00_16/Step_6_fake_00_16_from_00_17_1680262444047_rgb.png,OK,6.142816812128785,72.72727272727273,0.9931000131413522,aceptable,18
1680262444348,/nas/antoniodetoro/qwen/Qwen-Image-Edit-Angles-2/datos/MultiViewVisibleImagesHPE_Custom/test/00_16/00_16_1680262444348_rgb.png,/nas/antoniodetoro/qwen/Qwen-Image-Edit-Angles-2/datos/MultiViewVisibleImagesHPE_Custom/00_17/to_00_16/Step_6_fake_00_16_from_00_17_1680262444348_rgb.png,OK,4.410999314849889,75.75757575757575,0.9970917502045673,aceptable,17
1680262444649,/nas/antoniodetoro/qwen/Qwen-Image-Edit-Angles-2/datos/MultiViewVisibleImagesHPE_Custom/test/00_16/00_16_1680262444649_rgb.png,/nas/antoniodetoro/qwen/Qwen-Image-Edit-Angles-2/datos/MultiViewVisibleImagesHPE_Custom/00_17/to_00_16/Step_6_fake_00_16_from_00_17_1680262444649_rgb.png,OK,4.144903453763676,78.78787878787878,0.9975007110017834,aceptable,18
1680262444950,/nas/antoniodetoro/qwen/Qwen-Image-Edit-Angles-2/datos/MultiViewVisibleImagesHPE_Custom/test/00_16/00_16_1680262444950_rgb.png,/nas/antoniodetoro/qwen/Qwen-Image-Edit-Angles-2/datos/MultiViewVisibleImagesHPE_Custom/00_17/to_00_16/Step_6_fake_00_16_from_00_17_1680262444950_rgb.png,OK,5.8625876805957695,69.6969696969697,0.992425704500468,crítico,18
1680262445251,/nas/antoniodetoro/qwen/Qwen-Image-Edit-Angles-2/datos/MultiViewVisibleImagesHPE_Custom/test/00_16/00_16_1680262445251_rgb.png,/nas/antoniodetoro/qwen/Qwen-Image-Edit-Angles-2/datos/MultiViewVisibleImagesHPE_Custom/00_17/to_00_16/Step_6_fake_00_16_from_00_17_1680262445251_rgb.png,OK,3.710947796498916,84.84848484848484,0.9988088121233369,aceptable,18
1680262445552,/nas/antoniodetoro/qwen/Qwen-Image-Edit-Angles-2/datos/MultiViewVisibleImagesHPE_Custom/test/00_16/00_16_1680262445552_rgb.png,/nas/antoniodetoro/qwen/Qwen-Image-Edit-Angles-2/datos/MultiViewVisibleImagesHPE_Custom/00_17/to_00_16/Step_6_fake_00_16_from_00_17_1680262445552_rgb.png,OK,3.7074769354176302,96.96969696969697,0.9988067672956827,excelente,31
1680262445854,/nas/antoniodetoro/qwen/Qwen-Image-Edit-Angles-2/datos/MultiViewVisibleImagesHPE_Custom/test/00_16/00_16_1680262445854_rgb.png,/nas/antoniodetoro/qwen/Qwen-Image-Edit-Angles-2/datos/MultiViewVisibleImagesHPE_Custom/00_17/to_00_16/Step_6_fake_00_16_from_00_17_1680262445854_rgb.png,OK,5.80821469523022,39.39393939393939,0.9952836245137086,crítico,17
1680262446155,/nas/antoniodetoro/qwen/Qwen-Image-Edit-Angles-2/datos/MultiViewVisibleImagesHPE_Custom/test/00_16/00_16_1680262446155_rgb.png,/nas/antoniodetoro/qwen/Qwen-Image-Edit-Angles-2/datos/MultiViewVisibleImagesHPE_Custom/00_17/to_00_16/Step_6_fake_00_16_from_00_17_1680262446155_rgb.png,OK,3.6951628247791364,84.84848484848484,0.9985762646562796,aceptable,18
1680262446456,/nas/antoniodetoro/qwen/Qwen-Image-Edit-Angles-2/datos/MultiViewVisibleImagesHPE_Custom/test/00_16/00_16_1680262446456_rgb.png,/nas/antoniodetoro/qwen/Qwen-Image-Edit-Angles-2/datos/MultiViewVisibleImagesHPE_Custom/00_17/to_00_16/Step_6_fake_00_16_from_00_17_1680262446456_rgb.png,OK,4.648407624341814,57.57575757575758,0.9981904437033402,crítico,12
1680262446757,/nas/antoniodetoro/qwen/Qwen-Image-Edit-Angles-2/datos/MultiViewVisibleImagesHPE_Custom/test/00_16/00_16_1680262446757_rgb.png,/nas/antoniodetoro/qwen/Qwen-Image-Edit-Angles-2/datos/MultiViewVisibleImagesHPE_Custom/00_17/to_00_16/Step_6_fake_00_16_from_00_17_1680262446757_rgb.png,OK,4.859537551568601,51.515151515151516,0.9980584035385286,crítico,12
1680262447058,/nas/antoniodetoro/qwen/Qwen-Image-Edit-Angles-2/datos/MultiViewVisibleImagesHPE_Custom/test/00_16/00_16_1680262447058_rgb.png,/nas/antoniodetoro/qwen/Qwen-Image-Edit-Angles-2/datos/MultiViewVisibleImagesHPE_Custom/00_17/to_00_16/Step_6_fake_00_16_from_00_17_1680262447058_rgb.png,OK,4.313951804560983,60.60606060606061,0.9985803155864676,crítico,12
1680262447359,/nas/antoniodetoro/qwen/Qwen-Image-Edit-Angles-2/datos/MultiViewVisibleImagesHPE_Custom/test/00_16/00_16_1680262447359_rgb.png,/nas/antoniodetoro/qwen/Qwen-Image-Edit-Angles-2/datos/MultiViewVisibleImagesHPE_Custom/00_17/to_00_16/Step_6_fake_00_16_from_00_17_1680262447359_rgb.png,OK,3.9805161804659863,66.66666666666666,0.9988070605347042,crítico,12
1680262447660,/nas/antoniodetoro/qwen/Qwen-Image-Edit-Angles-2/datos/MultiViewVisibleImagesHPE_Custom/test/00_16/00_16_1680262447660_rgb.png,/nas/antoniodetoro/qwen/Qwen-Image-Edit-Angles-2/datos/MultiViewVisibleImagesHPE_Custom/00_17/to_00_16/Step_6_fake_00_16_from_00_17_1680262447660_rgb.png,OK,4.31106431265358,54.54545454545454,0.9988233977126051,crítico,14
1680262447960,/nas/antoniodetoro/qwen/Qwen-Image-Edit-Angles-2/datos/MultiViewVisibleImagesHPE_Custom/test/00_16/00_16_1680262447960_rgb.png,/nas/antoniodetoro/qwen/Qwen-Image-Edit-Angles-2/datos/MultiViewVisibleImagesHPE_Custom/00_17/to_00_16/Step_6_fake_00_16_from_00_17_1680262447960_rgb.png,OK,4.119349255683921,60.60606060606061,0.9987599511348698,crítico,14
1680262448261,/nas/antoniodetoro/qwen/Qwen-Image-Edit-Angles-2/datos/MultiViewVisibleImagesHPE_Custom/test/00_16/00_16_1680262448261_rgb.png,/nas/antoniodetoro/qwen/Qwen-Image-Edit-Angles-2/datos/MultiViewVisibleImagesHPE_Custom/00_17/to_00_16/Step_6_fake_00_16_from_00_17_1680262448261_rgb.png,OK,3.4975642964310323,75.75757575757575,0.9980095044709879,aceptable,18
1680262448562,/nas/antoniodetoro/qwen/Qwen-Image-Edit-Angles-2/datos/MultiViewVisibleImagesHPE_Custom/test/00_16/00_16_1680262448562_rgb.png,/nas/antoniodetoro/qwen/Qwen-Image-Edit-Angles-2/datos/MultiViewVisibleImagesHPE_Custom/00_17/to_00_16/Step_6_fake_00_16_from_00_17_1680262448562_rgb.png,OK,3.5891044692059624,78.78787878787878,0.998346855135782,aceptable,20
1680262448863,/nas/antoniodetoro/qwen/Qwen-Image-Edit-Angles-2/datos/MultiViewVisibleImagesHPE_Custom/test/00_16/00_16_1680262448863_rgb.png,/nas/antoniodetoro/qwen/Qwen-Image-Edit-Angles-2/datos/MultiViewVisibleImagesHPE_Custom/00_17/to_00_16/Step_6_fake_00_16_from_00_17_1680262448863_rgb.png,OK,2.9143333133402893,90.9090909090909,0.9992291520850342,excelente,20
1680262449164,/nas/antoniodetoro/qwen/Qwen-Image-Edit-Angles-2/datos/MultiViewVisibleImagesHPE_Custom/test/00_16/00_16_1680262449164_rgb.png,/nas/antoniodetoro/qwen/Qwen-Image-Edit-Angles-2/datos/MultiViewVisibleImagesHPE_Custom/00_17/to_00_16/Step_6_fake_00_16_from_00_17_1680262449164_rgb.png,OK,3.0896750658436427,90.9090909090909,0.998859435783799,excelente,29
1680262449465,/nas/antoniodetoro/qwen/Qwen-Image-Edit-Angles-2/datos/MultiViewVisibleImagesHPE_Custom/test/00_16/00_16_1680262449465_rgb.png,/nas/antoniodetoro/qwen/Qwen-Image-Edit-Angles-2/datos/MultiViewVisibleImagesHPE_Custom/00_17/to_00_16/Step_6_fake_00_16_from_00_17_1680262449465_rgb.png,OK,3.2970913212286495,69.6969696969697,0.9984298304338544,crítico,17
1680262449766,/nas/antoniodetoro/qwen/Qwen-Image-Edit-Angles-2/datos/MultiViewVisibleImagesHPE_Custom/test/00_16/00_16_1680262449766_rgb.png,/nas/antoniodetoro/qwen/Qwen-Image-Edit-Angles-2/datos/MultiViewVisibleImagesHPE_Custom/00_17/to_00_16/Step_6_fake_00_16_from_00_17_1680262449766_rgb.png,OK,7.969552798021136,69.6969696969697,0.985381082146173,crítico,20
1680262450067,/nas/antoniodetoro/qwen/Qwen-Image-Edit-Angles-2/datos/MultiViewVisibleImagesHPE_Custom/test/00_16/00_16_1680262450067_rgb.png,/nas/antoniodetoro/qwen/Qwen-Image-Edit-Angles-2/datos/MultiViewVisibleImagesHPE_Custom/00_17/to_00_16/Step_6_fake_00_16_from_00_17_1680262450067_rgb.png,OK,7.11456189484552,69.6969696969697,0.9869398111164689,crítico,20
1680262450368,/nas/antoniodetoro/qwen/Qwen-Image-Edit-Angles-2/datos/MultiViewVisibleImagesHPE_Custom/test/00_16/00_16_1680262450368_rgb.png,/nas/antoniodetoro/qwen/Qwen-Image-Edit-Angles-2/datos/MultiViewVisibleImagesHPE_Custom/00_17/to_00_16/Step_6_fake_00_16_from_00_17_1680262450368_rgb.png,OK,7.901128302006715,69.6969696969697,0.9829924925476028,crítico,20
1680262450669,/nas/antoniodetoro/qwen/Qwen-Image-Edit-Angles-2/datos/MultiViewVisibleImagesHPE_Custom/test/00_16/00_16_1680262450669_rgb.png,/nas/antoniodetoro/qwen/Qwen-Image-Edit-Angles-2/datos/MultiViewVisibleImagesHPE_Custom/00_17/to_00_16/Step_6_fake_00_16_from_00_17_1680262450669_rgb.png,OK,4.7565458373999645,72.72727272727273,0.9960106736760858,aceptable,18
1680262450970,/nas/antoniodetoro/qwen/Qwen-Image-Edit-Angles-2/datos/MultiViewVisibleImagesHPE_Custom/test/00_16/00_16_1680262450970_rgb.png,/nas/antoniodetoro/qwen/Qwen-Image-Edit-Angles-2/datos/MultiViewVisibleImagesHPE_Custom/00_17/to_00_16/Step_6_fake_00_16_from_00_17_1680262450970_rgb.png,OK,6.289920945424995,72.72727272727273,0.9886392344123249,aceptable,20
1680262451271,/nas/antoniodetoro/qwen/Qwen-Image-Edit-Angles-2/datos/MultiViewVisibleImagesHPE_Custom/test/00_16/00_16_1680262451271_rgb.png,/nas/antoniodetoro/qwen/Qwen-Image-Edit-Angles-2/datos/MultiViewVisibleImagesHPE_Custom/00_17/to_00_16/Step_6_fake_00_16_from_00_17_1680262451271_rgb.png,OK,5.8097351751893616,69.6969696969697,0.9932686502193898,crítico,18
1680262451572,/nas/antoniodetoro/qwen/Qwen-Image-Edit-Angles-2/datos/MultiViewVisibleImagesHPE_Custom/test/00_16/00_16_1680262451572_rgb.png,/nas/antoniodetoro/qwen/Qwen-Image-Edit-Angles-2/datos/MultiViewVisibleImagesHPE_Custom/00_17/to_00_16/Step_6_fake_00_16_from_00_17_1680262451572_rgb.png,OK,8.092810267625584,66.66666666666666,0.9870587653020939,crítico,20
1680262451874,/nas/antoniodetoro/qwen/Qwen-Image-Edit-Angles-2/datos/MultiViewVisibleImagesHPE_Custom/test/00_16/00_16_1680262451874_rgb.png,/nas/antoniodetoro/qwen/Qwen-Image-Edit-Angles-2/datos/MultiViewVisibleImagesHPE_Custom/00_17/to_00_16/Step_6_fake_00_16_from_00_17_1680262451874_rgb.png,OK,5.26984602658899,72.72727272727273,0.9946505110920192,aceptable,18
1680262452175,/nas/antoniodetoro/qwen/Qwen-Image-Edit-Angles-2/datos/MultiViewVisibleImagesHPE_Custom/test/00_16/00_16_1680262452175_rgb.png,/nas/antoniodetoro/qwen/Qwen-Image-Edit-Angles-2/datos/MultiViewVisibleImagesHPE_Custom/00_17/to_00_16/Step_6_fake_00_16_from_00_17_1680262452175_rgb.png,OK,2.636430577798103,69.6969696969697,0.9986662572747989,crítico,20
1680262452476,/nas/antoniodetoro/qwen/Qwen-Image-Edit-Angles-2/datos/MultiViewVisibleImagesHPE_Custom/test/00_16/00_16_1680262452476_rgb.png,/nas/antoniodetoro/qwen/Qwen-Image-Edit-Angles-2/datos/MultiViewVisibleImagesHPE_Custom/00_17/to_00_16/Step_6_fake_00_16_from_00_17_1680262452476_rgb.png,OK,3.1426858328275946,84.84848484848484,0.9989674973695526,aceptable,20
1680262452776,/nas/antoniodetoro/qwen/Qwen-Image-Edit-Angles-2/datos/MultiViewVisibleImagesHPE_Custom/test/00_16/00_16_1680262452776_rgb.png,/nas/antoniodetoro/qwen/Qwen-Image-Edit-Angles-2/datos/MultiViewVisibleImagesHPE_Custom/00_17/to_00_16/Step_6_fake_00_16_from_00_17_1680262452776_rgb.png,OK,3.126467541703433,84.84848484848484,0.9988475892259313,aceptable,31
1680262453078,/nas/antoniodetoro/qwen/Qwen-Image-Edit-Angles-2/datos/MultiViewVisibleImagesHPE_Custom/test/00_16/00_16_1680262453078_rgb.png,/nas/antoniodetoro/qwen/Qwen-Image-Edit-Angles-2/datos/MultiViewVisibleImagesHPE_Custom/00_17/to_00_16/Step_6_fake_00_16_from_00_17_1680262453078_rgb.png,OK,4.338120734902613,72.72727272727273,0.9979890536781871,aceptable,20
1680262453379,/nas/antoniodetoro/qwen/Qwen-Image-Edit-Angles-2/datos/MultiViewVisibleImagesHPE_Custom/test/00_16/00_16_1680262453379_rgb.png,/nas/antoniodetoro/qwen/Qwen-Image-Edit-Angles-2/datos/MultiViewVisibleImagesHPE_Custom/00_17/to_00_16/Step_6_fake_00_16_from_00_17_1680262453379_rgb.png,OK,3.1844421275504424,87.87878787878788,0.9987974348568773,aceptable,31
1680262453680,/nas/antoniodetoro/qwen/Qwen-Image-Edit-Angles-2/datos/MultiViewVisibleImagesHPE_Custom/test/00_16/00_16_1680262453680_rgb.png,/nas/antoniodetoro/qwen/Qwen-Image-Edit-Angles-2/datos/MultiViewVisibleImagesHPE_Custom/00_17/to_00_16/Step_6_fake_00_16_from_00_17_1680262453680_rgb.png,OK,3.323228452145872,84.84848484848484,0.9989485198437716,aceptable,16
1680262453981,/nas/antoniodetoro/qwen/Qwen-Image-Edit-Angles-2/datos/MultiViewVisibleImagesHPE_Custom/test/00_16/00_16_1680262453981_rgb.png,/nas/antoniodetoro/qwen/Qwen-Image-Edit-Angles-2/datos/MultiViewVisibleImagesHPE_Custom/00_17/to_00_16/Step_6_fake_00_16_from_00_17_1680262453981_rgb.png,OK,4.034080903847534,66.66666666666666,0.9985214101370381,crítico,0
1680262454282,/nas/antoniodetoro/qwen/Qwen-Image-Edit-Angles-2/datos/MultiViewVisibleImagesHPE_Custom/test/00_16/00_16_1680262454282_rgb.png,/nas/antoniodetoro/qwen/Qwen-Image-Edit-Angles-2/datos/MultiViewVisibleImagesHPE_Custom/00_17/to_00_16/Step_6_fake_00_16_from_00_17_1680262454282_rgb.png,OK,3.9384656730206355,54.54545454545454,0.9987013921679361,crítico,14
1680262454583,/nas/antoniodetoro/qwen/Qwen-Image-Edit-Angles-2/datos/MultiViewVisibleImagesHPE_Custom/test/00_16/00_16_1680262454583_rgb.png,/nas/antoniodetoro/qwen/Qwen-Image-Edit-Angles-2/datos/MultiViewVisibleImagesHPE_Custom/00_17/to_00_16/Step_6_fake_00_16_from_00_17_1680262454583_rgb.png,OK,4.162386333080071,51.515151515151516,0.9986366272665917,crítico,18
1680262454884,/nas/antoniodetoro/qwen/Qwen-Image-Edit-Angles-2/datos/MultiViewVisibleImagesHPE_Custom/test/00_16/00_16_1680262454884_rgb.png,/nas/antoniodetoro/qwen/Qwen-Image-Edit-Angles-2/datos/MultiViewVisibleImagesHPE_Custom/00_17/to_00_16/Step_6_fake_00_16_from_00_17_1680262454884_rgb.png,OK,4.411411782322507,51.515151515151516,0.9986004104870758,crítico,14
1680262455185,/nas/antoniodetoro/qwen/Qwen-Image-Edit-Angles-2/datos/MultiViewVisibleImagesHPE_Custom/test/00_16/00_16_1680262455185_rgb.png,/nas/antoniodetoro/qwen/Qwen-Image-Edit-Angles-2/datos/MultiViewVisibleImagesHPE_Custom/00_17/to_00_16/Step_6_fake_00_16_from_00_17_1680262455185_rgb.png,OK,4.013188099058068,60.60606060606061,0.9986097200989453,crítico,14
1680262455486,/nas/antoniodetoro/qwen/Qwen-Image-Edit-Angles-2/datos/MultiViewVisibleImagesHPE_Custom/test/00_16/00_16_1680262455486_rgb.png,/nas/antoniodetoro/qwen/Qwen-Image-Edit-Angles-2/datos/MultiViewVisibleImagesHPE_Custom/00_17/to_00_16/Step_6_fake_00_16_from_00_17_1680262455486_rgb.png,OK,4.0366241849008695,60.60606060606061,0.9987065069559521,crítico,18
1680262455787,/nas/antoniodetoro/qwen/Qwen-Image-Edit-Angles-2/datos/MultiViewVisibleImagesHPE_Custom/test/00_16/00_16_1680262455787_rgb.png,/nas/antoniodetoro/qwen/Qwen-Image-Edit-Angles-2/datos/MultiViewVisibleImagesHPE_Custom/00_17/to_00_16/Step_6_fake_00_16_from_00_17_1680262455787_rgb.png,OK,4.12701426808077,54.54545454545454,0.998600423178282,crítico,14
1680262456088,/nas/antoniodetoro/qwen/Qwen-Image-Edit-Angles-2/datos/MultiViewVisibleImagesHPE_Custom/test/00_16/00_16_1680262456088_rgb.png,/nas/antoniodetoro/qwen/Qwen-Image-Edit-Angles-2/datos/MultiViewVisibleImagesHPE_Custom/00_17/to_00_16/Step_6_fake_00_16_from_00_17_1680262456088_rgb.png,OK,3.9612730481727367,69.6969696969697,0.9986149149917958,crítico,18
1680262456389,/nas/antoniodetoro/qwen/Qwen-Image-Edit-Angles-2/datos/MultiViewVisibleImagesHPE_Custom/test/00_16/00_16_1680262456389_rgb.png,/nas/antoniodetoro/qwen/Qwen-Image-Edit-Angles-2/datos/MultiViewVisibleImagesHPE_Custom/00_17/to_00_16/Step_6_fake_00_16_from_00_17_1680262456389_rgb.png,OK,3.7628297299006612,75.75757575757575,0.9986558012797855,aceptable,14
1680262456690,/nas/antoniodetoro/qwen/Qwen-Image-Edit-Angles-2/datos/MultiViewVisibleImagesHPE_Custom/test/00_16/00_16_1680262456690_rgb.png,/nas/antoniodetoro/qwen/Qwen-Image-Edit-Angles-2/datos/MultiViewVisibleImagesHPE_Custom/00_17/to_00_16/Step_6_fake_00_16_from_00_17_1680262456690_rgb.png,OK,3.7685750471282984,69.6969696969697,0.998673217192263,crítico,14
1680262456991,/nas/antoniodetoro/qwen/Qwen-Image-Edit-Angles-2/datos/MultiViewVisibleImagesHPE_Custom/test/00_16/00_16_1680262456991_rgb.png,/nas/antoniodetoro/qwen/Qwen-Image-Edit-Angles-2/datos/MultiViewVisibleImagesHPE_Custom/00_17/to_00_16/Step_6_fake_00_16_from_00_17_1680262456991_rgb.png,OK,3.880806826747732,81.81818181818183,0.9989246973036434,aceptable,14
1680262457292,/nas/antoniodetoro/qwen/Qwen-Image-Edit-Angles-2/datos/MultiViewVisibleImagesHPE_Custom/test/00_16/00_16_1680262457292_rgb.png,/nas/antoniodetoro/qwen/Qwen-Image-Edit-Angles-2/datos/MultiViewVisibleImagesHPE_Custom/00_17/to_00_16/Step_6_fake_00_16_from_00_17_1680262457292_rgb.png,OK,3.20567900169865,93.93939393939394,0.9988886212114698,excelente,14
1680262457593,/nas/antoniodetoro/qwen/Qwen-Image-Edit-Angles-2/datos/MultiViewVisibleImagesHPE_Custom/test/00_16/00_16_1680262457593_rgb.png,/nas/antoniodetoro/qwen/Qwen-Image-Edit-Angles-2/datos/MultiViewVisibleImagesHPE_Custom/00_17/to_00_16/Step_6_fake_00_16_from_00_17_1680262457593_rgb.png,OK,3.7474096057345396,72.72727272727273,0.9986659593211973,aceptable,14
1680262458195,/nas/antoniodetoro/qwen/Qwen-Image-Edit-Angles-2/datos/MultiViewVisibleImagesHPE_Custom/test/00_16/00_16_1680262458195_rgb.png,/nas/antoniodetoro/qwen/Qwen-Image-Edit-Angles-2/datos/MultiViewVisibleImagesHPE_Custom/00_17/to_00_16/Step_6_fake_00_16_from_00_17_1680262458195_rgb.png,OK,3.8532202355902365,87.87878787878788,0.9989715784468184,aceptable,20
1680262458496,/nas/antoniodetoro/qwen/Qwen-Image-Edit-Angles-2/datos/MultiViewVisibleImagesHPE_Custom/test/00_16/00_16_1680262458496_rgb.png,/nas/antoniodetoro/qwen/Qwen-Image-Edit-Angles-2/datos/MultiViewVisibleImagesHPE_Custom/00_17/to_00_16/Step_6_fake_00_16_from_00_17_1680262458496_rgb.png,OK,3.9942996394880694,72.72727272727273,0.9990436053027666,aceptable,20
1680262458797,/nas/antoniodetoro/qwen/Qwen-Image-Edit-Angles-2/datos/MultiViewVisibleImagesHPE_Custom/test/00_16/00_16_1680262458797_rgb.png,/nas/antoniodetoro/qwen/Qwen-Image-Edit-Angles-2/datos/MultiViewVisibleImagesHPE_Custom/00_17/to_00_16/Step_6_fake_00_16_from_00_17_1680262458797_rgb.png,OK,4.221715501100574,66.66666666666666,0.9985687451000151,crítico,14
1680262459098,/nas/antoniodetoro/qwen/Qwen-Image-Edit-Angles-2/datos/MultiViewVisibleImagesHPE_Custom/test/00_16/00_16_1680262459098_rgb.png,/nas/antoniodetoro/qwen/Qwen-Image-Edit-Angles-2/datos/MultiViewVisibleImagesHPE_Custom/00_17/to_00_16/Step_6_fake_00_16_from_00_17_1680262459098_rgb.png,OK,3.916887398656683,78.78787878787878,0.9987019048711562,aceptable,14
1680262459399,/nas/antoniodetoro/qwen/Qwen-Image-Edit-Angles-2/datos/MultiViewVisibleImagesHPE_Custom/test/00_16/00_16_1680262459399_rgb.png,/nas/antoniodetoro/qwen/Qwen-Image-Edit-Angles-2/datos/MultiViewVisibleImagesHPE_Custom/00_17/to_00_16/Step_6_fake_00_16_from_00_17_1680262459399_rgb.png,OK,4.966042777602067,39.39393939393939,0.9980247119057891,crítico,20
1680262459700,/nas/antoniodetoro/qwen/Qwen-Image-Edit-Angles-2/datos/MultiViewVisibleImagesHPE_Custom/test/00_16/00_16_1680262459700_rgb.png,/nas/antoniodetoro/qwen/Qwen-Image-Edit-Angles-2/datos/MultiViewVisibleImagesHPE_Custom/00_17/to_00_16/Step_6_fake_00_16_from_00_17_1680262459700_rgb.png,OK,4.482487753611079,66.66666666666666,0.9984103462309638,crítico,20
1680262460001,/nas/antoniodetoro/qwen/Qwen-Image-Edit-Angles-2/datos/MultiViewVisibleImagesHPE_Custom/test/00_16/00_16_1680262460001_rgb.png,/nas/antoniodetoro/qwen/Qwen-Image-Edit-Angles-2/datos/MultiViewVisibleImagesHPE_Custom/00_17/to_00_16/Step_6_fake_00_16_from_00_17_1680262460001_rgb.png,OK,4.606824258212335,72.72727272727273,0.9977016114566823,aceptable,18
1680262460302,/nas/antoniodetoro/qwen/Qwen-Image-Edit-Angles-2/datos/MultiViewVisibleImagesHPE_Custom/test/00_16/00_16_1680262460302_rgb.png,/nas/antoniodetoro/qwen/Qwen-Image-Edit-Angles-2/datos/MultiViewVisibleImagesHPE_Custom/00_17/to_00_16/Step_6_fake_00_16_from_00_17_1680262460302_rgb.png,OK,5.485960252015618,45.45454545454545,0.9971085734505221,crítico,20
1680262460603,/nas/antoniodetoro/qwen/Qwen-Image-Edit-Angles-2/datos/MultiViewVisibleImagesHPE_Custom/test/00_16/00_16_1680262460603_rgb.png,/nas/antoniodetoro/qwen/Qwen-Image-Edit-Angles-2/datos/MultiViewVisibleImagesHPE_Custom/00_17/to_00_16/Step_6_fake_00_16_from_00_17_1680262460603_rgb.png,OK,5.194245830250613,75.75757575757575,0.9969127789324045,aceptable,20
1680262460904,/nas/antoniodetoro/qwen/Qwen-Image-Edit-Angles-2/datos/MultiViewVisibleImagesHPE_Custom/test/00_16/00_16_1680262460904_rgb.png,/nas/antoniodetoro/qwen/Qwen-Image-Edit-Angles-2/datos/MultiViewVisibleImagesHPE_Custom/00_17/to_00_16/Step_6_fake_00_16_from_00_17_1680262460904_rgb.png,OK,4.890720159292951,60.60606060606061,0.9974754646881024,crítico,20
1680262461205,/nas/antoniodetoro/qwen/Qwen-Image-Edit-Angles-2/datos/MultiViewVisibleImagesHPE_Custom/test/00_16/00_16_1680262461205_rgb.png,/nas/antoniodetoro/qwen/Qwen-Image-Edit-Angles-2/datos/MultiViewVisibleImagesHPE_Custom/00_17/to_00_16/Step_6_fake_00_16_from_00_17_1680262461205_rgb.png,OK,4.670340648772682,72.72727272727273,0.9974807819132675,aceptable,20
1680262461506,/nas/antoniodetoro/qwen/Qwen-Image-Edit-Angles-2/datos/MultiViewVisibleImagesHPE_Custom/test/00_16/00_16_1680262461506_rgb.png,/nas/antoniodetoro/qwen/Qwen-Image-Edit-Angles-2/datos/MultiViewVisibleImagesHPE_Custom/00_17/to_00_16/Step_6_fake_00_16_from_00_17_1680262461506_rgb.png,OK,4.385111169548966,63.63636363636363,0.9976796861555873,crítico,20
1680262461807,/nas/antoniodetoro/qwen/Qwen-Image-Edit-Angles-2/datos/MultiViewVisibleImagesHPE_Custom/test/00_16/00_16_1680262461807_rgb.png,/nas/antoniodetoro/qwen/Qwen-Image-Edit-Angles-2/datos/MultiViewVisibleImagesHPE_Custom/00_17/to_00_16/Step_6_fake_00_16_from_00_17_1680262461807_rgb.png,OK,4.554038912369884,45.45454545454545,0.9975562280976257,crítico,22
1680262462108,/nas/antoniodetoro/qwen/Qwen-Image-Edit-Angles-2/datos/MultiViewVisibleImagesHPE_Custom/test/00_16/00_16_1680262462108_rgb.png,/nas/antoniodetoro/qwen/Qwen-Image-Edit-Angles-2/datos/MultiViewVisibleImagesHPE_Custom/00_17/to_00_16/Step_6_fake_00_16_from_00_17_1680262462108_rgb.png,OK,5.9556528110222695,39.39393939393939,0.9956735500929874,crítico,32
1680262462409,/nas/antoniodetoro/qwen/Qwen-Image-Edit-Angles-2/datos/MultiViewVisibleImagesHPE_Custom/test/00_16/00_16_1680262462409_rgb.png,/nas/antoniodetoro/qwen/Qwen-Image-Edit-Angles-2/datos/MultiViewVisibleImagesHPE_Custom/00_17/to_00_16/Step_6_fake_00_16_from_00_17_1680262462409_rgb.png,OK,5.711391566625079,39.39393939393939,0.9960385452008657,crítico,29
1680262462710,/nas/antoniodetoro/qwen/Qwen-Image-Edit-Angles-2/datos/MultiViewVisibleImagesHPE_Custom/test/00_16/00_16_1680262462710_rgb.png,/nas/antoniodetoro/qwen/Qwen-Image-Edit-Angles-2/datos/MultiViewVisibleImagesHPE_Custom/00_17/to_00_16/Step_6_fake_00_16_from_00_17_1680262462710_rgb.png,OK,6.5286856550330254,60.60606060606061,0.9877180219445696,crítico,32
1680262463011,/nas/antoniodetoro/qwen/Qwen-Image-Edit-Angles-2/datos/MultiViewVisibleImagesHPE_Custom/test/00_16/00_16_1680262463011_rgb.png,/nas/antoniodetoro/qwen/Qwen-Image-Edit-Angles-2/datos/MultiViewVisibleImagesHPE_Custom/00_17/to_00_16/Step_6_fake_00_16_from_00_17_1680262463011_rgb.png,OK,6.001596311454815,63.63636363636363,0.993439237364891,crítico,30
1680262463312,/nas/antoniodetoro/qwen/Qwen-Image-Edit-Angles-2/datos/MultiViewVisibleImagesHPE_Custom/test/00_16/00_16_1680262463312_rgb.png,/nas/antoniodetoro/qwen/Qwen-Image-Edit-Angles-2/datos/MultiViewVisibleImagesHPE_Custom/00_17/to_00_16/Step_6_fake_00_16_from_00_17_1680262463312_rgb.png,OK,5.542573427328861,54.54545454545454,0.9942550764736567,crítico,31
1680262463613,/nas/antoniodetoro/qwen/Qwen-Image-Edit-Angles-2/datos/MultiViewVisibleImagesHPE_Custom/test/00_16/00_16_1680262463613_rgb.png,/nas/antoniodetoro/qwen/Qwen-Image-Edit-Angles-2/datos/MultiViewVisibleImagesHPE_Custom/00_17/to_00_16/Step_6_fake_00_16_from_00_17_1680262463613_rgb.png,OK,7.306519724737974,39.39393939393939,0.9934528714378147,crítico,28
1680262463914,/nas/antoniodetoro/qwen/Qwen-Image-Edit-Angles-2/datos/MultiViewVisibleImagesHPE_Custom/test/00_16/00_16_1680262463914_rgb.png,/nas/antoniodetoro/qwen/Qwen-Image-Edit-Angles-2/datos/MultiViewVisibleImagesHPE_Custom/00_17/to_00_16/Step_6_fake_00_16_from_00_17_1680262463914_rgb.png,OK,8.85317655142532,24.242424242424242,0.9905599701884882,crítico,18
1680262464215,/nas/antoniodetoro/qwen/Qwen-Image-Edit-Angles-2/datos/MultiViewVisibleImagesHPE_Custom/test/00_16/00_16_1680262464215_rgb.png,/nas/antoniodetoro/qwen/Qwen-Image-Edit-Angles-2/datos/MultiViewVisibleImagesHPE_Custom/00_17/to_00_16/Step_6_fake_00_16_from_00_17_1680262464215_rgb.png,OK,5.183301530823454,51.515151515151516,0.9979054607248068,crítico,6
1680262464516,/nas/antoniodetoro/qwen/Qwen-Image-Edit-Angles-2/datos/MultiViewVisibleImagesHPE_Custom/test/00_16/00_16_1680262464516_rgb.png,/nas/antoniodetoro/qwen/Qwen-Image-Edit-Angles-2/datos/MultiViewVisibleImagesHPE_Custom/00_17/to_00_16/Step_6_fake_00_16_from_00_17_1680262464516_rgb.png,OK,4.579346962139786,51.515151515151516,0.9979401712530455,crítico,18
1680262464817,/nas/antoniodetoro/qwen/Qwen-Image-Edit-Angles-2/datos/MultiViewVisibleImagesHPE_Custom/test/00_16/00_16_1680262464817_rgb.png,/nas/antoniodetoro/qwen/Qwen-Image-Edit-Angles-2/datos/MultiViewVisibleImagesHPE_Custom/00_17/to_00_16/Step_6_fake_00_16_from_00_17_1680262464817_rgb.png,OK,4.049387914742672,60.60606060606061,0.9984893299032637,crítico,10
1680262465118,/nas/antoniodetoro/qwen/Qwen-Image-Edit-Angles-2/datos/MultiViewVisibleImagesHPE_Custom/test/00_16/00_16_1680262465118_rgb.png,/nas/antoniodetoro/qwen/Qwen-Image-Edit-Angles-2/datos/MultiViewVisibleImagesHPE_Custom/00_17/to_00_16/Step_6_fake_00_16_from_00_17_1680262465118_rgb.png,OK,3.525868193204089,66.66666666666666,0.9986904984068173,crítico,12
1680262465419,/nas/antoniodetoro/qwen/Qwen-Image-Edit-Angles-2/datos/MultiViewVisibleImagesHPE_Custom/test/00_16/00_16_1680262465419_rgb.png,/nas/antoniodetoro/qwen/Qwen-Image-Edit-Angles-2/datos/MultiViewVisibleImagesHPE_Custom/00_17/to_00_16/Step_6_fake_00_16_from_00_17_1680262465419_rgb.png,OK,3.8369753253736527,60.60606060606061,0.9982817931817359,crítico,12
1680262465720,/nas/antoniodetoro/qwen/Qwen-Image-Edit-Angles-2/datos/MultiViewVisibleImagesHPE_Custom/test/00_16/00_16_1680262465720_rgb.png,/nas/antoniodetoro/qwen/Qwen-Image-Edit-Angles-2/datos/MultiViewVisibleImagesHPE_Custom/00_17/to_00_16/Step_6_fake_00_16_from_00_17_1680262465720_rgb.png,OK,5.555419430051038,27.27272727272727,0.9979096172388024,crítico,22
1680262466021,/nas/antoniodetoro/qwen/Qwen-Image-Edit-Angles-2/datos/MultiViewVisibleImagesHPE_Custom/test/00_16/00_16_1680262466021_rgb.png,/nas/antoniodetoro/qwen/Qwen-Image-Edit-Angles-2/datos/MultiViewVisibleImagesHPE_Custom/00_17/to_00_16/Step_6_fake_00_16_from_00_17_1680262466021_rgb.png,OK,7.4536827779612524,15.151515151515152,0.9931826906146369,crítico,30
1680262466322,/nas/antoniodetoro/qwen/Qwen-Image-Edit-Angles-2/datos/MultiViewVisibleImagesHPE_Custom/test/00_16/00_16_1680262466322_rgb.png,/nas/antoniodetoro/qwen/Qwen-Image-Edit-Angles-2/datos/MultiViewVisibleImagesHPE_Custom/00_17/to_00_16/Step_6_fake_00_16_from_00_17_1680262466322_rgb.png,OK,7.877636484520108,42.42424242424242,0.991385897579312,crítico,17
1680262466623,/nas/antoniodetoro/qwen/Qwen-Image-Edit-Angles-2/datos/MultiViewVisibleImagesHPE_Custom/test/00_16/00_16_1680262466623_rgb.png,/nas/antoniodetoro/qwen/Qwen-Image-Edit-Angles-2/datos/MultiViewVisibleImagesHPE_Custom/00_17/to_00_16/Step_6_fake_00_16_from_00_17_1680262466623_rgb.png,OK,9.918020603497286,33.33333333333333,0.9862768665815966,crítico,29
1680262466924,/nas/antoniodetoro/qwen/Qwen-Image-Edit-Angles-2/datos/MultiViewVisibleImagesHPE_Custom/test/00_16/00_16_1680262466924_rgb.png,/nas/antoniodetoro/qwen/Qwen-Image-Edit-Angles-2/datos/MultiViewVisibleImagesHPE_Custom/00_17/to_00_16/Step_6_fake_00_16_from_00_17_1680262466924_rgb.png,OK,10.32735786333745,36.36363636363637,0.9850937763896495,crítico,18
1680262467225,/nas/antoniodetoro/qwen/Qwen-Image-Edit-Angles-2/datos/MultiViewVisibleImagesHPE_Custom/test/00_16/00_16_1680262467225_rgb.png,/nas/antoniodetoro/qwen/Qwen-Image-Edit-Angles-2/datos/MultiViewVisibleImagesHPE_Custom/00_17/to_00_16/Step_6_fake_00_16_from_00_17_1680262467225_rgb.png,OK,8.25593759632364,51.515151515151516,0.9901017161020355,crítico,20
1680262467526,/nas/antoniodetoro/qwen/Qwen-Image-Edit-Angles-2/datos/MultiViewVisibleImagesHPE_Custom/test/00_16/00_16_1680262467526_rgb.png,/nas/antoniodetoro/qwen/Qwen-Image-Edit-Angles-2/datos/MultiViewVisibleImagesHPE_Custom/00_17/to_00_16/Step_6_fake_00_16_from_00_17_1680262467526_rgb.png,OK,8.201810423377363,36.36363636363637,0.9905558668038804,crítico,19
1680262467827,/nas/antoniodetoro/qwen/Qwen-Image-Edit-Angles-2/datos/MultiViewVisibleImagesHPE_Custom/test/00_16/00_16_1680262467827_rgb.png,/nas/antoniodetoro/qwen/Qwen-Image-Edit-Angles-2/datos/MultiViewVisibleImagesHPE_Custom/00_17/to_00_16/Step_6_fake_00_16_from_00_17_1680262467827_rgb.png,OK,5.7318349767170735,42.42424242424242,0.9964736750515982,crítico,30
1680262468128,/nas/antoniodetoro/qwen/Qwen-Image-Edit-Angles-2/datos/MultiViewVisibleImagesHPE_Custom/test/00_16/00_16_1680262468128_rgb.png,/nas/antoniodetoro/qwen/Qwen-Image-Edit-Angles-2/datos/MultiViewVisibleImagesHPE_Custom/00_17/to_00_16/Step_6_fake_00_16_from_00_17_1680262468128_rgb.png,OK,5.2405962451538475,45.45454545454545,0.9978809821264878,crítico,18
1680262468429,/nas/antoniodetoro/qwen/Qwen-Image-Edit-Angles-2/datos/MultiViewVisibleImagesHPE_Custom/test/00_16/00_16_1680262468429_rgb.png,/nas/antoniodetoro/qwen/Qwen-Image-Edit-Angles-2/datos/MultiViewVisibleImagesHPE_Custom/00_17/to_00_16/Step_6_fake_00_16_from_00_17_1680262468429_rgb.png,OK,4.45697660261598,57.57575757575758,0.9985312037651383,crítico,14
1680262468731,/nas/antoniodetoro/qwen/Qwen-Image-Edit-Angles-2/datos/MultiViewVisibleImagesHPE_Custom/test/00_16/00_16_1680262468731_rgb.png,/nas/antoniodetoro/qwen/Qwen-Image-Edit-Angles-2/datos/MultiViewVisibleImagesHPE_Custom/00_17/to_00_16/Step_6_fake_00_16_from_00_17_1680262468731_rgb.png,OK,3.950607812325059,63.63636363636363,0.998583062176365,crítico,14
1680262469031,/nas/antoniodetoro/qwen/Qwen-Image-Edit-Angles-2/datos/MultiViewVisibleImagesHPE_Custom/test/00_16/00_16_1680262469031_rgb.png,/nas/antoniodetoro/qwen/Qwen-Image-Edit-Angles-2/datos/MultiViewVisibleImagesHPE_Custom/00_17/to_00_16/Step_6_fake_00_16_from_00_17_1680262469031_rgb.png,OK,3.9424172992769253,69.6969696969697,0.9990897857012425,crítico,14
1680262469332,/nas/antoniodetoro/qwen/Qwen-Image-Edit-Angles-2/datos/MultiViewVisibleImagesHPE_Custom/test/00_16/00_16_1680262469332_rgb.png,/nas/antoniodetoro/qwen/Qwen-Image-Edit-Angles-2/datos/MultiViewVisibleImagesHPE_Custom/00_17/to_00_16/Step_6_fake_00_16_from_00_17_1680262469332_rgb.png,OK,3.4967132264856304,93.93939393939394,0.9992206645974236,excelente,12
1680262469633,/nas/antoniodetoro/qwen/Qwen-Image-Edit-Angles-2/datos/MultiViewVisibleImagesHPE_Custom/test/00_16/00_16_1680262469633_rgb.png,/nas/antoniodetoro/qwen/Qwen-Image-Edit-Angles-2/datos/MultiViewVisibleImagesHPE_Custom/00_17/to_00_16/Step_6_fake_00_16_from_00_17_1680262469633_rgb.png,OK,3.452601176704144,66.66666666666666,0.9986512995866319,crítico,12
1680262469934,/nas/antoniodetoro/qwen/Qwen-Image-Edit-Angles-2/datos/MultiViewVisibleImagesHPE_Custom/test/00_16/00_16_1680262469934_rgb.png,/nas/antoniodetoro/qwen/Qwen-Image-Edit-Angles-2/datos/MultiViewVisibleImagesHPE_Custom/00_17/to_00_16/Step_6_fake_00_16_from_00_17_1680262469934_rgb.png,OK,3.649275207127661,66.66666666666666,0.9990222155148402,crítico,10
1680262470235,/nas/antoniodetoro/qwen/Qwen-Image-Edit-Angles-2/datos/MultiViewVisibleImagesHPE_Custom/test/00_16/00_16_1680262470235_rgb.png,/nas/antoniodetoro/qwen/Qwen-Image-Edit-Angles-2/datos/MultiViewVisibleImagesHPE_Custom/00_17/to_00_16/Step_6_fake_00_16_from_00_17_1680262470235_rgb.png,OK,4.797222833135354,54.54545454545454,0.997992823297539,crítico,18
1680262470837,/nas/antoniodetoro/qwen/Qwen-Image-Edit-Angles-2/datos/MultiViewVisibleImagesHPE_Custom/test/00_16/00_16_1680262470837_rgb.png,/nas/antoniodetoro/qwen/Qwen-Image-Edit-Angles-2/datos/MultiViewVisibleImagesHPE_Custom/00_17/to_00_16/Step_6_fake_00_16_from_00_17_1680262470837_rgb.png,OK,3.8477743395385735,63.63636363636363,0.9985862410633016,crítico,12
1680262471138,/nas/antoniodetoro/qwen/Qwen-Image-Edit-Angles-2/datos/MultiViewVisibleImagesHPE_Custom/test/00_16/00_16_1680262471138_rgb.png,/nas/antoniodetoro/qwen/Qwen-Image-Edit-Angles-2/datos/MultiViewVisibleImagesHPE_Custom/00_17/to_00_16/Step_6_fake_00_16_from_00_17_1680262471138_rgb.png,OK,3.393230541985928,72.72727272727273,0.999022947276853,aceptable,0
1680262471439,/nas/antoniodetoro/qwen/Qwen-Image-Edit-Angles-2/datos/MultiViewVisibleImagesHPE_Custom/test/00_16/00_16_1680262471439_rgb.png,/nas/antoniodetoro/qwen/Qwen-Image-Edit-Angles-2/datos/MultiViewVisibleImagesHPE_Custom/00_17/to_00_16/Step_6_fake_00_16_from_00_17_1680262471439_rgb.png,OK,3.1080546241928864,69.6969696969697,0.9989279114783141,crítico,10
1680262471739,/nas/antoniodetoro/qwen/Qwen-Image-Edit-Angles-2/datos/MultiViewVisibleImagesHPE_Custom/test/00_16/00_16_1680262471739_rgb.png,/nas/antoniodetoro/qwen/Qwen-Image-Edit-Angles-2/datos/MultiViewVisibleImagesHPE_Custom/00_17/to_00_16/Step_6_fake_00_16_from_00_17_1680262471739_rgb.png,OK,4.167018537346211,57.57575757575758,0.9987934318996112,crítico,20
1680262472041,/nas/antoniodetoro/qwen/Qwen-Image-Edit-Angles-2/datos/MultiViewVisibleImagesHPE_Custom/test/00_16/00_16_1680262472041_rgb.png,/nas/antoniodetoro/qwen/Qwen-Image-Edit-Angles-2/datos/MultiViewVisibleImagesHPE_Custom/00_17/to_00_16/Step_6_fake_00_16_from_00_17_1680262472041_rgb.png,OK,3.5087014371416108,69.6969696969697,0.9989108585101107,crítico,14
1680262472342,/nas/antoniodetoro/qwen/Qwen-Image-Edit-Angles-2/datos/MultiViewVisibleImagesHPE_Custom/test/00_16/00_16_1680262472342_rgb.png,/nas/antoniodetoro/qwen/Qwen-Image-Edit-Angles-2/datos/MultiViewVisibleImagesHPE_Custom/00_17/to_00_16/Step_6_fake_00_16_from_00_17_1680262472342_rgb.png,OK,3.5289464380049758,75.75757575757575,0.9986183271575726,aceptable,14
1680262472643,/nas/antoniodetoro/qwen/Qwen-Image-Edit-Angles-2/datos/MultiViewVisibleImagesHPE_Custom/test/00_16/00_16_1680262472643_rgb.png,/nas/antoniodetoro/qwen/Qwen-Image-Edit-Angles-2/datos/MultiViewVisibleImagesHPE_Custom/00_17/to_00_16/Step_6_fake_00_16_from_00_17_1680262472643_rgb.png,OK,4.653590548096958,51.515151515151516,0.9985507062353418,crítico,14
1680262472944,/nas/antoniodetoro/qwen/Qwen-Image-Edit-Angles-2/datos/MultiViewVisibleImagesHPE_Custom/test/00_16/00_16_1680262472944_rgb.png,/nas/antoniodetoro/qwen/Qwen-Image-Edit-Angles-2/datos/MultiViewVisibleImagesHPE_Custom/00_17/to_00_16/Step_6_fake_00_16_from_00_17_1680262472944_rgb.png,OK,3.710741116447936,63.63636363636363,0.9987676225096356,crítico,10
1680262476255,/nas/antoniodetoro/qwen/Qwen-Image-Edit-Angles-2/datos/MultiViewVisibleImagesHPE_Custom/test/00_16/00_16_1680262476255_rgb.png,/nas/antoniodetoro/qwen/Qwen-Image-Edit-Angles-2/datos/MultiViewVisibleImagesHPE_Custom/00_17/to_00_16/Step_6_fake_00_16_from_00_17_1680262476255_rgb.png,OK,4.881005680441272,54.54545454545454,0.9975008591156075,crítico,20
1680262476555,/nas/antoniodetoro/qwen/Qwen-Image-Edit-Angles-2/datos/MultiViewVisibleImagesHPE_Custom/test/00_16/00_16_1680262476555_rgb.png,/nas/antoniodetoro/qwen/Qwen-Image-Edit-Angles-2/datos/MultiViewVisibleImagesHPE_Custom/00_17/to_00_16/Step_6_fake_00_16_from_00_17_1680262476555_rgb.png,OK,3.891565262717499,63.63636363636363,0.9984156132042041,crítico,0
1680262476856,/nas/antoniodetoro/qwen/Qwen-Image-Edit-Angles-2/datos/MultiViewVisibleImagesHPE_Custom/test/00_16/00_16_1680262476856_rgb.png,/nas/antoniodetoro/qwen/Qwen-Image-Edit-Angles-2/datos/MultiViewVisibleImagesHPE_Custom/00_17/to_00_16/Step_6_fake_00_16_from_00_17_1680262476856_rgb.png,OK,4.126988965824947,63.63636363636363,0.9982727161486579,crítico,10
1680262477157,/nas/antoniodetoro/qwen/Qwen-Image-Edit-Angles-2/datos/MultiViewVisibleImagesHPE_Custom/test/00_16/00_16_1680262477157_rgb.png,/nas/antoniodetoro/qwen/Qwen-Image-Edit-Angles-2/datos/MultiViewVisibleImagesHPE_Custom/00_17/to_00_16/Step_6_fake_00_16_from_00_17_1680262477157_rgb.png,OK,3.6115923123328733,72.72727272727273,0.9986072343059438,aceptable,0
1680262477458,/nas/antoniodetoro/qwen/Qwen-Image-Edit-Angles-2/datos/MultiViewVisibleImagesHPE_Custom/test/00_16/00_16_1680262477458_rgb.png,/nas/antoniodetoro/qwen/Qwen-Image-Edit-Angles-2/datos/MultiViewVisibleImagesHPE_Custom/00_17/to_00_16/Step_6_fake_00_16_from_00_17_1680262477458_rgb.png,OK,3.8956597681054252,69.6969696969697,0.9984233411739576,crítico,12
1680262477760,/nas/antoniodetoro/qwen/Qwen-Image-Edit-Angles-2/datos/MultiViewVisibleImagesHPE_Custom/test/00_16/00_16_1680262477760_rgb.png,/nas/antoniodetoro/qwen/Qwen-Image-Edit-Angles-2/datos/MultiViewVisibleImagesHPE_Custom/00_17/to_00_16/Step_6_fake_00_16_from_00_17_1680262477760_rgb.png,OK,3.202801582148563,100.0,0.9989455745838565,excelente,12
1680262478061,/nas/antoniodetoro/qwen/Qwen-Image-Edit-Angles-2/datos/MultiViewVisibleImagesHPE_Custom/test/00_16/00_16_1680262478061_rgb.png,/nas/antoniodetoro/qwen/Qwen-Image-Edit-Angles-2/datos/MultiViewVisibleImagesHPE_Custom/00_17/to_00_16/Step_6_fake_00_16_from_00_17_1680262478061_rgb.png,OK,3.724670118403982,78.78787878787878,0.9985657565883564,aceptable,14
1680262478362,/nas/antoniodetoro/qwen/Qwen-Image-Edit-Angles-2/datos/MultiViewVisibleImagesHPE_Custom/test/00_16/00_16_1680262478362_rgb.png,/nas/antoniodetoro/qwen/Qwen-Image-Edit-Angles-2/datos/MultiViewVisibleImagesHPE_Custom/00_17/to_00_16/Step_6_fake_00_16_from_00_17_1680262478362_rgb.png,OK,3.3129495536485423,93.93939393939394,0.9988432617083133,excelente,14
1680262478663,/nas/antoniodetoro/qwen/Qwen-Image-Edit-Angles-2/datos/MultiViewVisibleImagesHPE_Custom/test/00_16/00_16_1680262478663_rgb.png,/nas/antoniodetoro/qwen/Qwen-Image-Edit-Angles-2/datos/MultiViewVisibleImagesHPE_Custom/00_17/to_00_16/Step_6_fake_00_16_from_00_17_1680262478663_rgb.png,OK,4.2161057756241425,51.515151515151516,0.998371110515011,crítico,10
1680262478964,/nas/antoniodetoro/qwen/Qwen-Image-Edit-Angles-2/datos/MultiViewVisibleImagesHPE_Custom/test/00_16/00_16_1680262478964_rgb.png,/nas/antoniodetoro/qwen/Qwen-Image-Edit-Angles-2/datos/MultiViewVisibleImagesHPE_Custom/00_17/to_00_16/Step_6_fake_00_16_from_00_17_1680262478964_rgb.png,OK,3.4898330047025286,84.84848484848484,0.99833114444212,aceptable,18
1680262479265,/nas/antoniodetoro/qwen/Qwen-Image-Edit-Angles-2/datos/MultiViewVisibleImagesHPE_Custom/test/00_16/00_16_1680262479265_rgb.png,/nas/antoniodetoro/qwen/Qwen-Image-Edit-Angles-2/datos/MultiViewVisibleImagesHPE_Custom/00_17/to_00_16/Step_6_fake_00_16_from_00_17_1680262479265_rgb.png,OK,6.416396761313737,63.63636363636363,0.9917609018431375,crítico,20
1680262479566,/nas/antoniodetoro/qwen/Qwen-Image-Edit-Angles-2/datos/MultiViewVisibleImagesHPE_Custom/test/00_16/00_16_1680262479566_rgb.png,/nas/antoniodetoro/qwen/Qwen-Image-Edit-Angles-2/datos/MultiViewVisibleImagesHPE_Custom/00_17/to_00_16/Step_6_fake_00_16_from_00_17_1680262479566_rgb.png,OK,4.479963108219768,57.57575757575758,0.9975983377065054,crítico,18
1680262483179,/nas/antoniodetoro/qwen/Qwen-Image-Edit-Angles-2/datos/MultiViewVisibleImagesHPE_Custom/test/00_16/00_16_1680262483179_rgb.png,/nas/antoniodetoro/qwen/Qwen-Image-Edit-Angles-2/datos/MultiViewVisibleImagesHPE_Custom/00_17/to_00_16/Step_6_fake_00_16_from_00_17_1680262483179_rgb.png,OK,5.403152526274469,48.484848484848484,0.9972713866885843,crítico,18
1680262483480,/nas/antoniodetoro/qwen/Qwen-Image-Edit-Angles-2/datos/MultiViewVisibleImagesHPE_Custom/test/00_16/00_16_1680262483480_rgb.png,/nas/antoniodetoro/qwen/Qwen-Image-Edit-Angles-2/datos/MultiViewVisibleImagesHPE_Custom/00_17/to_00_16/Step_6_fake_00_16_from_00_17_1680262483480_rgb.png,OK,5.163395918342427,84.84848484848484,0.9952001262323178,aceptable,20
1680262483781,/nas/antoniodetoro/qwen/Qwen-Image-Edit-Angles-2/datos/MultiViewVisibleImagesHPE_Custom/test/00_16/00_16_1680262483781_rgb.png,/nas/antoniodetoro/qwen/Qwen-Image-Edit-Angles-2/datos/MultiViewVisibleImagesHPE_Custom/00_17/to_00_16/Step_6_fake_00_16_from_00_17_1680262483781_rgb.png,OK,3.669770628672577,66.66666666666666,0.9985078632598038,crítico,10
1680262484082,/nas/antoniodetoro/qwen/Qwen-Image-Edit-Angles-2/datos/MultiViewVisibleImagesHPE_Custom/test/00_16/00_16_1680262484082_rgb.png,/nas/antoniodetoro/qwen/Qwen-Image-Edit-Angles-2/datos/MultiViewVisibleImagesHPE_Custom/00_17/to_00_16/Step_6_fake_00_16_from_00_17_1680262484082_rgb.png,OK,4.36456018870249,51.515151515151516,0.9982112614900319,crítico,20
1680262484384,/nas/antoniodetoro/qwen/Qwen-Image-Edit-Angles-2/datos/MultiViewVisibleImagesHPE_Custom/test/00_16/00_16_1680262484384_rgb.png,/nas/antoniodetoro/qwen/Qwen-Image-Edit-Angles-2/datos/MultiViewVisibleImagesHPE_Custom/00_17/to_00_16/Step_6_fake_00_16_from_00_17_1680262484384_rgb.png,OK,4.301608064265307,60.60606060606061,0.9980919985796133,crítico,5
1680262484685,/nas/antoniodetoro/qwen/Qwen-Image-Edit-Angles-2/datos/MultiViewVisibleImagesHPE_Custom/test/00_16/00_16_1680262484685_rgb.png,/nas/antoniodetoro/qwen/Qwen-Image-Edit-Angles-2/datos/MultiViewVisibleImagesHPE_Custom/00_17/to_00_16/Step_6_fake_00_16_from_00_17_1680262484685_rgb.png,OK,4.4236247649091585,60.60606060606061,0.9981483932154753,crítico,5
1680262484986,/nas/antoniodetoro/qwen/Qwen-Image-Edit-Angles-2/datos/MultiViewVisibleImagesHPE_Custom/test/00_16/00_16_1680262484986_rgb.png,/nas/antoniodetoro/qwen/Qwen-Image-Edit-Angles-2/datos/MultiViewVisibleImagesHPE_Custom/00_17/to_00_16/Step_6_fake_00_16_from_00_17_1680262484986_rgb.png,OK,3.705167521628142,66.66666666666666,0.998501838077129,crítico,14
1680262485287,/nas/antoniodetoro/qwen/Qwen-Image-Edit-Angles-2/datos/MultiViewVisibleImagesHPE_Custom/test/00_16/00_16_1680262485287_rgb.png,/nas/antoniodetoro/qwen/Qwen-Image-Edit-Angles-2/datos/MultiViewVisibleImagesHPE_Custom/00_17/to_00_16/Step_6_fake_00_16_from_00_17_1680262485287_rgb.png,OK,4.236507449829214,57.57575757575758,0.9981316754445969,crítico,23
1680262485588,/nas/antoniodetoro/qwen/Qwen-Image-Edit-Angles-2/datos/MultiViewVisibleImagesHPE_Custom/test/00_16/00_16_1680262485588_rgb.png,/nas/antoniodetoro/qwen/Qwen-Image-Edit-Angles-2/datos/MultiViewVisibleImagesHPE_Custom/00_17/to_00_16/Step_6_fake_00_16_from_00_17_1680262485588_rgb.png,OK,4.5239976177337295,51.515151515151516,0.9975773829861508,crítico,14
1680262485890,/nas/antoniodetoro/qwen/Qwen-Image-Edit-Angles-2/datos/MultiViewVisibleImagesHPE_Custom/test/00_16/00_16_1680262485890_rgb.png,/nas/antoniodetoro/qwen/Qwen-Image-Edit-Angles-2/datos/MultiViewVisibleImagesHPE_Custom/00_17/to_00_16/Step_6_fake_00_16_from_00_17_1680262485890_rgb.png,OK,4.476362565319374,54.54545454545454,0.9980756263309678,crítico,14
1680262486191,/nas/antoniodetoro/qwen/Qwen-Image-Edit-Angles-2/datos/MultiViewVisibleImagesHPE_Custom/test/00_16/00_16_1680262486191_rgb.png,/nas/antoniodetoro/qwen/Qwen-Image-Edit-Angles-2/datos/MultiViewVisibleImagesHPE_Custom/00_17/to_00_16/Step_6_fake_00_16_from_00_17_1680262486191_rgb.png,OK,4.790862444809618,51.515151515151516,0.9979848159529141,crítico,12
1680262486492,/nas/antoniodetoro/qwen/Qwen-Image-Edit-Angles-2/datos/MultiViewVisibleImagesHPE_Custom/test/00_16/00_16_1680262486492_rgb.png,/nas/antoniodetoro/qwen/Qwen-Image-Edit-Angles-2/datos/MultiViewVisibleImagesHPE_Custom/00_17/to_00_16/Step_6_fake_00_16_from_00_17_1680262486492_rgb.png,OK,6.926816438975585,30.303030303030305,0.9950108371119648,crítico,12
1680262486793,/nas/antoniodetoro/qwen/Qwen-Image-Edit-Angles-2/datos/MultiViewVisibleImagesHPE_Custom/test/00_16/00_16_1680262486793_rgb.png,/nas/antoniodetoro/qwen/Qwen-Image-Edit-Angles-2/datos/MultiViewVisibleImagesHPE_Custom/00_17/to_00_16/Step_6_fake_00_16_from_00_17_1680262486793_rgb.png,OK,7.788247795784652,33.33333333333333,0.9937056537351786,crítico,12
1680262487094,/nas/antoniodetoro/qwen/Qwen-Image-Edit-Angles-2/datos/MultiViewVisibleImagesHPE_Custom/test/00_16/00_16_1680262487094_rgb.png,/nas/antoniodetoro/qwen/Qwen-Image-Edit-Angles-2/datos/MultiViewVisibleImagesHPE_Custom/00_17/to_00_16/Step_6_fake_00_16_from_00_17_1680262487094_rgb.png,OK,8.0665735842982,30.303030303030305,0.9926452450737193,crítico,6
1680262487395,/nas/antoniodetoro/qwen/Qwen-Image-Edit-Angles-2/datos/MultiViewVisibleImagesHPE_Custom/test/00_16/00_16_1680262487395_rgb.png,/nas/antoniodetoro/qwen/Qwen-Image-Edit-Angles-2/datos/MultiViewVisibleImagesHPE_Custom/00_17/to_00_16/Step_6_fake_00_16_from_00_17_1680262487395_rgb.png,OK,6.85440078274602,21.21212121212121,0.9955914600611072,crítico,29
1680262487696,/nas/antoniodetoro/qwen/Qwen-Image-Edit-Angles-2/datos/MultiViewVisibleImagesHPE_Custom/test/00_16/00_16_1680262487696_rgb.png,/nas/antoniodetoro/qwen/Qwen-Image-Edit-Angles-2/datos/MultiViewVisibleImagesHPE_Custom/00_17/to_00_16/Step_6_fake_00_16_from_00_17_1680262487696_rgb.png,OK,8.58070465889832,15.151515151515152,0.9927799731418397,crítico,6
1680262487997,/nas/antoniodetoro/qwen/Qwen-Image-Edit-Angles-2/datos/MultiViewVisibleImagesHPE_Custom/test/00_16/00_16_1680262487997_rgb.png,/nas/antoniodetoro/qwen/Qwen-Image-Edit-Angles-2/datos/MultiViewVisibleImagesHPE_Custom/00_17/to_00_16/Step_6_fake_00_16_from_00_17_1680262487997_rgb.png,OK,7.198997714298606,24.242424242424242,0.995781110354175,crítico,12
1680262488298,/nas/antoniodetoro/qwen/Qwen-Image-Edit-Angles-2/datos/MultiViewVisibleImagesHPE_Custom/test/00_16/00_16_1680262488298_rgb.png,/nas/antoniodetoro/qwen/Qwen-Image-Edit-Angles-2/datos/MultiViewVisibleImagesHPE_Custom/00_17/to_00_16/Step_6_fake_00_16_from_00_17_1680262488298_rgb.png,OK,4.887981972620943,45.45454545454545,0.9978975060030743,crítico,15
1680262488599,/nas/antoniodetoro/qwen/Qwen-Image-Edit-Angles-2/datos/MultiViewVisibleImagesHPE_Custom/test/00_16/00_16_1680262488599_rgb.png,/nas/antoniodetoro/qwen/Qwen-Image-Edit-Angles-2/datos/MultiViewVisibleImagesHPE_Custom/00_17/to_00_16/Step_6_fake_00_16_from_00_17_1680262488599_rgb.png,OK,4.965570206648318,51.515151515151516,0.997744774168554,crítico,12
1680262488901,/nas/antoniodetoro/qwen/Qwen-Image-Edit-Angles-2/datos/MultiViewVisibleImagesHPE_Custom/test/00_16/00_16_1680262488901_rgb.png,/nas/antoniodetoro/qwen/Qwen-Image-Edit-Angles-2/datos/MultiViewVisibleImagesHPE_Custom/00_17/to_00_16/Step_6_fake_00_16_from_00_17_1680262488901_rgb.png,OK,3.3239427532626054,93.93939393939394,0.9987370349275194,excelente,31
1680262489202,/nas/antoniodetoro/qwen/Qwen-Image-Edit-Angles-2/datos/MultiViewVisibleImagesHPE_Custom/test/00_16/00_16_1680262489202_rgb.png,/nas/antoniodetoro/qwen/Qwen-Image-Edit-Angles-2/datos/MultiViewVisibleImagesHPE_Custom/00_17/to_00_16/Step_6_fake_00_16_from_00_17_1680262489202_rgb.png,OK,4.714437986864166,51.515151515151516,0.9980294292952763,crítico,12
1680262489503,/nas/antoniodetoro/qwen/Qwen-Image-Edit-Angles-2/datos/MultiViewVisibleImagesHPE_Custom/test/00_16/00_16_1680262489503_rgb.png,/nas/antoniodetoro/qwen/Qwen-Image-Edit-Angles-2/datos/MultiViewVisibleImagesHPE_Custom/00_17/to_00_16/Step_6_fake_00_16_from_00_17_1680262489503_rgb.png,OK,3.6692829895861125,72.72727272727273,0.9986868151743054,aceptable,14
1680262489804,/nas/antoniodetoro/qwen/Qwen-Image-Edit-Angles-2/datos/MultiViewVisibleImagesHPE_Custom/test/00_16/00_16_1680262489804_rgb.png,/nas/antoniodetoro/qwen/Qwen-Image-Edit-Angles-2/datos/MultiViewVisibleImagesHPE_Custom/00_17/to_00_16/Step_6_fake_00_16_from_00_17_1680262489804_rgb.png,OK,2.9740505094347465,100.0,0.9991626990144896,excelente,10
1680262490105,/nas/antoniodetoro/qwen/Qwen-Image-Edit-Angles-2/datos/MultiViewVisibleImagesHPE_Custom/test/00_16/00_16_1680262490105_rgb.png,/nas/antoniodetoro/qwen/Qwen-Image-Edit-Angles-2/datos/MultiViewVisibleImagesHPE_Custom/00_17/to_00_16/Step_6_fake_00_16_from_00_17_1680262490105_rgb.png,OK,3.730996543151001,66.66666666666666,0.9984976627315296,crítico,10
1680262490406,/nas/antoniodetoro/qwen/Qwen-Image-Edit-Angles-2/datos/MultiViewVisibleImagesHPE_Custom/test/00_16/00_16_1680262490406_rgb.png,/nas/antoniodetoro/qwen/Qwen-Image-Edit-Angles-2/datos/MultiViewVisibleImagesHPE_Custom/00_17/to_00_16/Step_6_fake_00_16_from_00_17_1680262490406_rgb.png,OK,4.751725828231617,57.57575757575758,0.9980378537884713,crítico,12
1680262490707,/nas/antoniodetoro/qwen/Qwen-Image-Edit-Angles-2/datos/MultiViewVisibleImagesHPE_Custom/test/00_16/00_16_1680262490707_rgb.png,/nas/antoniodetoro/qwen/Qwen-Image-Edit-Angles-2/datos/MultiViewVisibleImagesHPE_Custom/00_17/to_00_16/Step_6_fake_00_16_from_00_17_1680262490707_rgb.png,OK,4.263142886875181,57.57575757575758,0.998357143155228,crítico,12
1680262491008,/nas/antoniodetoro/qwen/Qwen-Image-Edit-Angles-2/datos/MultiViewVisibleImagesHPE_Custom/test/00_16/00_16_1680262491008_rgb.png,/nas/antoniodetoro/qwen/Qwen-Image-Edit-Angles-2/datos/MultiViewVisibleImagesHPE_Custom/00_17/to_00_16/Step_6_fake_00_16_from_00_17_1680262491008_rgb.png,OK,5.188415111128648,39.39393939393939,0.9974624490140153,crítico,14
1680262491309,/nas/antoniodetoro/qwen/Qwen-Image-Edit-Angles-2/datos/MultiViewVisibleImagesHPE_Custom/test/00_16/00_16_1680262491309_rgb.png,/nas/antoniodetoro/qwen/Qwen-Image-Edit-Angles-2/datos/MultiViewVisibleImagesHPE_Custom/00_17/to_00_16/Step_6_fake_00_16_from_00_17_1680262491309_rgb.png,OK,5.419038760767614,30.303030303030305,0.996493673197696,crítico,32
1680262491610,/nas/antoniodetoro/qwen/Qwen-Image-Edit-Angles-2/datos/MultiViewVisibleImagesHPE_Custom/test/00_16/00_16_1680262491610_rgb.png,/nas/antoniodetoro/qwen/Qwen-Image-Edit-Angles-2/datos/MultiViewVisibleImagesHPE_Custom/00_17/to_00_16/Step_6_fake_00_16_from_00_17_1680262491610_rgb.png,OK,8.506120715738456,21.21212121212121,0.9933086270360704,crítico,12
1680262491911,/nas/antoniodetoro/qwen/Qwen-Image-Edit-Angles-2/datos/MultiViewVisibleImagesHPE_Custom/test/00_16/00_16_1680262491911_rgb.png,/nas/antoniodetoro/qwen/Qwen-Image-Edit-Angles-2/datos/MultiViewVisibleImagesHPE_Custom/00_17/to_00_16/Step_6_fake_00_16_from_00_17_1680262491911_rgb.png,OK,7.150897696595137,30.303030303030305,0.9953986897274918,crítico,14
1680262492211,/nas/antoniodetoro/qwen/Qwen-Image-Edit-Angles-2/datos/MultiViewVisibleImagesHPE_Custom/test/00_16/00_16_1680262492211_rgb.png,/nas/antoniodetoro/qwen/Qwen-Image-Edit-Angles-2/datos/MultiViewVisibleImagesHPE_Custom/00_17/to_00_16/Step_6_fake_00_16_from_00_17_1680262492211_rgb.png,OK,6.230798167985796,27.27272727272727,0.995954574398697,crítico,27
1680262492512,/nas/antoniodetoro/qwen/Qwen-Image-Edit-Angles-2/datos/MultiViewVisibleImagesHPE_Custom/test/00_16/00_16_1680262492512_rgb.png,/nas/antoniodetoro/qwen/Qwen-Image-Edit-Angles-2/datos/MultiViewVisibleImagesHPE_Custom/00_17/to_00_16/Step_6_fake_00_16_from_00_17_1680262492512_rgb.png,OK,9.523663999610129,12.121212121212121,0.9925881465171711,crítico,29
1680262492813,/nas/antoniodetoro/qwen/Qwen-Image-Edit-Angles-2/datos/MultiViewVisibleImagesHPE_Custom/test/00_16/00_16_1680262492813_rgb.png,/nas/antoniodetoro/qwen/Qwen-Image-Edit-Angles-2/datos/MultiViewVisibleImagesHPE_Custom/00_17/to_00_16/Step_6_fake_00_16_from_00_17_1680262492813_rgb.png,OK,5.898933286608738,33.33333333333333,0.996582550823547,crítico,12
1680262493114,/nas/antoniodetoro/qwen/Qwen-Image-Edit-Angles-2/datos/MultiViewVisibleImagesHPE_Custom/test/00_16/00_16_1680262493114_rgb.png,/nas/antoniodetoro/qwen/Qwen-Image-Edit-Angles-2/datos/MultiViewVisibleImagesHPE_Custom/00_17/to_00_16/Step_6_fake_00_16_from_00_17_1680262493114_rgb.png,OK,5.071873458127343,39.39393939393939,0.9973428886967407,crítico,14
1680262493415,/nas/antoniodetoro/qwen/Qwen-Image-Edit-Angles-2/datos/MultiViewVisibleImagesHPE_Custom/test/00_16/00_16_1680262493415_rgb.png,/nas/antoniodetoro/qwen/Qwen-Image-Edit-Angles-2/datos/MultiViewVisibleImagesHPE_Custom/00_17/to_00_16/Step_6_fake_00_16_from_00_17_1680262493415_rgb.png,OK,3.1742730547835554,100.0,0.9989014400903412,excelente,31
1680262493716,/nas/antoniodetoro/qwen/Qwen-Image-Edit-Angles-2/datos/MultiViewVisibleImagesHPE_Custom/test/00_16/00_16_1680262493716_rgb.png,/nas/antoniodetoro/qwen/Qwen-Image-Edit-Angles-2/datos/MultiViewVisibleImagesHPE_Custom/00_17/to_00_16/Step_6_fake_00_16_from_00_17_1680262493716_rgb.png,OK,4.154368874938672,51.515151515151516,0.998403482932433,crítico,12
1680262494017,/nas/antoniodetoro/qwen/Qwen-Image-Edit-Angles-2/datos/MultiViewVisibleImagesHPE_Custom/test/00_16/00_16_1680262494017_rgb.png,/nas/antoniodetoro/qwen/Qwen-Image-Edit-Angles-2/datos/MultiViewVisibleImagesHPE_Custom/00_17/to_00_16/Step_6_fake_00_16_from_00_17_1680262494017_rgb.png,OK,3.6156189240702616,72.72727272727273,0.9988364028182242,aceptable,12
1680262494318,/nas/antoniodetoro/qwen/Qwen-Image-Edit-Angles-2/datos/MultiViewVisibleImagesHPE_Custom/test/00_16/00_16_1680262494318_rgb.png,/nas/antoniodetoro/qwen/Qwen-Image-Edit-Angles-2/datos/MultiViewVisibleImagesHPE_Custom/00_17/to_00_16/Step_6_fake_00_16_from_00_17_1680262494318_rgb.png,OK,4.021049533713196,60.60606060606061,0.9988106560767539,crítico,14
1680262494619,/nas/antoniodetoro/qwen/Qwen-Image-Edit-Angles-2/datos/MultiViewVisibleImagesHPE_Custom/test/00_16/00_16_1680262494619_rgb.png,/nas/antoniodetoro/qwen/Qwen-Image-Edit-Angles-2/datos/MultiViewVisibleImagesHPE_Custom/00_17/to_00_16/Step_6_fake_00_16_from_00_17_1680262494619_rgb.png,OK,3.5426466489318207,78.78787878787878,0.9988474420515651,aceptable,12
1680262494920,/nas/antoniodetoro/qwen/Qwen-Image-Edit-Angles-2/datos/MultiViewVisibleImagesHPE_Custom/test/00_16/00_16_1680262494920_rgb.png,/nas/antoniodetoro/qwen/Qwen-Image-Edit-Angles-2/datos/MultiViewVisibleImagesHPE_Custom/00_17/to_00_16/Step_6_fake_00_16_from_00_17_1680262494920_rgb.png,OK,3.996055475995975,63.63636363636363,0.998321432559028,crítico,20
1680262495221,/nas/antoniodetoro/qwen/Qwen-Image-Edit-Angles-2/datos/MultiViewVisibleImagesHPE_Custom/test/00_16/00_16_1680262495221_rgb.png,/nas/antoniodetoro/qwen/Qwen-Image-Edit-Angles-2/datos/MultiViewVisibleImagesHPE_Custom/00_17/to_00_16/Step_6_fake_00_16_from_00_17_1680262495221_rgb.png,OK,2.8887020269876835,100.0,0.9990904251361014,excelente,6
1680262495522,/nas/antoniodetoro/qwen/Qwen-Image-Edit-Angles-2/datos/MultiViewVisibleImagesHPE_Custom/test/00_16/00_16_1680262495522_rgb.png,/nas/antoniodetoro/qwen/Qwen-Image-Edit-Angles-2/datos/MultiViewVisibleImagesHPE_Custom/00_17/to_00_16/Step_6_fake_00_16_from_00_17_1680262495522_rgb.png,OK,3.6521602971066627,72.72727272727273,0.9988031013182105,aceptable,18
1680262497931,/nas/antoniodetoro/qwen/Qwen-Image-Edit-Angles-2/datos/MultiViewVisibleImagesHPE_Custom/test/00_16/00_16_1680262497931_rgb.png,/nas/antoniodetoro/qwen/Qwen-Image-Edit-Angles-2/datos/MultiViewVisibleImagesHPE_Custom/00_17/to_00_16/Step_6_fake_00_16_from_00_17_1680262497931_rgb.png,OK,3.670074965734927,81.81818181818183,0.9990178949274426,aceptable,17
1680262498232,/nas/antoniodetoro/qwen/Qwen-Image-Edit-Angles-2/datos/MultiViewVisibleImagesHPE_Custom/test/00_16/00_16_1680262498232_rgb.png,/nas/antoniodetoro/qwen/Qwen-Image-Edit-Angles-2/datos/MultiViewVisibleImagesHPE_Custom/00_17/to_00_16/Step_6_fake_00_16_from_00_17_1680262498232_rgb.png,OK,3.2211366386747007,100.0,0.9991627199035935,excelente,26
1680262498533,/nas/antoniodetoro/qwen/Qwen-Image-Edit-Angles-2/datos/MultiViewVisibleImagesHPE_Custom/test/00_16/00_16_1680262498533_rgb.png,/nas/antoniodetoro/qwen/Qwen-Image-Edit-Angles-2/datos/MultiViewVisibleImagesHPE_Custom/00_17/to_00_16/Step_6_fake_00_16_from_00_17_1680262498533_rgb.png,OK,3.505995394936485,63.63636363636363,0.9988221383695428,crítico,0
1680262498835,/nas/antoniodetoro/qwen/Qwen-Image-Edit-Angles-2/datos/MultiViewVisibleImagesHPE_Custom/test/00_16/00_16_1680262498835_rgb.png,/nas/antoniodetoro/qwen/Qwen-Image-Edit-Angles-2/datos/MultiViewVisibleImagesHPE_Custom/00_17/to_00_16/Step_6_fake_00_16_from_00_17_1680262498835_rgb.png,OK,3.4364556011902048,81.81818181818183,0.9988716977492127,aceptable,18
1680262499136,/nas/antoniodetoro/qwen/Qwen-Image-Edit-Angles-2/datos/MultiViewVisibleImagesHPE_Custom/test/00_16/00_16_1680262499136_rgb.png,/nas/antoniodetoro/qwen/Qwen-Image-Edit-Angles-2/datos/MultiViewVisibleImagesHPE_Custom/00_17/to_00_16/Step_6_fake_00_16_from_00_17_1680262499136_rgb.png,OK,2.393801066357173,100.0,0.9993954567123841,excelente,18
1680262499437,/nas/antoniodetoro/qwen/Qwen-Image-Edit-Angles-2/datos/MultiViewVisibleImagesHPE_Custom/test/00_16/00_16_1680262499437_rgb.png,/nas/antoniodetoro/qwen/Qwen-Image-Edit-Angles-2/datos/MultiViewVisibleImagesHPE_Custom/00_17/to_00_16/Step_6_fake_00_16_from_00_17_1680262499437_rgb.png,OK,3.672774884127384,63.63636363636363,0.9988540213870009,crítico,12
1680262499738,/nas/antoniodetoro/qwen/Qwen-Image-Edit-Angles-2/datos/MultiViewVisibleImagesHPE_Custom/test/00_16/00_16_1680262499738_rgb.png,/nas/antoniodetoro/qwen/Qwen-Image-Edit-Angles-2/datos/MultiViewVisibleImagesHPE_Custom/00_17/to_00_16/Step_6_fake_00_16_from_00_17_1680262499738_rgb.png,OK,3.5312357445762697,78.78787878787878,0.999035016880368,aceptable,14
1680262500039,/nas/antoniodetoro/qwen/Qwen-Image-Edit-Angles-2/datos/MultiViewVisibleImagesHPE_Custom/test/00_16/00_16_1680262500039_rgb.png,/nas/antoniodetoro/qwen/Qwen-Image-Edit-Angles-2/datos/MultiViewVisibleImagesHPE_Custom/00_17/to_00_16/Step_6_fake_00_16_from_00_17_1680262500039_rgb.png,OK,2.592955367359746,100.0,0.9992657886621061,excelente,10
1680262500340,/nas/antoniodetoro/qwen/Qwen-Image-Edit-Angles-2/datos/MultiViewVisibleImagesHPE_Custom/test/00_16/00_16_1680262500340_rgb.png,/nas/antoniodetoro/qwen/Qwen-Image-Edit-Angles-2/datos/MultiViewVisibleImagesHPE_Custom/00_17/to_00_16/Step_6_fake_00_16_from_00_17_1680262500340_rgb.png,OK,3.0575132210662077,87.87878787878788,0.9989847607283121,aceptable,6
1680262500641,/nas/antoniodetoro/qwen/Qwen-Image-Edit-Angles-2/datos/MultiViewVisibleImagesHPE_Custom/test/00_16/00_16_1680262500641_rgb.png,/nas/antoniodetoro/qwen/Qwen-Image-Edit-Angles-2/datos/MultiViewVisibleImagesHPE_Custom/00_17/to_00_16/Step_6_fake_00_16_from_00_17_1680262500641_rgb.png,OK,3.573698756523157,84.84848484848484,0.9986952463246577,aceptable,18
1680262500942,/nas/antoniodetoro/qwen/Qwen-Image-Edit-Angles-2/datos/MultiViewVisibleImagesHPE_Custom/test/00_16/00_16_1680262500942_rgb.png,/nas/antoniodetoro/qwen/Qwen-Image-Edit-Angles-2/datos/MultiViewVisibleImagesHPE_Custom/00_17/to_00_16/Step_6_fake_00_16_from_00_17_1680262500942_rgb.png,OK,2.0970918408668697,100.0,0.9993732783470395,excelente,18
1680262501243,/nas/antoniodetoro/qwen/Qwen-Image-Edit-Angles-2/datos/MultiViewVisibleImagesHPE_Custom/test/00_16/00_16_1680262501243_rgb.png,/nas/antoniodetoro/qwen/Qwen-Image-Edit-Angles-2/datos/MultiViewVisibleImagesHPE_Custom/00_17/to_00_16/Step_6_fake_00_16_from_00_17_1680262501243_rgb.png,OK,3.3625401752674695,84.84848484848484,0.9989920119473085,aceptable,17
1680262501544,/nas/antoniodetoro/qwen/Qwen-Image-Edit-Angles-2/datos/MultiViewVisibleImagesHPE_Custom/test/00_16/00_16_1680262501544_rgb.png,/nas/antoniodetoro/qwen/Qwen-Image-Edit-Angles-2/datos/MultiViewVisibleImagesHPE_Custom/00_17/to_00_16/Step_6_fake_00_16_from_00_17_1680262501544_rgb.png,OK,7.805677278815331,9.090909090909092,0.9961021063096303,crítico,17
1680262501845,/nas/antoniodetoro/qwen/Qwen-Image-Edit-Angles-2/datos/MultiViewVisibleImagesHPE_Custom/test/00_16/00_16_1680262501845_rgb.png,/nas/antoniodetoro/qwen/Qwen-Image-Edit-Angles-2/datos/MultiViewVisibleImagesHPE_Custom/00_17/to_00_16/Step_6_fake_00_16_from_00_17_1680262501845_rgb.png,OK,6.981451479206192,15.151515151515152,0.9956721168986831,crítico,18
1680262502146,/nas/antoniodetoro/qwen/Qwen-Image-Edit-Angles-2/datos/MultiViewVisibleImagesHPE_Custom/test/00_16/00_16_1680262502146_rgb.png,/nas/antoniodetoro/qwen/Qwen-Image-Edit-Angles-2/datos/MultiViewVisibleImagesHPE_Custom/00_17/to_00_16/Step_6_fake_00_16_from_00_17_1680262502146_rgb.png,OK,10.018603305834882,9.090909090909092,0.9896789337150974,crítico,18
1680262502447,/nas/antoniodetoro/qwen/Qwen-Image-Edit-Angles-2/datos/MultiViewVisibleImagesHPE_Custom/test/00_16/00_16_1680262502447_rgb.png,/nas/antoniodetoro/qwen/Qwen-Image-Edit-Angles-2/datos/MultiViewVisibleImagesHPE_Custom/00_17/to_00_16/Step_6_fake_00_16_from_00_17_1680262502447_rgb.png,OK,7.319051371533644,6.0606060606060606,0.9962806893942985,crítico,17
1680262502748,/nas/antoniodetoro/qwen/Qwen-Image-Edit-Angles-2/datos/MultiViewVisibleImagesHPE_Custom/test/00_16/00_16_1680262502748_rgb.png,/nas/antoniodetoro/qwen/Qwen-Image-Edit-Angles-2/datos/MultiViewVisibleImagesHPE_Custom/00_17/to_00_16/Step_6_fake_00_16_from_00_17_1680262502748_rgb.png,OK,5.420010781050585,45.45454545454545,0.9978126731314666,crítico,17
1680262503049,/nas/antoniodetoro/qwen/Qwen-Image-Edit-Angles-2/datos/MultiViewVisibleImagesHPE_Custom/test/00_16/00_16_1680262503049_rgb.png,/nas/antoniodetoro/qwen/Qwen-Image-Edit-Angles-2/datos/MultiViewVisibleImagesHPE_Custom/00_17/to_00_16/Step_6_fake_00_16_from_00_17_1680262503049_rgb.png,OK,2.125855839494057,81.81818181818183,0.9994208673070171,aceptable,30
1680262503350,/nas/antoniodetoro/qwen/Qwen-Image-Edit-Angles-2/datos/MultiViewVisibleImagesHPE_Custom/test/00_16/00_16_1680262503350_rgb.png,/nas/antoniodetoro/qwen/Qwen-Image-Edit-Angles-2/datos/MultiViewVisibleImagesHPE_Custom/00_17/to_00_16/Step_6_fake_00_16_from_00_17_1680262503350_rgb.png,OK,3.3645315169934884,96.96969696969697,0.9990451534176842,excelente,14
1680262503651,/nas/antoniodetoro/qwen/Qwen-Image-Edit-Angles-2/datos/MultiViewVisibleImagesHPE_Custom/test/00_16/00_16_1680262503651_rgb.png,/nas/antoniodetoro/qwen/Qwen-Image-Edit-Angles-2/datos/MultiViewVisibleImagesHPE_Custom/00_17/to_00_16/Step_6_fake_00_16_from_00_17_1680262503651_rgb.png,OK,4.1305917647829204,75.75757575757575,0.9983154779655289,aceptable,16
1680262503952,/nas/antoniodetoro/qwen/Qwen-Image-Edit-Angles-2/datos/MultiViewVisibleImagesHPE_Custom/test/00_16/00_16_1680262503952_rgb.png,/nas/antoniodetoro/qwen/Qwen-Image-Edit-Angles-2/datos/MultiViewVisibleImagesHPE_Custom/00_17/to_00_16/Step_6_fake_00_16_from_00_17_1680262503952_rgb.png,OK,6.0181870892699125,30.303030303030305,0.9965371649305307,crítico,20
1680262504253,/nas/antoniodetoro/qwen/Qwen-Image-Edit-Angles-2/datos/MultiViewVisibleImagesHPE_Custom/test/00_16/00_16_1680262504253_rgb.png,/nas/antoniodetoro/qwen/Qwen-Image-Edit-Angles-2/datos/MultiViewVisibleImagesHPE_Custom/00_17/to_00_16/Step_6_fake_00_16_from_00_17_1680262504253_rgb.png,OK,5.775791598459158,45.45454545454545,0.9959132253259585,crítico,20
1680262504554,/nas/antoniodetoro/qwen/Qwen-Image-Edit-Angles-2/datos/MultiViewVisibleImagesHPE_Custom/test/00_16/00_16_1680262504554_rgb.png,/nas/antoniodetoro/qwen/Qwen-Image-Edit-Angles-2/datos/MultiViewVisibleImagesHPE_Custom/00_17/to_00_16/Step_6_fake_00_16_from_00_17_1680262504554_rgb.png,OK,6.940016078859438,21.21212121212121,0.9956445679414891,crítico,12
1680262504855,/nas/antoniodetoro/qwen/Qwen-Image-Edit-Angles-2/datos/MultiViewVisibleImagesHPE_Custom/test/00_16/00_16_1680262504855_rgb.png,/nas/antoniodetoro/qwen/Qwen-Image-Edit-Angles-2/datos/MultiViewVisibleImagesHPE_Custom/00_17/to_00_16/Step_6_fake_00_16_from_00_17_1680262504855_rgb.png,OK,5.082828536323952,45.45454545454545,0.9975511519000468,crítico,14
1680262505156,/nas/antoniodetoro/qwen/Qwen-Image-Edit-Angles-2/datos/MultiViewVisibleImagesHPE_Custom/test/00_16/00_16_1680262505156_rgb.png,/nas/antoniodetoro/qwen/Qwen-Image-Edit-Angles-2/datos/MultiViewVisibleImagesHPE_Custom/00_17/to_00_16/Step_6_fake_00_16_from_00_17_1680262505156_rgb.png,OK,3.1866769374704274,93.93939393939394,0.9990638334201625,excelente,14
1680262505457,/nas/antoniodetoro/qwen/Qwen-Image-Edit-Angles-2/datos/MultiViewVisibleImagesHPE_Custom/test/00_16/00_16_1680262505457_rgb.png,/nas/antoniodetoro/qwen/Qwen-Image-Edit-Angles-2/datos/MultiViewVisibleImagesHPE_Custom/00_17/to_00_16/Step_6_fake_00_16_from_00_17_1680262505457_rgb.png,OK,2.879246442478122,75.75757575757575,0.9989221923874495,aceptable,17
1680262505759,/nas/antoniodetoro/qwen/Qwen-Image-Edit-Angles-2/datos/MultiViewVisibleImagesHPE_Custom/test/00_16/00_16_1680262505759_rgb.png,/nas/antoniodetoro/qwen/Qwen-Image-Edit-Angles-2/datos/MultiViewVisibleImagesHPE_Custom/00_17/to_00_16/Step_6_fake_00_16_from_00_17_1680262505759_rgb.png,OK,2.940321506051866,81.81818181818183,0.9990352238827866,aceptable,13
1680262506060,/nas/antoniodetoro/qwen/Qwen-Image-Edit-Angles-2/datos/MultiViewVisibleImagesHPE_Custom/test/00_16/00_16_1680262506060_rgb.png,/nas/antoniodetoro/qwen/Qwen-Image-Edit-Angles-2/datos/MultiViewVisibleImagesHPE_Custom/00_17/to_00_16/Step_6_fake_00_16_from_00_17_1680262506060_rgb.png,OK,4.373286032165893,63.63636363636363,0.9985910139110309,crítico,13
1680262506361,/nas/antoniodetoro/qwen/Qwen-Image-Edit-Angles-2/datos/MultiViewVisibleImagesHPE_Custom/test/00_16/00_16_1680262506361_rgb.png,/nas/antoniodetoro/qwen/Qwen-Image-Edit-Angles-2/datos/MultiViewVisibleImagesHPE_Custom/00_17/to_00_16/Step_6_fake_00_16_from_00_17_1680262506361_rgb.png,OK,6.658954549434058,12.121212121212121,0.9971715916519313,crítico,19
1680262506662,/nas/antoniodetoro/qwen/Qwen-Image-Edit-Angles-2/datos/MultiViewVisibleImagesHPE_Custom/test/00_16/00_16_1680262506662_rgb.png,/nas/antoniodetoro/qwen/Qwen-Image-Edit-Angles-2/datos/MultiViewVisibleImagesHPE_Custom/00_17/to_00_16/Step_6_fake_00_16_from_00_17_1680262506662_rgb.png,OK,7.024944235044684,6.0606060606060606,0.9972603883318792,crítico,31
1680262506963,/nas/antoniodetoro/qwen/Qwen-Image-Edit-Angles-2/datos/MultiViewVisibleImagesHPE_Custom/test/00_16/00_16_1680262506963_rgb.png,/nas/antoniodetoro/qwen/Qwen-Image-Edit-Angles-2/datos/MultiViewVisibleImagesHPE_Custom/00_17/to_00_16/Step_6_fake_00_16_from_00_17_1680262506963_rgb.png,OK,5.232019274386023,48.484848484848484,0.9978149964913869,crítico,13
1680262507264,/nas/antoniodetoro/qwen/Qwen-Image-Edit-Angles-2/datos/MultiViewVisibleImagesHPE_Custom/test/00_16/00_16_1680262507264_rgb.png,/nas/antoniodetoro/qwen/Qwen-Image-Edit-Angles-2/datos/MultiViewVisibleImagesHPE_Custom/00_17/to_00_16/Step_6_fake_00_16_from_00_17_1680262507264_rgb.png,OK,3.9631877039868986,66.66666666666666,0.9989278880772238,crítico,13
1680262507565,/nas/antoniodetoro/qwen/Qwen-Image-Edit-Angles-2/datos/MultiViewVisibleImagesHPE_Custom/test/00_16/00_16_1680262507565_rgb.png,/nas/antoniodetoro/qwen/Qwen-Image-Edit-Angles-2/datos/MultiViewVisibleImagesHPE_Custom/00_17/to_00_16/Step_6_fake_00_16_from_00_17_1680262507565_rgb.png,OK,3.366578534896292,69.6969696969697,0.9983167046565002,crítico,13
1680262507866,/nas/antoniodetoro/qwen/Qwen-Image-Edit-Angles-2/datos/MultiViewVisibleImagesHPE_Custom/test/00_16/00_16_1680262507866_rgb.png,/nas/antoniodetoro/qwen/Qwen-Image-Edit-Angles-2/datos/MultiViewVisibleImagesHPE_Custom/00_17/to_00_16/Step_6_fake_00_16_from_00_17_1680262507866_rgb.png,OK,3.96826004657013,66.66666666666666,0.9990704546747599,crítico,22
1680262508167,/nas/antoniodetoro/qwen/Qwen-Image-Edit-Angles-2/datos/MultiViewVisibleImagesHPE_Custom/test/00_16/00_16_1680262508167_rgb.png,/nas/antoniodetoro/qwen/Qwen-Image-Edit-Angles-2/datos/MultiViewVisibleImagesHPE_Custom/00_17/to_00_16/Step_6_fake_00_16_from_00_17_1680262508167_rgb.png,OK,4.078210814740209,72.72727272727273,0.9987085338479019,aceptable,12
1680262508468,/nas/antoniodetoro/qwen/Qwen-Image-Edit-Angles-2/datos/MultiViewVisibleImagesHPE_Custom/test/00_16/00_16_1680262508468_rgb.png,/nas/antoniodetoro/qwen/Qwen-Image-Edit-Angles-2/datos/MultiViewVisibleImagesHPE_Custom/00_17/to_00_16/Step_6_fake_00_16_from_00_17_1680262508468_rgb.png,OK,3.4231627159097386,96.96969696969697,0.9987538441169092,excelente,12
1680262508770,/nas/antoniodetoro/qwen/Qwen-Image-Edit-Angles-2/datos/MultiViewVisibleImagesHPE_Custom/test/00_16/00_16_1680262508770_rgb.png,/nas/antoniodetoro/qwen/Qwen-Image-Edit-Angles-2/datos/MultiViewVisibleImagesHPE_Custom/00_17/to_00_16/Step_6_fake_00_16_from_00_17_1680262508770_rgb.png,OK,4.706924939393792,48.484848484848484,0.9981979291639446,crítico,14
1680262509071,/nas/antoniodetoro/qwen/Qwen-Image-Edit-Angles-2/datos/MultiViewVisibleImagesHPE_Custom/test/00_16/00_16_1680262509071_rgb.png,/nas/antoniodetoro/qwen/Qwen-Image-Edit-Angles-2/datos/MultiViewVisibleImagesHPE_Custom/00_17/to_00_16/Step_6_fake_00_16_from_00_17_1680262509071_rgb.png,OK,4.1526663615261725,78.78787878787878,0.9988042628879737,aceptable,14
1680262509372,/nas/antoniodetoro/qwen/Qwen-Image-Edit-Angles-2/datos/MultiViewVisibleImagesHPE_Custom/test/00_16/00_16_1680262509372_rgb.png,/nas/antoniodetoro/qwen/Qwen-Image-Edit-Angles-2/datos/MultiViewVisibleImagesHPE_Custom/00_17/to_00_16/Step_6_fake_00_16_from_00_17_1680262509372_rgb.png,OK,3.802501328597102,60.60606060606061,0.99857604683988,crítico,12
1680262509673,/nas/antoniodetoro/qwen/Qwen-Image-Edit-Angles-2/datos/MultiViewVisibleImagesHPE_Custom/test/00_16/00_16_1680262509673_rgb.png,/nas/antoniodetoro/qwen/Qwen-Image-Edit-Angles-2/datos/MultiViewVisibleImagesHPE_Custom/00_17/to_00_16/Step_6_fake_00_16_from_00_17_1680262509673_rgb.png,OK,3.0354121690963933,96.96969696969697,0.9990729758922585,excelente,14
1680262509974,/nas/antoniodetoro/qwen/Qwen-Image-Edit-Angles-2/datos/MultiViewVisibleImagesHPE_Custom/test/00_16/00_16_1680262509974_rgb.png,/nas/antoniodetoro/qwen/Qwen-Image-Edit-Angles-2/datos/MultiViewVisibleImagesHPE_Custom/00_17/to_00_16/Step_6_fake_00_16_from_00_17_1680262509974_rgb.png,OK,3.3998572301817243,96.96969696969697,0.9989054059102787,excelente,23
1680262510275,/nas/antoniodetoro/qwen/Qwen-Image-Edit-Angles-2/datos/MultiViewVisibleImagesHPE_Custom/test/00_16/00_16_1680262510275_rgb.png,/nas/antoniodetoro/qwen/Qwen-Image-Edit-Angles-2/datos/MultiViewVisibleImagesHPE_Custom/00_17/to_00_16/Step_6_fake_00_16_from_00_17_1680262510275_rgb.png,OK,3.3581250112425485,96.96969696969697,0.9989752200142601,excelente,14
1680262510576,/nas/antoniodetoro/qwen/Qwen-Image-Edit-Angles-2/datos/MultiViewVisibleImagesHPE_Custom/test/00_16/00_16_1680262510576_rgb.png,/nas/antoniodetoro/qwen/Qwen-Image-Edit-Angles-2/datos/MultiViewVisibleImagesHPE_Custom/00_17/to_00_16/Step_6_fake_00_16_from_00_17_1680262510576_rgb.png,OK,3.7475912139384597,84.84848484848484,0.9985321911857761,aceptable,14
1680262510877,/nas/antoniodetoro/qwen/Qwen-Image-Edit-Angles-2/datos/MultiViewVisibleImagesHPE_Custom/test/00_16/00_16_1680262510877_rgb.png,/nas/antoniodetoro/qwen/Qwen-Image-Edit-Angles-2/datos/MultiViewVisibleImagesHPE_Custom/00_17/to_00_16/Step_6_fake_00_16_from_00_17_1680262510877_rgb.png,OK,2.9481071990043515,100.0,0.9991251439284816,excelente,12
1680262511178,/nas/antoniodetoro/qwen/Qwen-Image-Edit-Angles-2/datos/MultiViewVisibleImagesHPE_Custom/test/00_16/00_16_1680262511178_rgb.png,/nas/antoniodetoro/qwen/Qwen-Image-Edit-Angles-2/datos/MultiViewVisibleImagesHPE_Custom/00_17/to_00_16/Step_6_fake_00_16_from_00_17_1680262511178_rgb.png,OK,2.9816212809929588,93.93939393939394,0.9992327358016664,excelente,17
1680262511479,/nas/antoniodetoro/qwen/Qwen-Image-Edit-Angles-2/datos/MultiViewVisibleImagesHPE_Custom/test/00_16/00_16_1680262511479_rgb.png,/nas/antoniodetoro/qwen/Qwen-Image-Edit-Angles-2/datos/MultiViewVisibleImagesHPE_Custom/00_17/to_00_16/Step_6_fake_00_16_from_00_17_1680262511479_rgb.png,OK,2.6290340787582736,84.84848484848484,0.9991083199286007,aceptable,15
1680262511780,/nas/antoniodetoro/qwen/Qwen-Image-Edit-Angles-2/datos/MultiViewVisibleImagesHPE_Custom/test/00_16/00_16_1680262511780_rgb.png,/nas/antoniodetoro/qwen/Qwen-Image-Edit-Angles-2/datos/MultiViewVisibleImagesHPE_Custom/00_17/to_00_16/Step_6_fake_00_16_from_00_17_1680262511780_rgb.png,OK,4.172565906690202,66.66666666666666,0.9984050497929452,crítico,22
1680262512081,/nas/antoniodetoro/qwen/Qwen-Image-Edit-Angles-2/datos/MultiViewVisibleImagesHPE_Custom/test/00_16/00_16_1680262512081_rgb.png,/nas/antoniodetoro/qwen/Qwen-Image-Edit-Angles-2/datos/MultiViewVisibleImagesHPE_Custom/00_17/to_00_16/Step_6_fake_00_16_from_00_17_1680262512081_rgb.png,OK,6.225237965888712,15.151515151515152,0.9978587737192635,crítico,13
1680262512382,/nas/antoniodetoro/qwen/Qwen-Image-Edit-Angles-2/datos/MultiViewVisibleImagesHPE_Custom/test/00_16/00_16_1680262512382_rgb.png,/nas/antoniodetoro/qwen/Qwen-Image-Edit-Angles-2/datos/MultiViewVisibleImagesHPE_Custom/00_17/to_00_16/Step_6_fake_00_16_from_00_17_1680262512382_rgb.png,OK,5.384066170771155,30.303030303030305,0.998399866676936,crítico,13
1680262512683,/nas/antoniodetoro/qwen/Qwen-Image-Edit-Angles-2/datos/MultiViewVisibleImagesHPE_Custom/test/00_16/00_16_1680262512683_rgb.png,/nas/antoniodetoro/qwen/Qwen-Image-Edit-Angles-2/datos/MultiViewVisibleImagesHPE_Custom/00_17/to_00_16/Step_6_fake_00_16_from_00_17_1680262512683_rgb.png,OK,6.4885684932268965,33.33333333333333,0.9979470265412395,crítico,13
1680262513284,/nas/antoniodetoro/qwen/Qwen-Image-Edit-Angles-2/datos/MultiViewVisibleImagesHPE_Custom/test/00_16/00_16_1680262513284_rgb.png,/nas/antoniodetoro/qwen/Qwen-Image-Edit-Angles-2/datos/MultiViewVisibleImagesHPE_Custom/00_17/to_00_16/Step_6_fake_00_16_from_00_17_1680262513284_rgb.png,OK,3.806196277417791,66.66666666666666,0.9984077239531656,crítico,20
1680262513585,/nas/antoniodetoro/qwen/Qwen-Image-Edit-Angles-2/datos/MultiViewVisibleImagesHPE_Custom/test/00_16/00_16_1680262513585_rgb.png,/nas/antoniodetoro/qwen/Qwen-Image-Edit-Angles-2/datos/MultiViewVisibleImagesHPE_Custom/00_17/to_00_16/Step_6_fake_00_16_from_00_17_1680262513585_rgb.png,OK,4.4181911731606744,66.66666666666666,0.998471222325244,crítico,14
1680262513886,/nas/antoniodetoro/qwen/Qwen-Image-Edit-Angles-2/datos/MultiViewVisibleImagesHPE_Custom/test/00_16/00_16_1680262513886_rgb.png,/nas/antoniodetoro/qwen/Qwen-Image-Edit-Angles-2/datos/MultiViewVisibleImagesHPE_Custom/00_17/to_00_16/Step_6_fake_00_16_from_00_17_1680262513886_rgb.png,OK,4.43000970679488,45.45454545454545,0.99824988695384,crítico,12
1680262514187,/nas/antoniodetoro/qwen/Qwen-Image-Edit-Angles-2/datos/MultiViewVisibleImagesHPE_Custom/test/00_16/00_16_1680262514187_rgb.png,/nas/antoniodetoro/qwen/Qwen-Image-Edit-Angles-2/datos/MultiViewVisibleImagesHPE_Custom/00_17/to_00_16/Step_6_fake_00_16_from_00_17_1680262514187_rgb.png,OK,3.967321919385058,81.81818181818183,0.9984101306012714,aceptable,14
1680262514488,/nas/antoniodetoro/qwen/Qwen-Image-Edit-Angles-2/datos/MultiViewVisibleImagesHPE_Custom/test/00_16/00_16_1680262514488_rgb.png,/nas/antoniodetoro/qwen/Qwen-Image-Edit-Angles-2/datos/MultiViewVisibleImagesHPE_Custom/00_17/to_00_16/Step_6_fake_00_16_from_00_17_1680262514488_rgb.png,OK,5.322082973834666,75.75757575757575,0.9956630987937457,aceptable,18
1680262514789,/nas/antoniodetoro/qwen/Qwen-Image-Edit-Angles-2/datos/MultiViewVisibleImagesHPE_Custom/test/00_16/00_16_1680262514789_rgb.png,/nas/antoniodetoro/qwen/Qwen-Image-Edit-Angles-2/datos/MultiViewVisibleImagesHPE_Custom/00_17/to_00_16/Step_6_fake_00_16_from_00_17_1680262514789_rgb.png,OK,4.135452535062292,60.60606060606061,0.99841424514426,crítico,12
1680262515089,/nas/antoniodetoro/qwen/Qwen-Image-Edit-Angles-2/datos/MultiViewVisibleImagesHPE_Custom/test/00_16/00_16_1680262515089_rgb.png,/nas/antoniodetoro/qwen/Qwen-Image-Edit-Angles-2/datos/MultiViewVisibleImagesHPE_Custom/00_17/to_00_16/Step_6_fake_00_16_from_00_17_1680262515089_rgb.png,OK,4.8712638673703115,75.75757575757575,0.9975358721522529,aceptable,18
1680262515390,/nas/antoniodetoro/qwen/Qwen-Image-Edit-Angles-2/datos/MultiViewVisibleImagesHPE_Custom/test/00_16/00_16_1680262515390_rgb.png,/nas/antoniodetoro/qwen/Qwen-Image-Edit-Angles-2/datos/MultiViewVisibleImagesHPE_Custom/00_17/to_00_16/Step_6_fake_00_16_from_00_17_1680262515390_rgb.png,OK,4.0992179539922216,81.81818181818183,0.998160342004287,aceptable,18
1680262515691,/nas/antoniodetoro/qwen/Qwen-Image-Edit-Angles-2/datos/MultiViewVisibleImagesHPE_Custom/test/00_16/00_16_1680262515691_rgb.png,/nas/antoniodetoro/qwen/Qwen-Image-Edit-Angles-2/datos/MultiViewVisibleImagesHPE_Custom/00_17/to_00_16/Step_6_fake_00_16_from_00_17_1680262515691_rgb.png,OK,4.892444277472228,84.84848484848484,0.9962436876329932,aceptable,20
1680262515993,/nas/antoniodetoro/qwen/Qwen-Image-Edit-Angles-2/datos/MultiViewVisibleImagesHPE_Custom/test/00_16/00_16_1680262515993_rgb.png,/nas/antoniodetoro/qwen/Qwen-Image-Edit-Angles-2/datos/MultiViewVisibleImagesHPE_Custom/00_17/to_00_16/Step_6_fake_00_16_from_00_17_1680262515993_rgb.png,OK,3.03527207534402,87.87878787878788,0.9989675718443657,aceptable,18
1680262516294,/nas/antoniodetoro/qwen/Qwen-Image-Edit-Angles-2/datos/MultiViewVisibleImagesHPE_Custom/test/00_16/00_16_1680262516294_rgb.png,/nas/antoniodetoro/qwen/Qwen-Image-Edit-Angles-2/datos/MultiViewVisibleImagesHPE_Custom/00_17/to_00_16/Step_6_fake_00_16_from_00_17_1680262516294_rgb.png,OK,7.2277748661642915,39.39393939393939,0.9928422445527596,crítico,18
1680262516595,/nas/antoniodetoro/qwen/Qwen-Image-Edit-Angles-2/datos/MultiViewVisibleImagesHPE_Custom/test/00_16/00_16_1680262516595_rgb.png,/nas/antoniodetoro/qwen/Qwen-Image-Edit-Angles-2/datos/MultiViewVisibleImagesHPE_Custom/00_17/to_00_16/Step_6_fake_00_16_from_00_17_1680262516595_rgb.png,OK,4.220313576539369,69.6969696969697,0.9985799747721814,crítico,19
1680262516896,/nas/antoniodetoro/qwen/Qwen-Image-Edit-Angles-2/datos/MultiViewVisibleImagesHPE_Custom/test/00_16/00_16_1680262516896_rgb.png,/nas/antoniodetoro/qwen/Qwen-Image-Edit-Angles-2/datos/MultiViewVisibleImagesHPE_Custom/00_17/to_00_16/Step_6_fake_00_16_from_00_17_1680262516896_rgb.png,OK,5.7716220573108385,30.303030303030305,0.9960115184412496,crítico,20
1680262517197,/nas/antoniodetoro/qwen/Qwen-Image-Edit-Angles-2/datos/MultiViewVisibleImagesHPE_Custom/test/00_16/00_16_1680262517197_rgb.png,/nas/antoniodetoro/qwen/Qwen-Image-Edit-Angles-2/datos/MultiViewVisibleImagesHPE_Custom/00_17/to_00_16/Step_6_fake_00_16_from_00_17_1680262517197_rgb.png,OK,11.837629342294754,18.181818181818183,0.982143954668675,crítico,19
1680262517498,/nas/antoniodetoro/qwen/Qwen-Image-Edit-Angles-2/datos/MultiViewVisibleImagesHPE_Custom/test/00_16/00_16_1680262517498_rgb.png,/nas/antoniodetoro/qwen/Qwen-Image-Edit-Angles-2/datos/MultiViewVisibleImagesHPE_Custom/00_17/to_00_16/Step_6_fake_00_16_from_00_17_1680262517498_rgb.png,OK,11.922910480754839,24.242424242424242,0.9823263890514813,crítico,18
1680262517799,/nas/antoniodetoro/qwen/Qwen-Image-Edit-Angles-2/datos/MultiViewVisibleImagesHPE_Custom/test/00_16/00_16_1680262517799_rgb.png,/nas/antoniodetoro/qwen/Qwen-Image-Edit-Angles-2/datos/MultiViewVisibleImagesHPE_Custom/00_17/to_00_16/Step_6_fake_00_16_from_00_17_1680262517799_rgb.png,OK,6.943057627503987,27.27272727272727,0.9943976123581248,crítico,13
1680262518100,/nas/antoniodetoro/qwen/Qwen-Image-Edit-Angles-2/datos/MultiViewVisibleImagesHPE_Custom/test/00_16/00_16_1680262518100_rgb.png,/nas/antoniodetoro/qwen/Qwen-Image-Edit-Angles-2/datos/MultiViewVisibleImagesHPE_Custom/00_17/to_00_16/Step_6_fake_00_16_from_00_17_1680262518100_rgb.png,OK,5.876057476542431,30.303030303030305,0.9963880059178881,crítico,20
1680262518401,/nas/antoniodetoro/qwen/Qwen-Image-Edit-Angles-2/datos/MultiViewVisibleImagesHPE_Custom/test/00_16/00_16_1680262518401_rgb.png,/nas/antoniodetoro/qwen/Qwen-Image-Edit-Angles-2/datos/MultiViewVisibleImagesHPE_Custom/00_17/to_00_16/Step_6_fake_00_16_from_00_17_1680262518401_rgb.png,OK,4.776248716751265,75.75757575757575,0.9954983386531607,aceptable,20
1680262518702,/nas/antoniodetoro/qwen/Qwen-Image-Edit-Angles-2/datos/MultiViewVisibleImagesHPE_Custom/test/00_16/00_16_1680262518702_rgb.png,/nas/antoniodetoro/qwen/Qwen-Image-Edit-Angles-2/datos/MultiViewVisibleImagesHPE_Custom/00_17/to_00_16/Step_6_fake_00_16_from_00_17_1680262518702_rgb.png,OK,5.022194824281073,48.484848484848484,0.9981286935518415,crítico,26
1680262519003,/nas/antoniodetoro/qwen/Qwen-Image-Edit-Angles-2/datos/MultiViewVisibleImagesHPE_Custom/test/00_16/00_16_1680262519003_rgb.png,/nas/antoniodetoro/qwen/Qwen-Image-Edit-Angles-2/datos/MultiViewVisibleImagesHPE_Custom/00_17/to_00_16/Step_6_fake_00_16_from_00_17_1680262519003_rgb.png,OK,4.84235093593832,54.54545454545454,0.9976041202770113,crítico,0
1680262519304,/nas/antoniodetoro/qwen/Qwen-Image-Edit-Angles-2/datos/MultiViewVisibleImagesHPE_Custom/test/00_16/00_16_1680262519304_rgb.png,/nas/antoniodetoro/qwen/Qwen-Image-Edit-Angles-2/datos/MultiViewVisibleImagesHPE_Custom/00_17/to_00_16/Step_6_fake_00_16_from_00_17_1680262519304_rgb.png,OK,4.56695863449653,48.484848484848484,0.9976594870053779,crítico,18
1680262519606,/nas/antoniodetoro/qwen/Qwen-Image-Edit-Angles-2/datos/MultiViewVisibleImagesHPE_Custom/test/00_16/00_16_1680262519606_rgb.png,/nas/antoniodetoro/qwen/Qwen-Image-Edit-Angles-2/datos/MultiViewVisibleImagesHPE_Custom/00_17/to_00_16/Step_6_fake_00_16_from_00_17_1680262519606_rgb.png,OK,4.455039558642737,51.515151515151516,0.9979644347292754,crítico,14
1680262519907,/nas/antoniodetoro/qwen/Qwen-Image-Edit-Angles-2/datos/MultiViewVisibleImagesHPE_Custom/test/00_16/00_16_1680262519907_rgb.png,/nas/antoniodetoro/qwen/Qwen-Image-Edit-Angles-2/datos/MultiViewVisibleImagesHPE_Custom/00_17/to_00_16/Step_6_fake_00_16_from_00_17_1680262519907_rgb.png,OK,3.5817300048705483,63.63636363636363,0.9986135435510753,crítico,10
1680262520208,/nas/antoniodetoro/qwen/Qwen-Image-Edit-Angles-2/datos/MultiViewVisibleImagesHPE_Custom/test/00_16/00_16_1680262520208_rgb.png,/nas/antoniodetoro/qwen/Qwen-Image-Edit-Angles-2/datos/MultiViewVisibleImagesHPE_Custom/00_17/to_00_16/Step_6_fake_00_16_from_00_17_1680262520208_rgb.png,OK,4.024292503754512,60.60606060606061,0.9983555386626826,crítico,14
1680262520509,/nas/antoniodetoro/qwen/Qwen-Image-Edit-Angles-2/datos/MultiViewVisibleImagesHPE_Custom/test/00_16/00_16_1680262520509_rgb.png,/nas/antoniodetoro/qwen/Qwen-Image-Edit-Angles-2/datos/MultiViewVisibleImagesHPE_Custom/00_17/to_00_16/Step_6_fake_00_16_from_00_17_1680262520509_rgb.png,OK,4.217920184810944,69.6969696969697,0.9967784824455377,crítico,18
1680262520810,/nas/antoniodetoro/qwen/Qwen-Image-Edit-Angles-2/datos/MultiViewVisibleImagesHPE_Custom/test/00_16/00_16_1680262520810_rgb.png,/nas/antoniodetoro/qwen/Qwen-Image-Edit-Angles-2/datos/MultiViewVisibleImagesHPE_Custom/00_17/to_00_16/Step_6_fake_00_16_from_00_17_1680262520810_rgb.png,OK,8.109087970920957,72.72727272727273,0.9861734358093374,aceptable,18
1680262521111,/nas/antoniodetoro/qwen/Qwen-Image-Edit-Angles-2/datos/MultiViewVisibleImagesHPE_Custom/test/00_16/00_16_1680262521111_rgb.png,/nas/antoniodetoro/qwen/Qwen-Image-Edit-Angles-2/datos/MultiViewVisibleImagesHPE_Custom/00_17/to_00_16/Step_6_fake_00_16_from_00_17_1680262521111_rgb.png,OK,6.511132780321,63.63636363636363,0.9924990321797351,crítico,18
1680262521412,/nas/antoniodetoro/qwen/Qwen-Image-Edit-Angles-2/datos/MultiViewVisibleImagesHPE_Custom/test/00_16/00_16_1680262521412_rgb.png,/nas/antoniodetoro/qwen/Qwen-Image-Edit-Angles-2/datos/MultiViewVisibleImagesHPE_Custom/00_17/to_00_16/Step_6_fake_00_16_from_00_17_1680262521412_rgb.png,OK,10.135778328742791,33.33333333333333,0.9843796764036988,crítico,13
1680262521713,/nas/antoniodetoro/qwen/Qwen-Image-Edit-Angles-2/datos/MultiViewVisibleImagesHPE_Custom/test/00_16/00_16_1680262521713_rgb.png,/nas/antoniodetoro/qwen/Qwen-Image-Edit-Angles-2/datos/MultiViewVisibleImagesHPE_Custom/00_17/to_00_16/Step_6_fake_00_16_from_00_17_1680262521713_rgb.png,OK,9.601504536601533,21.21212121212121,0.990184697404005,crítico,13
1680262522014,/nas/antoniodetoro/qwen/Qwen-Image-Edit-Angles-2/datos/MultiViewVisibleImagesHPE_Custom/test/00_16/00_16_1680262522014_rgb.png,/nas/antoniodetoro/qwen/Qwen-Image-Edit-Angles-2/datos/MultiViewVisibleImagesHPE_Custom/00_17/to_00_16/Step_6_fake_00_16_from_00_17_1680262522014_rgb.png,OK,11.93148122452132,15.151515151515152,0.9850288531856723,crítico,20
1680262522315,/nas/antoniodetoro/qwen/Qwen-Image-Edit-Angles-2/datos/MultiViewVisibleImagesHPE_Custom/test/00_16/00_16_1680262522315_rgb.png,/nas/antoniodetoro/qwen/Qwen-Image-Edit-Angles-2/datos/MultiViewVisibleImagesHPE_Custom/00_17/to_00_16/Step_6_fake_00_16_from_00_17_1680262522315_rgb.png,OK,11.279261058565616,9.090909090909092,0.9886283480440462,crítico,20
1680262522617,/nas/antoniodetoro/qwen/Qwen-Image-Edit-Angles-2/datos/MultiViewVisibleImagesHPE_Custom/test/00_16/00_16_1680262522617_rgb.png,/nas/antoniodetoro/qwen/Qwen-Image-Edit-Angles-2/datos/MultiViewVisibleImagesHPE_Custom/00_17/to_00_16/Step_6_fake_00_16_from_00_17_1680262522617_rgb.png,OK,7.731735552474416,39.39393939393939,0.9898409744420934,crítico,13
1680262522918,/nas/antoniodetoro/qwen/Qwen-Image-Edit-Angles-2/datos/MultiViewVisibleImagesHPE_Custom/test/00_16/00_16_1680262522918_rgb.png,/nas/antoniodetoro/qwen/Qwen-Image-Edit-Angles-2/datos/MultiViewVisibleImagesHPE_Custom/00_17/to_00_16/Step_6_fake_00_16_from_00_17_1680262522918_rgb.png,OK,6.530411134531723,69.6969696969697,0.9873696663689172,crítico,18
1680262523821,/nas/antoniodetoro/qwen/Qwen-Image-Edit-Angles-2/datos/MultiViewVisibleImagesHPE_Custom/test/00_16/00_16_1680262523821_rgb.png,/nas/antoniodetoro/qwen/Qwen-Image-Edit-Angles-2/datos/MultiViewVisibleImagesHPE_Custom/00_17/to_00_16/Step_6_fake_00_16_from_00_17_1680262523821_rgb.png,OK,5.497468827017166,30.303030303030305,0.9969635608440337,crítico,18
1680262524122,/nas/antoniodetoro/qwen/Qwen-Image-Edit-Angles-2/datos/MultiViewVisibleImagesHPE_Custom/test/00_16/00_16_1680262524122_rgb.png,/nas/antoniodetoro/qwen/Qwen-Image-Edit-Angles-2/datos/MultiViewVisibleImagesHPE_Custom/00_17/to_00_16/Step_6_fake_00_16_from_00_17_1680262524122_rgb.png,OK,5.167943269229809,39.39393939393939,0.9971501218603516,crítico,14
1680262524423,/nas/antoniodetoro/qwen/Qwen-Image-Edit-Angles-2/datos/MultiViewVisibleImagesHPE_Custom/test/00_16/00_16_1680262524423_rgb.png,/nas/antoniodetoro/qwen/Qwen-Image-Edit-Angles-2/datos/MultiViewVisibleImagesHPE_Custom/00_17/to_00_16/Step_6_fake_00_16_from_00_17_1680262524423_rgb.png,OK,4.949556471456606,48.484848484848484,0.9978840017179501,crítico,20
1680262524723,/nas/antoniodetoro/qwen/Qwen-Image-Edit-Angles-2/datos/MultiViewVisibleImagesHPE_Custom/test/00_16/00_16_1680262524723_rgb.png,/nas/antoniodetoro/qwen/Qwen-Image-Edit-Angles-2/datos/MultiViewVisibleImagesHPE_Custom/00_17/to_00_16/Step_6_fake_00_16_from_00_17_1680262524723_rgb.png,OK,4.31691997369335,60.60606060606061,0.9980522595049933,crítico,0
1680262525024,/nas/antoniodetoro/qwen/Qwen-Image-Edit-Angles-2/datos/MultiViewVisibleImagesHPE_Custom/test/00_16/00_16_1680262525024_rgb.png,/nas/antoniodetoro/qwen/Qwen-Image-Edit-Angles-2/datos/MultiViewVisibleImagesHPE_Custom/00_17/to_00_16/Step_6_fake_00_16_from_00_17_1680262525024_rgb.png,OK,4.268051031885785,57.57575757575758,0.9982483196125147,crítico,18
1680262525325,/nas/antoniodetoro/qwen/Qwen-Image-Edit-Angles-2/datos/MultiViewVisibleImagesHPE_Custom/test/00_16/00_16_1680262525325_rgb.png,/nas/antoniodetoro/qwen/Qwen-Image-Edit-Angles-2/datos/MultiViewVisibleImagesHPE_Custom/00_17/to_00_16/Step_6_fake_00_16_from_00_17_1680262525325_rgb.png,OK,3.38813947289761,75.75757575757575,0.9989543363502976,aceptable,6
1680262525627,/nas/antoniodetoro/qwen/Qwen-Image-Edit-Angles-2/datos/MultiViewVisibleImagesHPE_Custom/test/00_16/00_16_1680262525627_rgb.png,/nas/antoniodetoro/qwen/Qwen-Image-Edit-Angles-2/datos/MultiViewVisibleImagesHPE_Custom/00_17/to_00_16/Step_6_fake_00_16_from_00_17_1680262525627_rgb.png,OK,4.209425333508271,60.60606060606061,0.9981997109658192,crítico,10
1680262525928,/nas/antoniodetoro/qwen/Qwen-Image-Edit-Angles-2/datos/MultiViewVisibleImagesHPE_Custom/test/00_16/00_16_1680262525928_rgb.png,/nas/antoniodetoro/qwen/Qwen-Image-Edit-Angles-2/datos/MultiViewVisibleImagesHPE_Custom/00_17/to_00_16/Step_6_fake_00_16_from_00_17_1680262525928_rgb.png,OK,3.6447782474252874,75.75757575757575,0.9985518009472734,aceptable,14
1680262526229,/nas/antoniodetoro/qwen/Qwen-Image-Edit-Angles-2/datos/MultiViewVisibleImagesHPE_Custom/test/00_16/00_16_1680262526229_rgb.png,/nas/antoniodetoro/qwen/Qwen-Image-Edit-Angles-2/datos/MultiViewVisibleImagesHPE_Custom/00_17/to_00_16/Step_6_fake_00_16_from_00_17_1680262526229_rgb.png,OK,4.02624686863155,57.57575757575758,0.9981734343799863,crítico,10
1680262526530,/nas/antoniodetoro/qwen/Qwen-Image-Edit-Angles-2/datos/MultiViewVisibleImagesHPE_Custom/test/00_16/00_16_1680262526530_rgb.png,/nas/antoniodetoro/qwen/Qwen-Image-Edit-Angles-2/datos/MultiViewVisibleImagesHPE_Custom/00_17/to_00_16/Step_6_fake_00_16_from_00_17_1680262526530_rgb.png,OK,3.887252558035431,66.66666666666666,0.9984906240324879,crítico,12
1680262526831,/nas/antoniodetoro/qwen/Qwen-Image-Edit-Angles-2/datos/MultiViewVisibleImagesHPE_Custom/test/00_16/00_16_1680262526831_rgb.png,/nas/antoniodetoro/qwen/Qwen-Image-Edit-Angles-2/datos/MultiViewVisibleImagesHPE_Custom/00_17/to_00_16/Step_6_fake_00_16_from_00_17_1680262526831_rgb.png,OK,4.042028970942894,69.6969696969697,0.9984837197188868,crítico,32
1680262527132,/nas/antoniodetoro/qwen/Qwen-Image-Edit-Angles-2/datos/MultiViewVisibleImagesHPE_Custom/test/00_16/00_16_1680262527132_rgb.png,/nas/antoniodetoro/qwen/Qwen-Image-Edit-Angles-2/datos/MultiViewVisibleImagesHPE_Custom/00_17/to_00_16/Step_6_fake_00_16_from_00_17_1680262527132_rgb.png,OK,5.362042398726353,60.60606060606061,0.9973697791471922,crítico,18
1680262527433,/nas/antoniodetoro/qwen/Qwen-Image-Edit-Angles-2/datos/MultiViewVisibleImagesHPE_Custom/test/00_16/00_16_1680262527433_rgb.png,/nas/antoniodetoro/qwen/Qwen-Image-Edit-Angles-2/datos/MultiViewVisibleImagesHPE_Custom/00_17/to_00_16/Step_6_fake_00_16_from_00_17_1680262527433_rgb.png,OK,7.3292992501556355,57.57575757575758,0.9875709956267894,crítico,18
1680262527734,/nas/antoniodetoro/qwen/Qwen-Image-Edit-Angles-2/datos/MultiViewVisibleImagesHPE_Custom/test/00_16/00_16_1680262527734_rgb.png,/nas/antoniodetoro/qwen/Qwen-Image-Edit-Angles-2/datos/MultiViewVisibleImagesHPE_Custom/00_17/to_00_16/Step_6_fake_00_16_from_00_17_1680262527734_rgb.png,OK,6.303878441981855,42.42424242424242,0.9947840353738405,crítico,14
1680262528036,/nas/antoniodetoro/qwen/Qwen-Image-Edit-Angles-2/datos/MultiViewVisibleImagesHPE_Custom/test/00_16/00_16_1680262528036_rgb.png,/nas/antoniodetoro/qwen/Qwen-Image-Edit-Angles-2/datos/MultiViewVisibleImagesHPE_Custom/00_17/to_00_16/Step_6_fake_00_16_from_00_17_1680262528036_rgb.png,OK,8.949183900701188,6.0606060606060606,0.9911040778709757,crítico,31
1680262528336,/nas/antoniodetoro/qwen/Qwen-Image-Edit-Angles-2/datos/MultiViewVisibleImagesHPE_Custom/test/00_16/00_16_1680262528336_rgb.png,/nas/antoniodetoro/qwen/Qwen-Image-Edit-Angles-2/datos/MultiViewVisibleImagesHPE_Custom/00_17/to_00_16/Step_6_fake_00_16_from_00_17_1680262528336_rgb.png,OK,6.4454558443314465,51.515151515151516,0.9958173711768322,crítico,18
1680262528637,/nas/antoniodetoro/qwen/Qwen-Image-Edit-Angles-2/datos/MultiViewVisibleImagesHPE_Custom/test/00_16/00_16_1680262528637_rgb.png,/nas/antoniodetoro/qwen/Qwen-Image-Edit-Angles-2/datos/MultiViewVisibleImagesHPE_Custom/00_17/to_00_16/Step_6_fake_00_16_from_00_17_1680262528637_rgb.png,OK,10.330965363400434,12.121212121212121,0.9887739217672774,crítico,18
1680262528938,/nas/antoniodetoro/qwen/Qwen-Image-Edit-Angles-2/datos/MultiViewVisibleImagesHPE_Custom/test/00_16/00_16_1680262528938_rgb.png,/nas/antoniodetoro/qwen/Qwen-Image-Edit-Angles-2/datos/MultiViewVisibleImagesHPE_Custom/00_17/to_00_16/Step_6_fake_00_16_from_00_17_1680262528938_rgb.png,OK,8.085139590643331,21.21212121212121,0.9900921484886033,crítico,18
1680262529240,/nas/antoniodetoro/qwen/Qwen-Image-Edit-Angles-2/datos/MultiViewVisibleImagesHPE_Custom/test/00_16/00_16_1680262529240_rgb.png,/nas/antoniodetoro/qwen/Qwen-Image-Edit-Angles-2/datos/MultiViewVisibleImagesHPE_Custom/00_17/to_00_16/Step_6_fake_00_16_from_00_17_1680262529240_rgb.png,OK,7.195162624738464,18.181818181818183,0.9964628458207292,crítico,16
1680262529541,/nas/antoniodetoro/qwen/Qwen-Image-Edit-Angles-2/datos/MultiViewVisibleImagesHPE_Custom/test/00_16/00_16_1680262529541_rgb.png,/nas/antoniodetoro/qwen/Qwen-Image-Edit-Angles-2/datos/MultiViewVisibleImagesHPE_Custom/00_17/to_00_16/Step_6_fake_00_16_from_00_17_1680262529541_rgb.png,OK,5.784549935776229,48.484848484848484,0.9954647235462145,crítico,18
1680262529842,/nas/antoniodetoro/qwen/Qwen-Image-Edit-Angles-2/datos/MultiViewVisibleImagesHPE_Custom/test/00_16/00_16_1680262529842_rgb.png,/nas/antoniodetoro/qwen/Qwen-Image-Edit-Angles-2/datos/MultiViewVisibleImagesHPE_Custom/00_17/to_00_16/Step_6_fake_00_16_from_00_17_1680262529842_rgb.png,OK,6.742777649389654,51.515151515151516,0.99258130715354,crítico,18
1680262530143,/nas/antoniodetoro/qwen/Qwen-Image-Edit-Angles-2/datos/MultiViewVisibleImagesHPE_Custom/test/00_16/00_16_1680262530143_rgb.png,/nas/antoniodetoro/qwen/Qwen-Image-Edit-Angles-2/datos/MultiViewVisibleImagesHPE_Custom/00_17/to_00_16/Step_6_fake_00_16_from_00_17_1680262530143_rgb.png,OK,4.987416360448192,45.45454545454545,0.9975273799174538,crítico,20
1680262530444,/nas/antoniodetoro/qwen/Qwen-Image-Edit-Angles-2/datos/MultiViewVisibleImagesHPE_Custom/test/00_16/00_16_1680262530444_rgb.png,/nas/antoniodetoro/qwen/Qwen-Image-Edit-Angles-2/datos/MultiViewVisibleImagesHPE_Custom/00_17/to_00_16/Step_6_fake_00_16_from_00_17_1680262530444_rgb.png,OK,4.153286661636729,63.63636363636363,0.9982963154560387,crítico,12
1680262530745,/nas/antoniodetoro/qwen/Qwen-Image-Edit-Angles-2/datos/MultiViewVisibleImagesHPE_Custom/test/00_16/00_16_1680262530745_rgb.png,/nas/antoniodetoro/qwen/Qwen-Image-Edit-Angles-2/datos/MultiViewVisibleImagesHPE_Custom/00_17/to_00_16/Step_6_fake_00_16_from_00_17_1680262530745_rgb.png,OK,4.3793474954731915,51.515151515151516,0.9982440477158873,crítico,14
1680262531046,/nas/antoniodetoro/qwen/Qwen-Image-Edit-Angles-2/datos/MultiViewVisibleImagesHPE_Custom/test/00_16/00_16_1680262531046_rgb.png,/nas/antoniodetoro/qwen/Qwen-Image-Edit-Angles-2/datos/MultiViewVisibleImagesHPE_Custom/00_17/to_00_16/Step_6_fake_00_16_from_00_17_1680262531046_rgb.png,OK,3.1345155484244387,96.96969696969697,0.9990566853737458,excelente,12
1680262531347,/nas/antoniodetoro/qwen/Qwen-Image-Edit-Angles-2/datos/MultiViewVisibleImagesHPE_Custom/test/00_16/00_16_1680262531347_rgb.png,/nas/antoniodetoro/qwen/Qwen-Image-Edit-Angles-2/datos/MultiViewVisibleImagesHPE_Custom/00_17/to_00_16/Step_6_fake_00_16_from_00_17_1680262531347_rgb.png,OK,3.575607062256657,90.9090909090909,0.9986365131606898,excelente,17
1680262531648,/nas/antoniodetoro/qwen/Qwen-Image-Edit-Angles-2/datos/MultiViewVisibleImagesHPE_Custom/test/00_16/00_16_1680262531648_rgb.png,/nas/antoniodetoro/qwen/Qwen-Image-Edit-Angles-2/datos/MultiViewVisibleImagesHPE_Custom/00_17/to_00_16/Step_6_fake_00_16_from_00_17_1680262531648_rgb.png,OK,3.460665875488827,93.93939393939394,0.9987482442462955,excelente,12
1680262531949,/nas/antoniodetoro/qwen/Qwen-Image-Edit-Angles-2/datos/MultiViewVisibleImagesHPE_Custom/test/00_16/00_16_1680262531949_rgb.png,/nas/antoniodetoro/qwen/Qwen-Image-Edit-Angles-2/datos/MultiViewVisibleImagesHPE_Custom/00_17/to_00_16/Step_6_fake_00_16_from_00_17_1680262531949_rgb.png,OK,4.703467234093174,51.515151515151516,0.9980501589370043,crítico,12
1680262532250,/nas/antoniodetoro/qwen/Qwen-Image-Edit-Angles-2/datos/MultiViewVisibleImagesHPE_Custom/test/00_16/00_16_1680262532250_rgb.png,/nas/antoniodetoro/qwen/Qwen-Image-Edit-Angles-2/datos/MultiViewVisibleImagesHPE_Custom/00_17/to_00_16/Step_6_fake_00_16_from_00_17_1680262532250_rgb.png,OK,4.428131893809213,57.57575757575758,0.998335120602745,crítico,14
1680262532551,/nas/antoniodetoro/qwen/Qwen-Image-Edit-Angles-2/datos/MultiViewVisibleImagesHPE_Custom/test/00_16/00_16_1680262532551_rgb.png,/nas/antoniodetoro/qwen/Qwen-Image-Edit-Angles-2/datos/MultiViewVisibleImagesHPE_Custom/00_17/to_00_16/Step_6_fake_00_16_from_00_17_1680262532551_rgb.png,OK,4.909877301580772,72.72727272727273,0.9975070666941425,aceptable,18
1680262532852,/nas/antoniodetoro/qwen/Qwen-Image-Edit-Angles-2/datos/MultiViewVisibleImagesHPE_Custom/test/00_16/00_16_1680262532852_rgb.png,/nas/antoniodetoro/qwen/Qwen-Image-Edit-Angles-2/datos/MultiViewVisibleImagesHPE_Custom/00_17/to_00_16/Step_6_fake_00_16_from_00_17_1680262532852_rgb.png,OK,6.855501830058566,60.60606060606061,0.9937643817099403,crítico,22
1680262533153,/nas/antoniodetoro/qwen/Qwen-Image-Edit-Angles-2/datos/MultiViewVisibleImagesHPE_Custom/test/00_16/00_16_1680262533153_rgb.png,/nas/antoniodetoro/qwen/Qwen-Image-Edit-Angles-2/datos/MultiViewVisibleImagesHPE_Custom/00_17/to_00_16/Step_6_fake_00_16_from_00_17_1680262533153_rgb.png,OK,5.092161719375972,51.515151515151516,0.9958840033505235,crítico,16
1680262533454,/nas/antoniodetoro/qwen/Qwen-Image-Edit-Angles-2/datos/MultiViewVisibleImagesHPE_Custom/test/00_16/00_16_1680262533454_rgb.png,/nas/antoniodetoro/qwen/Qwen-Image-Edit-Angles-2/datos/MultiViewVisibleImagesHPE_Custom/00_17/to_00_16/Step_6_fake_00_16_from_00_17_1680262533454_rgb.png,OK,7.540179701266511,54.54545454545454,0.9871279461066096,crítico,18
1680262533755,/nas/antoniodetoro/qwen/Qwen-Image-Edit-Angles-2/datos/MultiViewVisibleImagesHPE_Custom/test/00_16/00_16_1680262533755_rgb.png,/nas/antoniodetoro/qwen/Qwen-Image-Edit-Angles-2/datos/MultiViewVisibleImagesHPE_Custom/00_17/to_00_16/Step_6_fake_00_16_from_00_17_1680262533755_rgb.png,OK,8.151901035466155,18.181818181818183,0.9922176358283769,crítico,17
1680262534057,/nas/antoniodetoro/qwen/Qwen-Image-Edit-Angles-2/datos/MultiViewVisibleImagesHPE_Custom/test/00_16/00_16_1680262534057_rgb.png,/nas/antoniodetoro/qwen/Qwen-Image-Edit-Angles-2/datos/MultiViewVisibleImagesHPE_Custom/00_17/to_00_16/Step_6_fake_00_16_from_00_17_1680262534057_rgb.png,OK,8.932258603506586,12.121212121212121,0.9895443010779273,crítico,19
1680262534358,/nas/antoniodetoro/qwen/Qwen-Image-Edit-Angles-2/datos/MultiViewVisibleImagesHPE_Custom/test/00_16/00_16_1680262534358_rgb.png,/nas/antoniodetoro/qwen/Qwen-Image-Edit-Angles-2/datos/MultiViewVisibleImagesHPE_Custom/00_17/to_00_16/Step_6_fake_00_16_from_00_17_1680262534358_rgb.png,OK,19.61686720832389,0.0,0.9592042860122609,crítico,31
1680262534659,/nas/antoniodetoro/qwen/Qwen-Image-Edit-Angles-2/datos/MultiViewVisibleImagesHPE_Custom/test/00_16/00_16_1680262534659_rgb.png,/nas/antoniodetoro/qwen/Qwen-Image-Edit-Angles-2/datos/MultiViewVisibleImagesHPE_Custom/00_17/to_00_16/Step_6_fake_00_16_from_00_17_1680262534659_rgb.png,OK,5.418763872788032,54.54545454545454,0.995358946098632,crítico,14
1680262534960,/nas/antoniodetoro/qwen/Qwen-Image-Edit-Angles-2/datos/MultiViewVisibleImagesHPE_Custom/test/00_16/00_16_1680262534960_rgb.png,/nas/antoniodetoro/qwen/Qwen-Image-Edit-Angles-2/datos/MultiViewVisibleImagesHPE_Custom/00_17/to_00_16/Step_6_fake_00_16_from_00_17_1680262534960_rgb.png,OK,6.197477428537216,33.33333333333333,0.9975269839708982,crítico,14
1680262535260,/nas/antoniodetoro/qwen/Qwen-Image-Edit-Angles-2/datos/MultiViewVisibleImagesHPE_Custom/test/00_16/00_16_1680262535260_rgb.png,/nas/antoniodetoro/qwen/Qwen-Image-Edit-Angles-2/datos/MultiViewVisibleImagesHPE_Custom/00_17/to_00_16/Step_6_fake_00_16_from_00_17_1680262535260_rgb.png,OK,6.5292233747455315,72.72727272727273,0.9915139041669196,aceptable,18
1680262535561,/nas/antoniodetoro/qwen/Qwen-Image-Edit-Angles-2/datos/MultiViewVisibleImagesHPE_Custom/test/00_16/00_16_1680262535561_rgb.png,/nas/antoniodetoro/qwen/Qwen-Image-Edit-Angles-2/datos/MultiViewVisibleImagesHPE_Custom/00_17/to_00_16/Step_6_fake_00_16_from_00_17_1680262535561_rgb.png,OK,4.6623933250323155,45.45454545454545,0.9976245466265602,crítico,17
1680262535862,/nas/antoniodetoro/qwen/Qwen-Image-Edit-Angles-2/datos/MultiViewVisibleImagesHPE_Custom/test/00_16/00_16_1680262535862_rgb.png,/nas/antoniodetoro/qwen/Qwen-Image-Edit-Angles-2/datos/MultiViewVisibleImagesHPE_Custom/00_17/to_00_16/Step_6_fake_00_16_from_00_17_1680262535862_rgb.png,OK,4.242771185111133,78.78787878787878,0.9981477207047555,aceptable,12
1680262536163,/nas/antoniodetoro/qwen/Qwen-Image-Edit-Angles-2/datos/MultiViewVisibleImagesHPE_Custom/test/00_16/00_16_1680262536163_rgb.png,/nas/antoniodetoro/qwen/Qwen-Image-Edit-Angles-2/datos/MultiViewVisibleImagesHPE_Custom/00_17/to_00_16/Step_6_fake_00_16_from_00_17_1680262536163_rgb.png,OK,5.065441357639923,48.484848484848484,0.997429263998736,crítico,20
1680262536464,/nas/antoniodetoro/qwen/Qwen-Image-Edit-Angles-2/datos/MultiViewVisibleImagesHPE_Custom/test/00_16/00_16_1680262536464_rgb.png,/nas/antoniodetoro/qwen/Qwen-Image-Edit-Angles-2/datos/MultiViewVisibleImagesHPE_Custom/00_17/to_00_16/Step_6_fake_00_16_from_00_17_1680262536464_rgb.png,OK,3.7814854476565007,66.66666666666666,0.9984932786248712,crítico,12
1680262536765,/nas/antoniodetoro/qwen/Qwen-Image-Edit-Angles-2/datos/MultiViewVisibleImagesHPE_Custom/test/00_16/00_16_1680262536765_rgb.png,/nas/antoniodetoro/qwen/Qwen-Image-Edit-Angles-2/datos/MultiViewVisibleImagesHPE_Custom/00_17/to_00_16/Step_6_fake_00_16_from_00_17_1680262536765_rgb.png,OK,4.149520178701183,60.60606060606061,0.9981281917547811,crítico,31
1680262537066,/nas/antoniodetoro/qwen/Qwen-Image-Edit-Angles-2/datos/MultiViewVisibleImagesHPE_Custom/test/00_16/00_16_1680262537066_rgb.png,/nas/antoniodetoro/qwen/Qwen-Image-Edit-Angles-2/datos/MultiViewVisibleImagesHPE_Custom/00_17/to_00_16/Step_6_fake_00_16_from_00_17_1680262537066_rgb.png,OK,4.020529871405222,81.81818181818183,0.9985425641274115,aceptable,22
1680262537367,/nas/antoniodetoro/qwen/Qwen-Image-Edit-Angles-2/datos/MultiViewVisibleImagesHPE_Custom/test/00_16/00_16_1680262537367_rgb.png,/nas/antoniodetoro/qwen/Qwen-Image-Edit-Angles-2/datos/MultiViewVisibleImagesHPE_Custom/00_17/to_00_16/Step_6_fake_00_16_from_00_17_1680262537367_rgb.png,OK,4.665543194754053,69.6969696969697,0.9978636739442466,crítico,32
1680262537668,/nas/antoniodetoro/qwen/Qwen-Image-Edit-Angles-2/datos/MultiViewVisibleImagesHPE_Custom/test/00_16/00_16_1680262537668_rgb.png,/nas/antoniodetoro/qwen/Qwen-Image-Edit-Angles-2/datos/MultiViewVisibleImagesHPE_Custom/00_17/to_00_16/Step_6_fake_00_16_from_00_17_1680262537668_rgb.png,OK,3.252478910552812,96.96969696969697,0.9990249440401135,excelente,32
1680262537969,/nas/antoniodetoro/qwen/Qwen-Image-Edit-Angles-2/datos/MultiViewVisibleImagesHPE_Custom/test/00_16/00_16_1680262537969_rgb.png,/nas/antoniodetoro/qwen/Qwen-Image-Edit-Angles-2/datos/MultiViewVisibleImagesHPE_Custom/00_17/to_00_16/Step_6_fake_00_16_from_00_17_1680262537969_rgb.png,OK,2.8797994934100895,100.0,0.9991847169143084,excelente,10
1680262538270,/nas/antoniodetoro/qwen/Qwen-Image-Edit-Angles-2/datos/MultiViewVisibleImagesHPE_Custom/test/00_16/00_16_1680262538270_rgb.png,/nas/antoniodetoro/qwen/Qwen-Image-Edit-Angles-2/datos/MultiViewVisibleImagesHPE_Custom/00_17/to_00_16/Step_6_fake_00_16_from_00_17_1680262538270_rgb.png,OK,2.8166557959305965,100.0,0.9991303319184406,excelente,32
1680262538571,/nas/antoniodetoro/qwen/Qwen-Image-Edit-Angles-2/datos/MultiViewVisibleImagesHPE_Custom/test/00_16/00_16_1680262538571_rgb.png,/nas/antoniodetoro/qwen/Qwen-Image-Edit-Angles-2/datos/MultiViewVisibleImagesHPE_Custom/00_17/to_00_16/Step_6_fake_00_16_from_00_17_1680262538571_rgb.png,OK,3.282303812903649,90.9090909090909,0.9988740531846427,excelente,14
1680262538872,/nas/antoniodetoro/qwen/Qwen-Image-Edit-Angles-2/datos/MultiViewVisibleImagesHPE_Custom/test/00_16/00_16_1680262538872_rgb.png,/nas/antoniodetoro/qwen/Qwen-Image-Edit-Angles-2/datos/MultiViewVisibleImagesHPE_Custom/00_17/to_00_16/Step_6_fake_00_16_from_00_17_1680262538872_rgb.png,OK,5.450302632052703,81.81818181818183,0.9940827166930895,aceptable,20
1680262539173,/nas/antoniodetoro/qwen/Qwen-Image-Edit-Angles-2/datos/MultiViewVisibleImagesHPE_Custom/test/00_16/00_16_1680262539173_rgb.png,/nas/antoniodetoro/qwen/Qwen-Image-Edit-Angles-2/datos/MultiViewVisibleImagesHPE_Custom/00_17/to_00_16/Step_6_fake_00_16_from_00_17_1680262539173_rgb.png,OK,5.380875425747074,36.36363636363637,0.9965304536730091,crítico,17
1680262539474,/nas/antoniodetoro/qwen/Qwen-Image-Edit-Angles-2/datos/MultiViewVisibleImagesHPE_Custom/test/00_16/00_16_1680262539474_rgb.png,/nas/antoniodetoro/qwen/Qwen-Image-Edit-Angles-2/datos/MultiViewVisibleImagesHPE_Custom/00_17/to_00_16/Step_6_fake_00_16_from_00_17_1680262539474_rgb.png,OK,5.008616826749229,51.515151515151516,0.9978711641956788,crítico,18
1680262539776,/nas/antoniodetoro/qwen/Qwen-Image-Edit-Angles-2/datos/MultiViewVisibleImagesHPE_Custom/test/00_16/00_16_1680262539776_rgb.png,/nas/antoniodetoro/qwen/Qwen-Image-Edit-Angles-2/datos/MultiViewVisibleImagesHPE_Custom/00_17/to_00_16/Step_6_fake_00_16_from_00_17_1680262539776_rgb.png,OK,4.4538206796187305,57.57575757575758,0.9978593164124987,crítico,20
1680262540077,/nas/antoniodetoro/qwen/Qwen-Image-Edit-Angles-2/datos/MultiViewVisibleImagesHPE_Custom/test/00_16/00_16_1680262540077_rgb.png,/nas/antoniodetoro/qwen/Qwen-Image-Edit-Angles-2/datos/MultiViewVisibleImagesHPE_Custom/00_17/to_00_16/Step_6_fake_00_16_from_00_17_1680262540077_rgb.png,OK,4.383600923995814,78.78787878787878,0.9978067453292411,aceptable,18
1680262540378,/nas/antoniodetoro/qwen/Qwen-Image-Edit-Angles-2/datos/MultiViewVisibleImagesHPE_Custom/test/00_16/00_16_1680262540378_rgb.png,/nas/antoniodetoro/qwen/Qwen-Image-Edit-Angles-2/datos/MultiViewVisibleImagesHPE_Custom/00_17/to_00_16/Step_6_fake_00_16_from_00_17_1680262540378_rgb.png,OK,4.268831601981646,78.78787878787878,0.9972645378542503,aceptable,18
1680262540679,/nas/antoniodetoro/qwen/Qwen-Image-Edit-Angles-2/datos/MultiViewVisibleImagesHPE_Custom/test/00_16/00_16_1680262540679_rgb.png,/nas/antoniodetoro/qwen/Qwen-Image-Edit-Angles-2/datos/MultiViewVisibleImagesHPE_Custom/00_17/to_00_16/Step_6_fake_00_16_from_00_17_1680262540679_rgb.png,OK,3.8134865293520877,69.6969696969697,0.9985132481134937,crítico,12
1680262540980,/nas/antoniodetoro/qwen/Qwen-Image-Edit-Angles-2/datos/MultiViewVisibleImagesHPE_Custom/test/00_16/00_16_1680262540980_rgb.png,/nas/antoniodetoro/qwen/Qwen-Image-Edit-Angles-2/datos/MultiViewVisibleImagesHPE_Custom/00_17/to_00_16/Step_6_fake_00_16_from_00_17_1680262540980_rgb.png,OK,4.683462144109805,42.42424242424242,0.9979351578853015,crítico,0
1680262541281,/nas/antoniodetoro/qwen/Qwen-Image-Edit-Angles-2/datos/MultiViewVisibleImagesHPE_Custom/test/00_16/00_16_1680262541281_rgb.png,/nas/antoniodetoro/qwen/Qwen-Image-Edit-Angles-2/datos/MultiViewVisibleImagesHPE_Custom/00_17/to_00_16/Step_6_fake_00_16_from_00_17_1680262541281_rgb.png,OK,4.343369074624722,51.515151515151516,0.998475610591377,crítico,20
1680262738764,/nas/antoniodetoro/qwen/Qwen-Image-Edit-Angles-2/datos/MultiViewVisibleImagesHPE_Custom/test/00_16/00_16_1680262738764_rgb.png,/nas/antoniodetoro/qwen/Qwen-Image-Edit-Angles-2/datos/MultiViewVisibleImagesHPE_Custom/00_17/to_00_16/Step_6_fake_00_16_from_00_17_1680262738764_rgb.png,OK,6.59047951652305,39.39393939393939,0.9951372457731933,crítico,32
1680262739065,/nas/antoniodetoro/qwen/Qwen-Image-Edit-Angles-2/datos/MultiViewVisibleImagesHPE_Custom/test/00_16/00_16_1680262739065_rgb.png,/nas/antoniodetoro/qwen/Qwen-Image-Edit-Angles-2/datos/MultiViewVisibleImagesHPE_Custom/00_17/to_00_16/Step_6_fake_00_16_from_00_17_1680262739065_rgb.png,OK,4.5931562924280085,72.72727272727273,0.9977850938410535,aceptable,13
1680262739366,/nas/antoniodetoro/qwen/Qwen-Image-Edit-Angles-2/datos/MultiViewVisibleImagesHPE_Custom/test/00_16/00_16_1680262739366_rgb.png,/nas/antoniodetoro/qwen/Qwen-Image-Edit-Angles-2/datos/MultiViewVisibleImagesHPE_Custom/00_17/to_00_16/Step_6_fake_00_16_from_00_17_1680262739366_rgb.png,OK,5.716614109593419,51.515151515151516,0.9964174813163255,crítico,32
1680262739667,/nas/antoniodetoro/qwen/Qwen-Image-Edit-Angles-2/datos/MultiViewVisibleImagesHPE_Custom/test/00_16/00_16_1680262739667_rgb.png,/nas/antoniodetoro/qwen/Qwen-Image-Edit-Angles-2/datos/MultiViewVisibleImagesHPE_Custom/00_17/to_00_16/Step_6_fake_00_16_from_00_17_1680262739667_rgb.png,OK,5.728268120924343,48.484848484848484,0.9969820941442791,crítico,13
1680262739968,/nas/antoniodetoro/qwen/Qwen-Image-Edit-Angles-2/datos/MultiViewVisibleImagesHPE_Custom/test/00_16/00_16_1680262739968_rgb.png,/nas/antoniodetoro/qwen/Qwen-Image-Edit-Angles-2/datos/MultiViewVisibleImagesHPE_Custom/00_17/to_00_16/Step_6_fake_00_16_from_00_17_1680262739968_rgb.png,OK,4.048495638896556,78.78787878787878,0.9983423399955415,aceptable,13
1680262740270,/nas/antoniodetoro/qwen/Qwen-Image-Edit-Angles-2/datos/MultiViewVisibleImagesHPE_Custom/test/00_16/00_16_1680262740270_rgb.png,/nas/antoniodetoro/qwen/Qwen-Image-Edit-Angles-2/datos/MultiViewVisibleImagesHPE_Custom/00_17/to_00_16/Step_6_fake_00_16_from_00_17_1680262740270_rgb.png,OK,4.100864696082443,81.81818181818183,0.9986660908900712,aceptable,13
1680262740571,/nas/antoniodetoro/qwen/Qwen-Image-Edit-Angles-2/datos/MultiViewVisibleImagesHPE_Custom/test/00_16/00_16_1680262740571_rgb.png,/nas/antoniodetoro/qwen/Qwen-Image-Edit-Angles-2/datos/MultiViewVisibleImagesHPE_Custom/00_17/to_00_16/Step_6_fake_00_16_from_00_17_1680262740571_rgb.png,OK,2.740338142126668,84.84848484848484,0.9989773721608426,aceptable,11
1680262741173,/nas/antoniodetoro/qwen/Qwen-Image-Edit-Angles-2/datos/MultiViewVisibleImagesHPE_Custom/test/00_16/00_16_1680262741173_rgb.png,/nas/antoniodetoro/qwen/Qwen-Image-Edit-Angles-2/datos/MultiViewVisibleImagesHPE_Custom/00_17/to_00_16/Step_6_fake_00_16_from_00_17_1680262741173_rgb.png,OK,2.5915975759162664,100.0,0.9992950449429667,excelente,18
