timestamp,ruta_original,ruta_generada,status,mpjpe,pck5,cosine,calidad,worst_joint
1680259599214,/nas/antoniodetoro/qwen/Qwen-Image-Edit-Angles-2/datos/MultiViewVisibleImagesHPE_Custom/test/00_15/00_15_1680259599214_rgb.png,/nas/antoniodetoro/qwen/Qwen-Image-Edit-Angles-2/datos/MultiViewVisibleImagesHPE_Custom/00_17/to_00_15/Step_6_fake_00_15_from_00_17_1680259599214_rgb.png,OK,3.4366854221063043,75.75757575757575,0.998340160387596,aceptable,31.0
1680259599515,/nas/antoniodetoro/qwen/Qwen-Image-Edit-Angles-2/datos/MultiViewVisibleImagesHPE_Custom/test/00_15/00_15_1680259599515_rgb.png,/nas/antoniodetoro/qwen/Qwen-Image-Edit-Angles-2/datos/MultiViewVisibleImagesHPE_Custom/00_17/to_00_15/Step_6_fake_00_15_from_00_17_1680259599515_rgb.png,OK,4.5410648364867,45.45454545454545,0.9976258272254029,crítico,19.0
1680259599816,/nas/antoniodetoro/qwen/Qwen-Image-Edit-Angles-2/datos/MultiViewVisibleImagesHPE_Custom/test/00_15/00_15_1680259599816_rgb.png,/nas/antoniodetoro/qwen/Qwen-Image-Edit-Angles-2/datos/MultiViewVisibleImagesHPE_Custom/00_17/to_00_15/Step_6_fake_00_15_from_00_17_1680259599816_rgb.png,OK,3.5803157137861423,78.78787878787878,0.9987135499789301,aceptable,15.0
1680259600117,/nas/antoniodetoro/qwen/Qwen-Image-Edit-Angles-2/datos/MultiViewVisibleImagesHPE_Custom/test/00_15/00_15_1680259600117_rgb.png,/nas/antoniodetoro/qwen/Qwen-Image-Edit-Angles-2/datos/MultiViewVisibleImagesHPE_Custom/00_17/to_00_15/Step_6_fake_00_15_from_00_17_1680259600117_rgb.png,OK,3.3785698929231445,93.93939393939394,0.9988982006275102,excelente,11.0
1680259600418,/nas/antoniodetoro/qwen/Qwen-Image-Edit-Angles-2/datos/MultiViewVisibleImagesHPE_Custom/test/00_15/00_15_1680259600418_rgb.png,/nas/antoniodetoro/qwen/Qwen-Image-Edit-Angles-2/datos/MultiViewVisibleImagesHPE_Custom/00_17/to_00_15/Step_6_fake_00_15_from_00_17_1680259600418_rgb.png,OK,1.858618696518654,96.96969696969697,0.9995200079259648,excelente,31.0
1680259600719,/nas/antoniodetoro/qwen/Qwen-Image-Edit-Angles-2/datos/MultiViewVisibleImagesHPE_Custom/test/00_15/00_15_1680259600719_rgb.png,/nas/antoniodetoro/qwen/Qwen-Image-Edit-Angles-2/datos/MultiViewVisibleImagesHPE_Custom/00_17/to_00_15/Step_6_fake_00_15_from_00_17_1680259600719_rgb.png,OK,2.3065686409276167,100.0,0.9993998520375418,excelente,19.0
1680259601020,/nas/antoniodetoro/qwen/Qwen-Image-Edit-Angles-2/datos/MultiViewVisibleImagesHPE_Custom/test/00_15/00_15_1680259601020_rgb.png,/nas/antoniodetoro/qwen/Qwen-Image-Edit-Angles-2/datos/MultiViewVisibleImagesHPE_Custom/00_17/to_00_15/Step_6_fake_00_15_from_00_17_1680259601020_rgb.png,OK,2.212036116240714,100.0,0.9994686688004064,excelente,31.0
1680259601322,/nas/antoniodetoro/qwen/Qwen-Image-Edit-Angles-2/datos/MultiViewVisibleImagesHPE_Custom/test/00_15/00_15_1680259601322_rgb.png,/nas/antoniodetoro/qwen/Qwen-Image-Edit-Angles-2/datos/MultiViewVisibleImagesHPE_Custom/00_17/to_00_15/Step_6_fake_00_15_from_00_17_1680259601322_rgb.png,OK,2.93570970596495,100.0,0.9992903003474968,excelente,31.0
1680259601623,/nas/antoniodetoro/qwen/Qwen-Image-Edit-Angles-2/datos/MultiViewVisibleImagesHPE_Custom/test/00_15/00_15_1680259601623_rgb.png,/nas/antoniodetoro/qwen/Qwen-Image-Edit-Angles-2/datos/MultiViewVisibleImagesHPE_Custom/00_17/to_00_15/Step_6_fake_00_15_from_00_17_1680259601623_rgb.png,OK,2.8582438194671105,87.87878787878788,0.9990057380352318,aceptable,18.0
1680259601924,/nas/antoniodetoro/qwen/Qwen-Image-Edit-Angles-2/datos/MultiViewVisibleImagesHPE_Custom/test/00_15/00_15_1680259601924_rgb.png,/nas/antoniodetoro/qwen/Qwen-Image-Edit-Angles-2/datos/MultiViewVisibleImagesHPE_Custom/00_17/to_00_15/Step_6_fake_00_15_from_00_17_1680259601924_rgb.png,OK,9.861514734085022,3.0303030303030303,0.9925585845801672,crítico,20.0
1680259602225,/nas/antoniodetoro/qwen/Qwen-Image-Edit-Angles-2/datos/MultiViewVisibleImagesHPE_Custom/test/00_15/00_15_1680259602225_rgb.png,/nas/antoniodetoro/qwen/Qwen-Image-Edit-Angles-2/datos/MultiViewVisibleImagesHPE_Custom/00_17/to_00_15/Step_6_fake_00_15_from_00_17_1680259602225_rgb.png,OK,10.083831229178648,3.0303030303030303,0.9928956758058586,crítico,18.0
1680259602526,/nas/antoniodetoro/qwen/Qwen-Image-Edit-Angles-2/datos/MultiViewVisibleImagesHPE_Custom/test/00_15/00_15_1680259602526_rgb.png,/nas/antoniodetoro/qwen/Qwen-Image-Edit-Angles-2/datos/MultiViewVisibleImagesHPE_Custom/00_17/to_00_15/Step_6_fake_00_15_from_00_17_1680259602526_rgb.png,OK,15.577676527343593,0.0,0.9641460954751302,crítico,19.0
1680259602827,/nas/antoniodetoro/qwen/Qwen-Image-Edit-Angles-2/datos/MultiViewVisibleImagesHPE_Custom/test/00_15/00_15_1680259602827_rgb.png,/nas/antoniodetoro/qwen/Qwen-Image-Edit-Angles-2/datos/MultiViewVisibleImagesHPE_Custom/00_17/to_00_15/Step_6_fake_00_15_from_00_17_1680259602827_rgb.png,OK,11.20722097657913,3.0303030303030303,0.9893832947447055,crítico,20.0
1680259603128,/nas/antoniodetoro/qwen/Qwen-Image-Edit-Angles-2/datos/MultiViewVisibleImagesHPE_Custom/test/00_15/00_15_1680259603128_rgb.png,/nas/antoniodetoro/qwen/Qwen-Image-Edit-Angles-2/datos/MultiViewVisibleImagesHPE_Custom/00_17/to_00_15/Step_6_fake_00_15_from_00_17_1680259603128_rgb.png,OK,5.303440756940061,57.57575757575758,0.9964597678307552,crítico,18.0
1680259603429,/nas/antoniodetoro/qwen/Qwen-Image-Edit-Angles-2/datos/MultiViewVisibleImagesHPE_Custom/test/00_15/00_15_1680259603429_rgb.png,/nas/antoniodetoro/qwen/Qwen-Image-Edit-Angles-2/datos/MultiViewVisibleImagesHPE_Custom/00_17/to_00_15/Step_6_fake_00_15_from_00_17_1680259603429_rgb.png,OK,2.6158590837060367,100.0,0.9992648986422908,excelente,31.0
1680259603730,/nas/antoniodetoro/qwen/Qwen-Image-Edit-Angles-2/datos/MultiViewVisibleImagesHPE_Custom/test/00_15/00_15_1680259603730_rgb.png,/nas/antoniodetoro/qwen/Qwen-Image-Edit-Angles-2/datos/MultiViewVisibleImagesHPE_Custom/00_17/to_00_15/Step_6_fake_00_15_from_00_17_1680259603730_rgb.png,OK,2.5305835238799097,100.0,0.9995173055723474,excelente,0.0
1680259604031,/nas/antoniodetoro/qwen/Qwen-Image-Edit-Angles-2/datos/MultiViewVisibleImagesHPE_Custom/test/00_15/00_15_1680259604031_rgb.png,/nas/antoniodetoro/qwen/Qwen-Image-Edit-Angles-2/datos/MultiViewVisibleImagesHPE_Custom/00_17/to_00_15/Step_6_fake_00_15_from_00_17_1680259604031_rgb.png,OK,2.745179574086951,96.96969696969697,0.9993796535998681,excelente,31.0
1680259604332,/nas/antoniodetoro/qwen/Qwen-Image-Edit-Angles-2/datos/MultiViewVisibleImagesHPE_Custom/test/00_15/00_15_1680259604332_rgb.png,/nas/antoniodetoro/qwen/Qwen-Image-Edit-Angles-2/datos/MultiViewVisibleImagesHPE_Custom/00_17/to_00_15/Step_6_fake_00_15_from_00_17_1680259604332_rgb.png,OK,2.1423370482330895,100.0,0.9995792115342829,excelente,29.0
1680259604634,/nas/antoniodetoro/qwen/Qwen-Image-Edit-Angles-2/datos/MultiViewVisibleImagesHPE_Custom/test/00_15/00_15_1680259604634_rgb.png,/nas/antoniodetoro/qwen/Qwen-Image-Edit-Angles-2/datos/MultiViewVisibleImagesHPE_Custom/00_17/to_00_15/Step_6_fake_00_15_from_00_17_1680259604634_rgb.png,OK,2.9381106808139745,96.96969696969697,0.9991358773790928,excelente,11.0
1680259604935,/nas/antoniodetoro/qwen/Qwen-Image-Edit-Angles-2/datos/MultiViewVisibleImagesHPE_Custom/test/00_15/00_15_1680259604935_rgb.png,/nas/antoniodetoro/qwen/Qwen-Image-Edit-Angles-2/datos/MultiViewVisibleImagesHPE_Custom/00_17/to_00_15/Step_6_fake_00_15_from_00_17_1680259604935_rgb.png,OK,1.8566729996976226,100.0,0.9996331960232735,excelente,31.0
1680259605236,/nas/antoniodetoro/qwen/Qwen-Image-Edit-Angles-2/datos/MultiViewVisibleImagesHPE_Custom/test/00_15/00_15_1680259605236_rgb.png,/nas/antoniodetoro/qwen/Qwen-Image-Edit-Angles-2/datos/MultiViewVisibleImagesHPE_Custom/00_17/to_00_15/Step_6_fake_00_15_from_00_17_1680259605236_rgb.png,OK,5.43635861165161,39.39393939393939,0.9964422322396829,crítico,18.0
1680259605537,/nas/antoniodetoro/qwen/Qwen-Image-Edit-Angles-2/datos/MultiViewVisibleImagesHPE_Custom/test/00_15/00_15_1680259605537_rgb.png,/nas/antoniodetoro/qwen/Qwen-Image-Edit-Angles-2/datos/MultiViewVisibleImagesHPE_Custom/00_17/to_00_15/Step_6_fake_00_15_from_00_17_1680259605537_rgb.png,OK,13.422911602280953,0.0,0.9851221011853712,crítico,19.0
1680259605838,/nas/antoniodetoro/qwen/Qwen-Image-Edit-Angles-2/datos/MultiViewVisibleImagesHPE_Custom/test/00_15/00_15_1680259605838_rgb.png,/nas/antoniodetoro/qwen/Qwen-Image-Edit-Angles-2/datos/MultiViewVisibleImagesHPE_Custom/00_17/to_00_15/Step_6_fake_00_15_from_00_17_1680259605838_rgb.png,OK,12.771943238890216,0.0,0.988153408492225,crítico,20.0
1680259606139,/nas/antoniodetoro/qwen/Qwen-Image-Edit-Angles-2/datos/MultiViewVisibleImagesHPE_Custom/test/00_15/00_15_1680259606139_rgb.png,/nas/antoniodetoro/qwen/Qwen-Image-Edit-Angles-2/datos/MultiViewVisibleImagesHPE_Custom/00_17/to_00_15/Step_6_fake_00_15_from_00_17_1680259606139_rgb.png,OK,12.55483456618225,3.0303030303030303,0.97552782221739,crítico,17.0
1680259606440,/nas/antoniodetoro/qwen/Qwen-Image-Edit-Angles-2/datos/MultiViewVisibleImagesHPE_Custom/test/00_15/00_15_1680259606440_rgb.png,/nas/antoniodetoro/qwen/Qwen-Image-Edit-Angles-2/datos/MultiViewVisibleImagesHPE_Custom/00_17/to_00_15/Step_6_fake_00_15_from_00_17_1680259606440_rgb.png,OK,12.37336730153457,3.0303030303030303,0.9843395661726854,crítico,15.0
1680259606741,/nas/antoniodetoro/qwen/Qwen-Image-Edit-Angles-2/datos/MultiViewVisibleImagesHPE_Custom/test/00_15/00_15_1680259606741_rgb.png,/nas/antoniodetoro/qwen/Qwen-Image-Edit-Angles-2/datos/MultiViewVisibleImagesHPE_Custom/00_17/to_00_15/Step_6_fake_00_15_from_00_17_1680259606741_rgb.png,OK,8.362292379616923,12.121212121212121,0.9924023448267972,crítico,18.0
1680259607042,/nas/antoniodetoro/qwen/Qwen-Image-Edit-Angles-2/datos/MultiViewVisibleImagesHPE_Custom/test/00_15/00_15_1680259607042_rgb.png,/nas/antoniodetoro/qwen/Qwen-Image-Edit-Angles-2/datos/MultiViewVisibleImagesHPE_Custom/00_17/to_00_15/Step_6_fake_00_15_from_00_17_1680259607042_rgb.png,OK,3.306099502209509,93.93939393939394,0.9987918419507424,excelente,21.0
1680259607344,/nas/antoniodetoro/qwen/Qwen-Image-Edit-Angles-2/datos/MultiViewVisibleImagesHPE_Custom/test/00_15/00_15_1680259607344_rgb.png,/nas/antoniodetoro/qwen/Qwen-Image-Edit-Angles-2/datos/MultiViewVisibleImagesHPE_Custom/00_17/to_00_15/Step_6_fake_00_15_from_00_17_1680259607344_rgb.png,OK,3.020187901551309,96.96969696969697,0.9990454485528361,excelente,31.0
1680259607645,/nas/antoniodetoro/qwen/Qwen-Image-Edit-Angles-2/datos/MultiViewVisibleImagesHPE_Custom/test/00_15/00_15_1680259607645_rgb.png,/nas/antoniodetoro/qwen/Qwen-Image-Edit-Angles-2/datos/MultiViewVisibleImagesHPE_Custom/00_17/to_00_15/Step_6_fake_00_15_from_00_17_1680259607645_rgb.png,OK,2.467919345304816,100.0,0.9993947261235238,excelente,31.0
1680259607946,/nas/antoniodetoro/qwen/Qwen-Image-Edit-Angles-2/datos/MultiViewVisibleImagesHPE_Custom/test/00_15/00_15_1680259607946_rgb.png,/nas/antoniodetoro/qwen/Qwen-Image-Edit-Angles-2/datos/MultiViewVisibleImagesHPE_Custom/00_17/to_00_15/Step_6_fake_00_15_from_00_17_1680259607946_rgb.png,OK,2.4621631079336206,96.96969696969697,0.9993128092068597,excelente,31.0
1680259608247,/nas/antoniodetoro/qwen/Qwen-Image-Edit-Angles-2/datos/MultiViewVisibleImagesHPE_Custom/test/00_15/00_15_1680259608247_rgb.png,/nas/antoniodetoro/qwen/Qwen-Image-Edit-Angles-2/datos/MultiViewVisibleImagesHPE_Custom/00_17/to_00_15/Step_6_fake_00_15_from_00_17_1680259608247_rgb.png,OK,2.4703718396596073,100.0,0.9995559301538388,excelente,31.0
1680259608548,/nas/antoniodetoro/qwen/Qwen-Image-Edit-Angles-2/datos/MultiViewVisibleImagesHPE_Custom/test/00_15/00_15_1680259608548_rgb.png,/nas/antoniodetoro/qwen/Qwen-Image-Edit-Angles-2/datos/MultiViewVisibleImagesHPE_Custom/00_17/to_00_15/Step_6_fake_00_15_from_00_17_1680259608548_rgb.png,OK,2.6005799958182014,100.0,0.9992775248577169,excelente,31.0
1680259608849,/nas/antoniodetoro/qwen/Qwen-Image-Edit-Angles-2/datos/MultiViewVisibleImagesHPE_Custom/test/00_15/00_15_1680259608849_rgb.png,/nas/antoniodetoro/qwen/Qwen-Image-Edit-Angles-2/datos/MultiViewVisibleImagesHPE_Custom/00_17/to_00_15/Step_6_fake_00_15_from_00_17_1680259608849_rgb.png,OK,2.641297510758772,96.96969696969697,0.9992294997910808,excelente,31.0
1680259609150,/nas/antoniodetoro/qwen/Qwen-Image-Edit-Angles-2/datos/MultiViewVisibleImagesHPE_Custom/test/00_15/00_15_1680259609150_rgb.png,/nas/antoniodetoro/qwen/Qwen-Image-Edit-Angles-2/datos/MultiViewVisibleImagesHPE_Custom/00_17/to_00_15/Step_6_fake_00_15_from_00_17_1680259609150_rgb.png,OK,1.7357709118193188,100.0,0.9997209915000216,excelente,31.0
1680259609451,/nas/antoniodetoro/qwen/Qwen-Image-Edit-Angles-2/datos/MultiViewVisibleImagesHPE_Custom/test/00_15/00_15_1680259609451_rgb.png,/nas/antoniodetoro/qwen/Qwen-Image-Edit-Angles-2/datos/MultiViewVisibleImagesHPE_Custom/00_17/to_00_15/Step_6_fake_00_15_from_00_17_1680259609451_rgb.png,OK,3.2797705201142606,93.93939393939394,0.9994732485921182,excelente,11.0
1680259609752,/nas/antoniodetoro/qwen/Qwen-Image-Edit-Angles-2/datos/MultiViewVisibleImagesHPE_Custom/test/00_15/00_15_1680259609752_rgb.png,/nas/antoniodetoro/qwen/Qwen-Image-Edit-Angles-2/datos/MultiViewVisibleImagesHPE_Custom/00_17/to_00_15/Step_6_fake_00_15_from_00_17_1680259609752_rgb.png,OK,6.961911198245419,84.84848484848484,0.9812888972001642,aceptable,19.0
1680259610053,/nas/antoniodetoro/qwen/Qwen-Image-Edit-Angles-2/datos/MultiViewVisibleImagesHPE_Custom/test/00_15/00_15_1680259610053_rgb.png,/nas/antoniodetoro/qwen/Qwen-Image-Edit-Angles-2/datos/MultiViewVisibleImagesHPE_Custom/00_17/to_00_15/Step_6_fake_00_15_from_00_17_1680259610053_rgb.png,OK,10.199022211258571,30.303030303030305,0.9750680411945567,crítico,17.0
1680259610354,/nas/antoniodetoro/qwen/Qwen-Image-Edit-Angles-2/datos/MultiViewVisibleImagesHPE_Custom/test/00_15/00_15_1680259610354_rgb.png,/nas/antoniodetoro/qwen/Qwen-Image-Edit-Angles-2/datos/MultiViewVisibleImagesHPE_Custom/00_17/to_00_15/Step_6_fake_00_15_from_00_17_1680259610354_rgb.png,OK,3.0890700315531467,93.93939393939394,0.9991640904991761,excelente,11.0
1680259610655,/nas/antoniodetoro/qwen/Qwen-Image-Edit-Angles-2/datos/MultiViewVisibleImagesHPE_Custom/test/00_15/00_15_1680259610655_rgb.png,/nas/antoniodetoro/qwen/Qwen-Image-Edit-Angles-2/datos/MultiViewVisibleImagesHPE_Custom/00_17/to_00_15/Step_6_fake_00_15_from_00_17_1680259610655_rgb.png,OK,3.818289423107773,81.81818181818183,0.9991282233465633,aceptable,11.0
1680259610956,/nas/antoniodetoro/qwen/Qwen-Image-Edit-Angles-2/datos/MultiViewVisibleImagesHPE_Custom/test/00_15/00_15_1680259610956_rgb.png,/nas/antoniodetoro/qwen/Qwen-Image-Edit-Angles-2/datos/MultiViewVisibleImagesHPE_Custom/00_17/to_00_15/Step_6_fake_00_15_from_00_17_1680259610956_rgb.png,OK,6.198965660869933,72.72727272727273,0.9882567506327697,aceptable,17.0
1680259611257,/nas/antoniodetoro/qwen/Qwen-Image-Edit-Angles-2/datos/MultiViewVisibleImagesHPE_Custom/test/00_15/00_15_1680259611257_rgb.png,/nas/antoniodetoro/qwen/Qwen-Image-Edit-Angles-2/datos/MultiViewVisibleImagesHPE_Custom/00_17/to_00_15/Step_6_fake_00_15_from_00_17_1680259611257_rgb.png,OK,2.346084065676954,100.0,0.9994645436502496,excelente,0.0
1680259611558,/nas/antoniodetoro/qwen/Qwen-Image-Edit-Angles-2/datos/MultiViewVisibleImagesHPE_Custom/test/00_15/00_15_1680259611558_rgb.png,/nas/antoniodetoro/qwen/Qwen-Image-Edit-Angles-2/datos/MultiViewVisibleImagesHPE_Custom/00_17/to_00_15/Step_6_fake_00_15_from_00_17_1680259611558_rgb.png,OK,2.211584309025806,100.0,0.9994665076415005,excelente,31.0
1680259611859,/nas/antoniodetoro/qwen/Qwen-Image-Edit-Angles-2/datos/MultiViewVisibleImagesHPE_Custom/test/00_15/00_15_1680259611859_rgb.png,/nas/antoniodetoro/qwen/Qwen-Image-Edit-Angles-2/datos/MultiViewVisibleImagesHPE_Custom/00_17/to_00_15/Step_6_fake_00_15_from_00_17_1680259611859_rgb.png,OK,2.4462012433436127,96.96969696969697,0.9994078256538266,excelente,31.0
1680259612160,/nas/antoniodetoro/qwen/Qwen-Image-Edit-Angles-2/datos/MultiViewVisibleImagesHPE_Custom/test/00_15/00_15_1680259612160_rgb.png,/nas/antoniodetoro/qwen/Qwen-Image-Edit-Angles-2/datos/MultiViewVisibleImagesHPE_Custom/00_17/to_00_15/Step_6_fake_00_15_from_00_17_1680259612160_rgb.png,OK,2.6851044709168748,90.9090909090909,0.9992245139336914,excelente,19.0
1680259612460,/nas/antoniodetoro/qwen/Qwen-Image-Edit-Angles-2/datos/MultiViewVisibleImagesHPE_Custom/test/00_15/00_15_1680259612460_rgb.png,/nas/antoniodetoro/qwen/Qwen-Image-Edit-Angles-2/datos/MultiViewVisibleImagesHPE_Custom/00_17/to_00_15/Step_6_fake_00_15_from_00_17_1680259612460_rgb.png,OK,2.275742200441828,100.0,0.9995095925280285,excelente,17.0
1680259612761,/nas/antoniodetoro/qwen/Qwen-Image-Edit-Angles-2/datos/MultiViewVisibleImagesHPE_Custom/test/00_15/00_15_1680259612761_rgb.png,/nas/antoniodetoro/qwen/Qwen-Image-Edit-Angles-2/datos/MultiViewVisibleImagesHPE_Custom/00_17/to_00_15/Step_6_fake_00_15_from_00_17_1680259612761_rgb.png,OK,4.255011480604213,75.75757575757575,0.9951293250401052,aceptable,17.0
1680259613063,/nas/antoniodetoro/qwen/Qwen-Image-Edit-Angles-2/datos/MultiViewVisibleImagesHPE_Custom/test/00_15/00_15_1680259613063_rgb.png,/nas/antoniodetoro/qwen/Qwen-Image-Edit-Angles-2/datos/MultiViewVisibleImagesHPE_Custom/00_17/to_00_15/Step_6_fake_00_15_from_00_17_1680259613063_rgb.png,OK,8.475681504232528,69.6969696969697,0.9740847596282995,crítico,17.0
1680259613364,/nas/antoniodetoro/qwen/Qwen-Image-Edit-Angles-2/datos/MultiViewVisibleImagesHPE_Custom/test/00_15/00_15_1680259613364_rgb.png,/nas/antoniodetoro/qwen/Qwen-Image-Edit-Angles-2/datos/MultiViewVisibleImagesHPE_Custom/00_17/to_00_15/Step_6_fake_00_15_from_00_17_1680259613364_rgb.png,OK,11.312714948190944,27.27272727272727,0.9686851865686696,crítico,17.0
1680259613665,/nas/antoniodetoro/qwen/Qwen-Image-Edit-Angles-2/datos/MultiViewVisibleImagesHPE_Custom/test/00_15/00_15_1680259613665_rgb.png,/nas/antoniodetoro/qwen/Qwen-Image-Edit-Angles-2/datos/MultiViewVisibleImagesHPE_Custom/00_17/to_00_15/Step_6_fake_00_15_from_00_17_1680259613665_rgb.png,OK,10.043245508309596,45.45454545454545,0.9689070976568204,crítico,17.0
1680259613966,/nas/antoniodetoro/qwen/Qwen-Image-Edit-Angles-2/datos/MultiViewVisibleImagesHPE_Custom/test/00_15/00_15_1680259613966_rgb.png,/nas/antoniodetoro/qwen/Qwen-Image-Edit-Angles-2/datos/MultiViewVisibleImagesHPE_Custom/00_17/to_00_15/Step_6_fake_00_15_from_00_17_1680259613966_rgb.png,OK,6.975771737541455,84.84848484848484,0.9788436734152028,aceptable,17.0
1680259614267,/nas/antoniodetoro/qwen/Qwen-Image-Edit-Angles-2/datos/MultiViewVisibleImagesHPE_Custom/test/00_15/00_15_1680259614267_rgb.png,/nas/antoniodetoro/qwen/Qwen-Image-Edit-Angles-2/datos/MultiViewVisibleImagesHPE_Custom/00_17/to_00_15/Step_6_fake_00_15_from_00_17_1680259614267_rgb.png,OK,5.076015562765107,72.72727272727273,0.994165894212699,aceptable,17.0
1680259614568,/nas/antoniodetoro/qwen/Qwen-Image-Edit-Angles-2/datos/MultiViewVisibleImagesHPE_Custom/test/00_15/00_15_1680259614568_rgb.png,/nas/antoniodetoro/qwen/Qwen-Image-Edit-Angles-2/datos/MultiViewVisibleImagesHPE_Custom/00_17/to_00_15/Step_6_fake_00_15_from_00_17_1680259614568_rgb.png,OK,2.3947156205136237,100.0,0.9993926635795158,excelente,3.0
1680259614869,/nas/antoniodetoro/qwen/Qwen-Image-Edit-Angles-2/datos/MultiViewVisibleImagesHPE_Custom/test/00_15/00_15_1680259614869_rgb.png,/nas/antoniodetoro/qwen/Qwen-Image-Edit-Angles-2/datos/MultiViewVisibleImagesHPE_Custom/00_17/to_00_15/Step_6_fake_00_15_from_00_17_1680259614869_rgb.png,OK,1.9923364107161752,100.0,0.9996328453979073,excelente,31.0
1680259615170,/nas/antoniodetoro/qwen/Qwen-Image-Edit-Angles-2/datos/MultiViewVisibleImagesHPE_Custom/test/00_15/00_15_1680259615170_rgb.png,/nas/antoniodetoro/qwen/Qwen-Image-Edit-Angles-2/datos/MultiViewVisibleImagesHPE_Custom/00_17/to_00_15/Step_6_fake_00_15_from_00_17_1680259615170_rgb.png,OK,2.373394028948432,100.0,0.999628107180051,excelente,31.0
1680259615471,/nas/antoniodetoro/qwen/Qwen-Image-Edit-Angles-2/datos/MultiViewVisibleImagesHPE_Custom/test/00_15/00_15_1680259615471_rgb.png,/nas/antoniodetoro/qwen/Qwen-Image-Edit-Angles-2/datos/MultiViewVisibleImagesHPE_Custom/00_17/to_00_15/Step_6_fake_00_15_from_00_17_1680259615471_rgb.png,OK,2.0575072226037183,100.0,0.9995545981217907,excelente,0.0
1680259615772,/nas/antoniodetoro/qwen/Qwen-Image-Edit-Angles-2/datos/MultiViewVisibleImagesHPE_Custom/test/00_15/00_15_1680259615772_rgb.png,/nas/antoniodetoro/qwen/Qwen-Image-Edit-Angles-2/datos/MultiViewVisibleImagesHPE_Custom/00_17/to_00_15/Step_6_fake_00_15_from_00_17_1680259615772_rgb.png,OK,3.4044393744307313,90.9090909090909,0.9990180376700895,excelente,31.0
1680259616073,/nas/antoniodetoro/qwen/Qwen-Image-Edit-Angles-2/datos/MultiViewVisibleImagesHPE_Custom/test/00_15/00_15_1680259616073_rgb.png,/nas/antoniodetoro/qwen/Qwen-Image-Edit-Angles-2/datos/MultiViewVisibleImagesHPE_Custom/00_17/to_00_15/Step_6_fake_00_15_from_00_17_1680259616073_rgb.png,OK,7.435634290016608,60.60606060606061,0.9902758872417841,crítico,17.0
1680259616374,/nas/antoniodetoro/qwen/Qwen-Image-Edit-Angles-2/datos/MultiViewVisibleImagesHPE_Custom/test/00_15/00_15_1680259616374_rgb.png,/nas/antoniodetoro/qwen/Qwen-Image-Edit-Angles-2/datos/MultiViewVisibleImagesHPE_Custom/00_17/to_00_15/Step_6_fake_00_15_from_00_17_1680259616374_rgb.png,OK,14.1393882747137,0.0,0.9854388190366316,crítico,18.0
1680259616675,/nas/antoniodetoro/qwen/Qwen-Image-Edit-Angles-2/datos/MultiViewVisibleImagesHPE_Custom/test/00_15/00_15_1680259616675_rgb.png,/nas/antoniodetoro/qwen/Qwen-Image-Edit-Angles-2/datos/MultiViewVisibleImagesHPE_Custom/00_17/to_00_15/Step_6_fake_00_15_from_00_17_1680259616675_rgb.png,OK,12.676555878443715,0.0,0.986573307492731,crítico,20.0
1680259616976,/nas/antoniodetoro/qwen/Qwen-Image-Edit-Angles-2/datos/MultiViewVisibleImagesHPE_Custom/test/00_15/00_15_1680259616976_rgb.png,/nas/antoniodetoro/qwen/Qwen-Image-Edit-Angles-2/datos/MultiViewVisibleImagesHPE_Custom/00_17/to_00_15/Step_6_fake_00_15_from_00_17_1680259616976_rgb.png,OK,16.456662553754995,0.0,0.9647961079927649,crítico,17.0
1680259617277,/nas/antoniodetoro/qwen/Qwen-Image-Edit-Angles-2/datos/MultiViewVisibleImagesHPE_Custom/test/00_15/00_15_1680259617277_rgb.png,/nas/antoniodetoro/qwen/Qwen-Image-Edit-Angles-2/datos/MultiViewVisibleImagesHPE_Custom/00_17/to_00_15/Step_6_fake_00_15_from_00_17_1680259617277_rgb.png,OK,11.628439000903255,0.0,0.9908039131262011,crítico,20.0
1680259617578,/nas/antoniodetoro/qwen/Qwen-Image-Edit-Angles-2/datos/MultiViewVisibleImagesHPE_Custom/test/00_15/00_15_1680259617578_rgb.png,/nas/antoniodetoro/qwen/Qwen-Image-Edit-Angles-2/datos/MultiViewVisibleImagesHPE_Custom/00_17/to_00_15/Step_6_fake_00_15_from_00_17_1680259617578_rgb.png,OK,14.100678772163615,0.0,0.9765861076819391,crítico,17.0
1680259617879,/nas/antoniodetoro/qwen/Qwen-Image-Edit-Angles-2/datos/MultiViewVisibleImagesHPE_Custom/test/00_15/00_15_1680259617879_rgb.png,/nas/antoniodetoro/qwen/Qwen-Image-Edit-Angles-2/datos/MultiViewVisibleImagesHPE_Custom/00_17/to_00_15/Step_6_fake_00_15_from_00_17_1680259617879_rgb.png,OK,5.933214867843522,69.6969696969697,0.9951963967304565,crítico,19.0
1680259618181,/nas/antoniodetoro/qwen/Qwen-Image-Edit-Angles-2/datos/MultiViewVisibleImagesHPE_Custom/test/00_15/00_15_1680259618181_rgb.png,/nas/antoniodetoro/qwen/Qwen-Image-Edit-Angles-2/datos/MultiViewVisibleImagesHPE_Custom/00_17/to_00_15/Step_6_fake_00_15_from_00_17_1680259618181_rgb.png,OK,3.004474203923225,100.0,0.999240913987428,excelente,13.0
1680259618482,/nas/antoniodetoro/qwen/Qwen-Image-Edit-Angles-2/datos/MultiViewVisibleImagesHPE_Custom/test/00_15/00_15_1680259618482_rgb.png,/nas/antoniodetoro/qwen/Qwen-Image-Edit-Angles-2/datos/MultiViewVisibleImagesHPE_Custom/00_17/to_00_15/Step_6_fake_00_15_from_00_17_1680259618482_rgb.png,OK,2.769230802247224,100.0,0.9994006803183235,excelente,31.0
1680259618783,/nas/antoniodetoro/qwen/Qwen-Image-Edit-Angles-2/datos/MultiViewVisibleImagesHPE_Custom/test/00_15/00_15_1680259618783_rgb.png,/nas/antoniodetoro/qwen/Qwen-Image-Edit-Angles-2/datos/MultiViewVisibleImagesHPE_Custom/00_17/to_00_15/Step_6_fake_00_15_from_00_17_1680259618783_rgb.png,OK,2.62769561113172,100.0,0.9993742951888843,excelente,19.0
1680259619084,/nas/antoniodetoro/qwen/Qwen-Image-Edit-Angles-2/datos/MultiViewVisibleImagesHPE_Custom/test/00_15/00_15_1680259619084_rgb.png,/nas/antoniodetoro/qwen/Qwen-Image-Edit-Angles-2/datos/MultiViewVisibleImagesHPE_Custom/00_17/to_00_15/Step_6_fake_00_15_from_00_17_1680259619084_rgb.png,OK,2.5039757651698764,100.0,0.9994461712168896,excelente,19.0
1680259619385,/nas/antoniodetoro/qwen/Qwen-Image-Edit-Angles-2/datos/MultiViewVisibleImagesHPE_Custom/test/00_15/00_15_1680259619385_rgb.png,/nas/antoniodetoro/qwen/Qwen-Image-Edit-Angles-2/datos/MultiViewVisibleImagesHPE_Custom/00_17/to_00_15/Step_6_fake_00_15_from_00_17_1680259619385_rgb.png,OK,2.8237050277392726,100.0,0.9991280511371448,excelente,3.0
1680259619686,/nas/antoniodetoro/qwen/Qwen-Image-Edit-Angles-2/datos/MultiViewVisibleImagesHPE_Custom/test/00_15/00_15_1680259619686_rgb.png,/nas/antoniodetoro/qwen/Qwen-Image-Edit-Angles-2/datos/MultiViewVisibleImagesHPE_Custom/00_17/to_00_15/Step_6_fake_00_15_from_00_17_1680259619686_rgb.png,OK,11.609317459160824,3.0303030303030303,0.9873463586924768,crítico,18.0
1680259619987,/nas/antoniodetoro/qwen/Qwen-Image-Edit-Angles-2/datos/MultiViewVisibleImagesHPE_Custom/test/00_15/00_15_1680259619987_rgb.png,/nas/antoniodetoro/qwen/Qwen-Image-Edit-Angles-2/datos/MultiViewVisibleImagesHPE_Custom/00_17/to_00_15/Step_6_fake_00_15_from_00_17_1680259619987_rgb.png,OK,15.095684748585192,3.0303030303030303,0.9822787626324787,crítico,20.0
1680259620288,/nas/antoniodetoro/qwen/Qwen-Image-Edit-Angles-2/datos/MultiViewVisibleImagesHPE_Custom/test/00_15/00_15_1680259620288_rgb.png,/nas/antoniodetoro/qwen/Qwen-Image-Edit-Angles-2/datos/MultiViewVisibleImagesHPE_Custom/00_17/to_00_15/Step_6_fake_00_15_from_00_17_1680259620288_rgb.png,OK,16.217664326747556,0.0,0.9636531970325966,crítico,17.0
1680259620589,/nas/antoniodetoro/qwen/Qwen-Image-Edit-Angles-2/datos/MultiViewVisibleImagesHPE_Custom/test/00_15/00_15_1680259620589_rgb.png,/nas/antoniodetoro/qwen/Qwen-Image-Edit-Angles-2/datos/MultiViewVisibleImagesHPE_Custom/00_17/to_00_15/Step_6_fake_00_15_from_00_17_1680259620589_rgb.png,OK,12.571296083758586,3.0303030303030303,0.9866688072951998,crítico,20.0
1680259620890,/nas/antoniodetoro/qwen/Qwen-Image-Edit-Angles-2/datos/MultiViewVisibleImagesHPE_Custom/test/00_15/00_15_1680259620890_rgb.png,/nas/antoniodetoro/qwen/Qwen-Image-Edit-Angles-2/datos/MultiViewVisibleImagesHPE_Custom/00_17/to_00_15/Step_6_fake_00_15_from_00_17_1680259620890_rgb.png,OK,13.955806137236106,3.0303030303030303,0.9855450632017542,crítico,20.0
1680259621191,/nas/antoniodetoro/qwen/Qwen-Image-Edit-Angles-2/datos/MultiViewVisibleImagesHPE_Custom/test/00_15/00_15_1680259621191_rgb.png,/nas/antoniodetoro/qwen/Qwen-Image-Edit-Angles-2/datos/MultiViewVisibleImagesHPE_Custom/00_17/to_00_15/Step_6_fake_00_15_from_00_17_1680259621191_rgb.png,OK,13.61914711311699,0.0,0.9788181600430432,crítico,17.0
1680259621492,/nas/antoniodetoro/qwen/Qwen-Image-Edit-Angles-2/datos/MultiViewVisibleImagesHPE_Custom/test/00_15/00_15_1680259621492_rgb.png,/nas/antoniodetoro/qwen/Qwen-Image-Edit-Angles-2/datos/MultiViewVisibleImagesHPE_Custom/00_17/to_00_15/Step_6_fake_00_15_from_00_17_1680259621492_rgb.png,OK,4.628034397601794,69.6969696969697,0.9971928718631039,crítico,17.0
1680259621793,/nas/antoniodetoro/qwen/Qwen-Image-Edit-Angles-2/datos/MultiViewVisibleImagesHPE_Custom/test/00_15/00_15_1680259621793_rgb.png,/nas/antoniodetoro/qwen/Qwen-Image-Edit-Angles-2/datos/MultiViewVisibleImagesHPE_Custom/00_17/to_00_15/Step_6_fake_00_15_from_00_17_1680259621793_rgb.png,OK,2.608350285930011,100.0,0.9994039984430269,excelente,3.0
1680259622094,/nas/antoniodetoro/qwen/Qwen-Image-Edit-Angles-2/datos/MultiViewVisibleImagesHPE_Custom/test/00_15/00_15_1680259622094_rgb.png,/nas/antoniodetoro/qwen/Qwen-Image-Edit-Angles-2/datos/MultiViewVisibleImagesHPE_Custom/00_17/to_00_15/Step_6_fake_00_15_from_00_17_1680259622094_rgb.png,OK,2.578409563025468,100.0,0.9995091104920272,excelente,18.0
1680259622395,/nas/antoniodetoro/qwen/Qwen-Image-Edit-Angles-2/datos/MultiViewVisibleImagesHPE_Custom/test/00_15/00_15_1680259622395_rgb.png,/nas/antoniodetoro/qwen/Qwen-Image-Edit-Angles-2/datos/MultiViewVisibleImagesHPE_Custom/00_17/to_00_15/Step_6_fake_00_15_from_00_17_1680259622395_rgb.png,OK,1.647205906454186,100.0,0.9997491923668202,excelente,11.0
1680259622696,/nas/antoniodetoro/qwen/Qwen-Image-Edit-Angles-2/datos/MultiViewVisibleImagesHPE_Custom/test/00_15/00_15_1680259622696_rgb.png,/nas/antoniodetoro/qwen/Qwen-Image-Edit-Angles-2/datos/MultiViewVisibleImagesHPE_Custom/00_17/to_00_15/Step_6_fake_00_15_from_00_17_1680259622696_rgb.png,OK,2.376513375145327,100.0,0.9996440537085196,excelente,18.0
1680259622997,/nas/antoniodetoro/qwen/Qwen-Image-Edit-Angles-2/datos/MultiViewVisibleImagesHPE_Custom/test/00_15/00_15_1680259622997_rgb.png,/nas/antoniodetoro/qwen/Qwen-Image-Edit-Angles-2/datos/MultiViewVisibleImagesHPE_Custom/00_17/to_00_15/Step_6_fake_00_15_from_00_17_1680259622997_rgb.png,OK,2.708370048497565,100.0,0.9995648509310365,excelente,3.0
1680259623299,/nas/antoniodetoro/qwen/Qwen-Image-Edit-Angles-2/datos/MultiViewVisibleImagesHPE_Custom/test/00_15/00_15_1680259623299_rgb.png,/nas/antoniodetoro/qwen/Qwen-Image-Edit-Angles-2/datos/MultiViewVisibleImagesHPE_Custom/00_17/to_00_15/Step_6_fake_00_15_from_00_17_1680259623299_rgb.png,OK,2.5025078834179486,100.0,0.9996189713402555,excelente,11.0
1680259623600,/nas/antoniodetoro/qwen/Qwen-Image-Edit-Angles-2/datos/MultiViewVisibleImagesHPE_Custom/test/00_15/00_15_1680259623600_rgb.png,/nas/antoniodetoro/qwen/Qwen-Image-Edit-Angles-2/datos/MultiViewVisibleImagesHPE_Custom/00_17/to_00_15/Step_6_fake_00_15_from_00_17_1680259623600_rgb.png,OK,1.9948002574453634,100.0,0.9997503403464388,excelente,31.0
1680259623901,/nas/antoniodetoro/qwen/Qwen-Image-Edit-Angles-2/datos/MultiViewVisibleImagesHPE_Custom/test/00_15/00_15_1680259623901_rgb.png,/nas/antoniodetoro/qwen/Qwen-Image-Edit-Angles-2/datos/MultiViewVisibleImagesHPE_Custom/00_17/to_00_15/Step_6_fake_00_15_from_00_17_1680259623901_rgb.png,OK,2.5262575807160186,100.0,0.9993317188499271,excelente,13.0
1680259624202,/nas/antoniodetoro/qwen/Qwen-Image-Edit-Angles-2/datos/MultiViewVisibleImagesHPE_Custom/test/00_15/00_15_1680259624202_rgb.png,/nas/antoniodetoro/qwen/Qwen-Image-Edit-Angles-2/datos/MultiViewVisibleImagesHPE_Custom/00_17/to_00_15/Step_6_fake_00_15_from_00_17_1680259624202_rgb.png,OK,2.6787804007188694,100.0,0.9992010053019131,excelente,31.0
1680259624503,/nas/antoniodetoro/qwen/Qwen-Image-Edit-Angles-2/datos/MultiViewVisibleImagesHPE_Custom/test/00_15/00_15_1680259624503_rgb.png,/nas/antoniodetoro/qwen/Qwen-Image-Edit-Angles-2/datos/MultiViewVisibleImagesHPE_Custom/00_17/to_00_15/Step_6_fake_00_15_from_00_17_1680259624503_rgb.png,OK,2.3019260032421487,100.0,0.9995360316541033,excelente,11.0
1680259624804,/nas/antoniodetoro/qwen/Qwen-Image-Edit-Angles-2/datos/MultiViewVisibleImagesHPE_Custom/test/00_15/00_15_1680259624804_rgb.png,/nas/antoniodetoro/qwen/Qwen-Image-Edit-Angles-2/datos/MultiViewVisibleImagesHPE_Custom/00_17/to_00_15/Step_6_fake_00_15_from_00_17_1680259624804_rgb.png,OK,2.1916020702067156,100.0,0.999606992093477,excelente,31.0
1680259625105,/nas/antoniodetoro/qwen/Qwen-Image-Edit-Angles-2/datos/MultiViewVisibleImagesHPE_Custom/test/00_15/00_15_1680259625105_rgb.png,/nas/antoniodetoro/qwen/Qwen-Image-Edit-Angles-2/datos/MultiViewVisibleImagesHPE_Custom/00_17/to_00_15/Step_6_fake_00_15_from_00_17_1680259625105_rgb.png,OK,2.43126416252889,100.0,0.9996375567403198,excelente,11.0
1680259625406,/nas/antoniodetoro/qwen/Qwen-Image-Edit-Angles-2/datos/MultiViewVisibleImagesHPE_Custom/test/00_15/00_15_1680259625406_rgb.png,/nas/antoniodetoro/qwen/Qwen-Image-Edit-Angles-2/datos/MultiViewVisibleImagesHPE_Custom/00_17/to_00_15/Step_6_fake_00_15_from_00_17_1680259625406_rgb.png,OK,2.6903645069555386,96.96969696969697,0.999428378443779,excelente,11.0
1680259625707,/nas/antoniodetoro/qwen/Qwen-Image-Edit-Angles-2/datos/MultiViewVisibleImagesHPE_Custom/test/00_15/00_15_1680259625707_rgb.png,/nas/antoniodetoro/qwen/Qwen-Image-Edit-Angles-2/datos/MultiViewVisibleImagesHPE_Custom/00_17/to_00_15/Step_6_fake_00_15_from_00_17_1680259625707_rgb.png,OK,2.17393461907509,100.0,0.9997054513108068,excelente,31.0
1680259626008,/nas/antoniodetoro/qwen/Qwen-Image-Edit-Angles-2/datos/MultiViewVisibleImagesHPE_Custom/test/00_15/00_15_1680259626008_rgb.png,/nas/antoniodetoro/qwen/Qwen-Image-Edit-Angles-2/datos/MultiViewVisibleImagesHPE_Custom/00_17/to_00_15/Step_6_fake_00_15_from_00_17_1680259626008_rgb.png,OK,2.36240600479125,100.0,0.999479467137566,excelente,6.0
1680259626309,/nas/antoniodetoro/qwen/Qwen-Image-Edit-Angles-2/datos/MultiViewVisibleImagesHPE_Custom/test/00_15/00_15_1680259626309_rgb.png,/nas/antoniodetoro/qwen/Qwen-Image-Edit-Angles-2/datos/MultiViewVisibleImagesHPE_Custom/00_17/to_00_15/Step_6_fake_00_15_from_00_17_1680259626309_rgb.png,OK,6.312207520518537,69.6969696969697,0.987895690595273,crítico,18.0
1680259626610,/nas/antoniodetoro/qwen/Qwen-Image-Edit-Angles-2/datos/MultiViewVisibleImagesHPE_Custom/test/00_15/00_15_1680259626610_rgb.png,/nas/antoniodetoro/qwen/Qwen-Image-Edit-Angles-2/datos/MultiViewVisibleImagesHPE_Custom/00_17/to_00_15/Step_6_fake_00_15_from_00_17_1680259626610_rgb.png,OK,3.252671959821482,87.87878787878788,0.9985281556520588,aceptable,19.0
1680259626912,/nas/antoniodetoro/qwen/Qwen-Image-Edit-Angles-2/datos/MultiViewVisibleImagesHPE_Custom/test/00_15/00_15_1680259626912_rgb.png,/nas/antoniodetoro/qwen/Qwen-Image-Edit-Angles-2/datos/MultiViewVisibleImagesHPE_Custom/00_17/to_00_15/Step_6_fake_00_15_from_00_17_1680259626912_rgb.png,OK,3.9940995694076094,84.84848484848484,0.9985176149165782,aceptable,31.0
1680259627213,/nas/antoniodetoro/qwen/Qwen-Image-Edit-Angles-2/datos/MultiViewVisibleImagesHPE_Custom/test/00_15/00_15_1680259627213_rgb.png,/nas/antoniodetoro/qwen/Qwen-Image-Edit-Angles-2/datos/MultiViewVisibleImagesHPE_Custom/00_17/to_00_15/Step_6_fake_00_15_from_00_17_1680259627213_rgb.png,OK,2.834507942309473,96.96969696969697,0.9989741697725254,excelente,24.0
1680259627514,/nas/antoniodetoro/qwen/Qwen-Image-Edit-Angles-2/datos/MultiViewVisibleImagesHPE_Custom/test/00_15/00_15_1680259627514_rgb.png,/nas/antoniodetoro/qwen/Qwen-Image-Edit-Angles-2/datos/MultiViewVisibleImagesHPE_Custom/00_17/to_00_15/Step_6_fake_00_15_from_00_17_1680259627514_rgb.png,OK,5.553571244110886,78.78787878787878,0.9907982218915976,aceptable,20.0
1680259627815,/nas/antoniodetoro/qwen/Qwen-Image-Edit-Angles-2/datos/MultiViewVisibleImagesHPE_Custom/test/00_15/00_15_1680259627815_rgb.png,/nas/antoniodetoro/qwen/Qwen-Image-Edit-Angles-2/datos/MultiViewVisibleImagesHPE_Custom/00_17/to_00_15/Step_6_fake_00_15_from_00_17_1680259627815_rgb.png,OK,4.191931371096149,75.75757575757575,0.9980511254081941,aceptable,20.0
1680259628116,/nas/antoniodetoro/qwen/Qwen-Image-Edit-Angles-2/datos/MultiViewVisibleImagesHPE_Custom/test/00_15/00_15_1680259628116_rgb.png,/nas/antoniodetoro/qwen/Qwen-Image-Edit-Angles-2/datos/MultiViewVisibleImagesHPE_Custom/00_17/to_00_15/Step_6_fake_00_15_from_00_17_1680259628116_rgb.png,OK,5.630364572959193,66.66666666666666,0.9955836241001472,crítico,20.0
1680259628417,/nas/antoniodetoro/qwen/Qwen-Image-Edit-Angles-2/datos/MultiViewVisibleImagesHPE_Custom/test/00_15/00_15_1680259628417_rgb.png,/nas/antoniodetoro/qwen/Qwen-Image-Edit-Angles-2/datos/MultiViewVisibleImagesHPE_Custom/00_17/to_00_15/Step_6_fake_00_15_from_00_17_1680259628417_rgb.png,OK,2.5872024748006055,100.0,0.9994303880380153,excelente,11.0
1680259628718,/nas/antoniodetoro/qwen/Qwen-Image-Edit-Angles-2/datos/MultiViewVisibleImagesHPE_Custom/test/00_15/00_15_1680259628718_rgb.png,/nas/antoniodetoro/qwen/Qwen-Image-Edit-Angles-2/datos/MultiViewVisibleImagesHPE_Custom/00_17/to_00_15/Step_6_fake_00_15_from_00_17_1680259628718_rgb.png,OK,2.900040244379107,96.96969696969697,0.9993964353574869,excelente,11.0
1680259629019,/nas/antoniodetoro/qwen/Qwen-Image-Edit-Angles-2/datos/MultiViewVisibleImagesHPE_Custom/test/00_15/00_15_1680259629019_rgb.png,/nas/antoniodetoro/qwen/Qwen-Image-Edit-Angles-2/datos/MultiViewVisibleImagesHPE_Custom/00_17/to_00_15/Step_6_fake_00_15_from_00_17_1680259629019_rgb.png,OK,2.284239115243017,100.0,0.9997302358254142,excelente,14.0
1680259629320,/nas/antoniodetoro/qwen/Qwen-Image-Edit-Angles-2/datos/MultiViewVisibleImagesHPE_Custom/test/00_15/00_15_1680259629320_rgb.png,/nas/antoniodetoro/qwen/Qwen-Image-Edit-Angles-2/datos/MultiViewVisibleImagesHPE_Custom/00_17/to_00_15/Step_6_fake_00_15_from_00_17_1680259629320_rgb.png,OK,2.293777508480028,100.0,0.9995434008415832,excelente,11.0
1680259629621,/nas/antoniodetoro/qwen/Qwen-Image-Edit-Angles-2/datos/MultiViewVisibleImagesHPE_Custom/test/00_15/00_15_1680259629621_rgb.png,/nas/antoniodetoro/qwen/Qwen-Image-Edit-Angles-2/datos/MultiViewVisibleImagesHPE_Custom/00_17/to_00_15/Step_6_fake_00_15_from_00_17_1680259629621_rgb.png,OK,6.769012688546159,63.63636363636363,0.9874743599834052,crítico,16.0
1680259629922,/nas/antoniodetoro/qwen/Qwen-Image-Edit-Angles-2/datos/MultiViewVisibleImagesHPE_Custom/test/00_15/00_15_1680259629922_rgb.png,/nas/antoniodetoro/qwen/Qwen-Image-Edit-Angles-2/datos/MultiViewVisibleImagesHPE_Custom/00_17/to_00_15/Step_6_fake_00_15_from_00_17_1680259629922_rgb.png,OK,8.652958140256432,75.75757575757575,0.9680641113821962,aceptable,20.0
1680259630224,/nas/antoniodetoro/qwen/Qwen-Image-Edit-Angles-2/datos/MultiViewVisibleImagesHPE_Custom/test/00_15/00_15_1680259630224_rgb.png,/nas/antoniodetoro/qwen/Qwen-Image-Edit-Angles-2/datos/MultiViewVisibleImagesHPE_Custom/00_17/to_00_15/Step_6_fake_00_15_from_00_17_1680259630224_rgb.png,OK,9.383121493638898,78.78787878787878,0.9663416107406971,aceptable,20.0
1680259630525,/nas/antoniodetoro/qwen/Qwen-Image-Edit-Angles-2/datos/MultiViewVisibleImagesHPE_Custom/test/00_15/00_15_1680259630525_rgb.png,/nas/antoniodetoro/qwen/Qwen-Image-Edit-Angles-2/datos/MultiViewVisibleImagesHPE_Custom/00_17/to_00_15/Step_6_fake_00_15_from_00_17_1680259630525_rgb.png,OK,5.380677147610128,84.84848484848484,0.993020351690191,aceptable,20.0
1680259630826,/nas/antoniodetoro/qwen/Qwen-Image-Edit-Angles-2/datos/MultiViewVisibleImagesHPE_Custom/test/00_15/00_15_1680259630826_rgb.png,/nas/antoniodetoro/qwen/Qwen-Image-Edit-Angles-2/datos/MultiViewVisibleImagesHPE_Custom/00_17/to_00_15/Step_6_fake_00_15_from_00_17_1680259630826_rgb.png,OK,5.377831296292618,78.78787878787878,0.9934193144489636,aceptable,20.0
1680259631127,/nas/antoniodetoro/qwen/Qwen-Image-Edit-Angles-2/datos/MultiViewVisibleImagesHPE_Custom/test/00_15/00_15_1680259631127_rgb.png,/nas/antoniodetoro/qwen/Qwen-Image-Edit-Angles-2/datos/MultiViewVisibleImagesHPE_Custom/00_17/to_00_15/Step_6_fake_00_15_from_00_17_1680259631127_rgb.png,OK,6.133585238788814,69.6969696969697,0.9906945489309679,crítico,20.0
1680259631428,/nas/antoniodetoro/qwen/Qwen-Image-Edit-Angles-2/datos/MultiViewVisibleImagesHPE_Custom/test/00_15/00_15_1680259631428_rgb.png,/nas/antoniodetoro/qwen/Qwen-Image-Edit-Angles-2/datos/MultiViewVisibleImagesHPE_Custom/00_17/to_00_15/Step_6_fake_00_15_from_00_17_1680259631428_rgb.png,OK,8.10553648048474,57.57575757575758,0.985069236505135,crítico,18.0
1680259631729,/nas/antoniodetoro/qwen/Qwen-Image-Edit-Angles-2/datos/MultiViewVisibleImagesHPE_Custom/test/00_15/00_15_1680259631729_rgb.png,/nas/antoniodetoro/qwen/Qwen-Image-Edit-Angles-2/datos/MultiViewVisibleImagesHPE_Custom/00_17/to_00_15/Step_6_fake_00_15_from_00_17_1680259631729_rgb.png,OK,2.1346665528716957,100.0,0.9996746788508661,excelente,31.0
1680259632030,/nas/antoniodetoro/qwen/Qwen-Image-Edit-Angles-2/datos/MultiViewVisibleImagesHPE_Custom/test/00_15/00_15_1680259632030_rgb.png,/nas/antoniodetoro/qwen/Qwen-Image-Edit-Angles-2/datos/MultiViewVisibleImagesHPE_Custom/00_17/to_00_15/Step_6_fake_00_15_from_00_17_1680259632030_rgb.png,OK,2.3474015741575034,100.0,0.9995316839527831,excelente,31.0
1680259632331,/nas/antoniodetoro/qwen/Qwen-Image-Edit-Angles-2/datos/MultiViewVisibleImagesHPE_Custom/test/00_15/00_15_1680259632331_rgb.png,/nas/antoniodetoro/qwen/Qwen-Image-Edit-Angles-2/datos/MultiViewVisibleImagesHPE_Custom/00_17/to_00_15/Step_6_fake_00_15_from_00_17_1680259632331_rgb.png,OK,1.7115538931472583,100.0,0.9996923149859704,excelente,31.0
1680259632632,/nas/antoniodetoro/qwen/Qwen-Image-Edit-Angles-2/datos/MultiViewVisibleImagesHPE_Custom/test/00_15/00_15_1680259632632_rgb.png,/nas/antoniodetoro/qwen/Qwen-Image-Edit-Angles-2/datos/MultiViewVisibleImagesHPE_Custom/00_17/to_00_15/Step_6_fake_00_15_from_00_17_1680259632632_rgb.png,OK,1.974851298617081,100.0,0.9996428818371538,excelente,14.0
1680259632933,/nas/antoniodetoro/qwen/Qwen-Image-Edit-Angles-2/datos/MultiViewVisibleImagesHPE_Custom/test/00_15/00_15_1680259632933_rgb.png,/nas/antoniodetoro/qwen/Qwen-Image-Edit-Angles-2/datos/MultiViewVisibleImagesHPE_Custom/00_17/to_00_15/Step_6_fake_00_15_from_00_17_1680259632933_rgb.png,OK,2.273470766534991,100.0,0.9995330583495569,excelente,18.0
1680259633234,/nas/antoniodetoro/qwen/Qwen-Image-Edit-Angles-2/datos/MultiViewVisibleImagesHPE_Custom/test/00_15/00_15_1680259633234_rgb.png,/nas/antoniodetoro/qwen/Qwen-Image-Edit-Angles-2/datos/MultiViewVisibleImagesHPE_Custom/00_17/to_00_15/Step_6_fake_00_15_from_00_17_1680259633234_rgb.png,OK,7.262871980743736,15.151515151515152,0.9956227568684796,crítico,19.0
1680259633535,/nas/antoniodetoro/qwen/Qwen-Image-Edit-Angles-2/datos/MultiViewVisibleImagesHPE_Custom/test/00_15/00_15_1680259633535_rgb.png,/nas/antoniodetoro/qwen/Qwen-Image-Edit-Angles-2/datos/MultiViewVisibleImagesHPE_Custom/00_17/to_00_15/Step_6_fake_00_15_from_00_17_1680259633535_rgb.png,OK,5.4208677596385915,60.60606060606061,0.995914096428079,crítico,17.0
1680259633836,/nas/antoniodetoro/qwen/Qwen-Image-Edit-Angles-2/datos/MultiViewVisibleImagesHPE_Custom/test/00_15/00_15_1680259633836_rgb.png,/nas/antoniodetoro/qwen/Qwen-Image-Edit-Angles-2/datos/MultiViewVisibleImagesHPE_Custom/00_17/to_00_15/Step_6_fake_00_15_from_00_17_1680259633836_rgb.png,OK,9.97044731641258,18.181818181818183,0.9809826262462448,crítico,19.0
1680259634137,/nas/antoniodetoro/qwen/Qwen-Image-Edit-Angles-2/datos/MultiViewVisibleImagesHPE_Custom/test/00_15/00_15_1680259634137_rgb.png,/nas/antoniodetoro/qwen/Qwen-Image-Edit-Angles-2/datos/MultiViewVisibleImagesHPE_Custom/00_17/to_00_15/Step_6_fake_00_15_from_00_17_1680259634137_rgb.png,OK,10.566001003379414,18.181818181818183,0.9733923057948979,crítico,19.0
1680259634438,/nas/antoniodetoro/qwen/Qwen-Image-Edit-Angles-2/datos/MultiViewVisibleImagesHPE_Custom/test/00_15/00_15_1680259634438_rgb.png,/nas/antoniodetoro/qwen/Qwen-Image-Edit-Angles-2/datos/MultiViewVisibleImagesHPE_Custom/00_17/to_00_15/Step_6_fake_00_15_from_00_17_1680259634438_rgb.png,OK,3.949927419594026,78.78787878787878,0.9978160095063308,aceptable,17.0
1680259634739,/nas/antoniodetoro/qwen/Qwen-Image-Edit-Angles-2/datos/MultiViewVisibleImagesHPE_Custom/test/00_15/00_15_1680259634739_rgb.png,/nas/antoniodetoro/qwen/Qwen-Image-Edit-Angles-2/datos/MultiViewVisibleImagesHPE_Custom/00_17/to_00_15/Step_6_fake_00_15_from_00_17_1680259634739_rgb.png,OK,4.271831034993099,81.81818181818183,0.9961469370953191,aceptable,19.0
1680259635040,/nas/antoniodetoro/qwen/Qwen-Image-Edit-Angles-2/datos/MultiViewVisibleImagesHPE_Custom/test/00_15/00_15_1680259635040_rgb.png,/nas/antoniodetoro/qwen/Qwen-Image-Edit-Angles-2/datos/MultiViewVisibleImagesHPE_Custom/00_17/to_00_15/Step_6_fake_00_15_from_00_17_1680259635040_rgb.png,OK,2.3904974724209436,96.96969696969697,0.999650196244754,excelente,29.0
1680259635341,/nas/antoniodetoro/qwen/Qwen-Image-Edit-Angles-2/datos/MultiViewVisibleImagesHPE_Custom/test/00_15/00_15_1680259635341_rgb.png,/nas/antoniodetoro/qwen/Qwen-Image-Edit-Angles-2/datos/MultiViewVisibleImagesHPE_Custom/00_17/to_00_15/Step_6_fake_00_15_from_00_17_1680259635341_rgb.png,OK,2.1197029365557443,100.0,0.9996160206894441,excelente,14.0
1680259635643,/nas/antoniodetoro/qwen/Qwen-Image-Edit-Angles-2/datos/MultiViewVisibleImagesHPE_Custom/test/00_15/00_15_1680259635643_rgb.png,/nas/antoniodetoro/qwen/Qwen-Image-Edit-Angles-2/datos/MultiViewVisibleImagesHPE_Custom/00_17/to_00_15/Step_6_fake_00_15_from_00_17_1680259635643_rgb.png,OK,1.8613093395126392,96.96969696969697,0.9996762702532881,excelente,29.0
1680259635943,/nas/antoniodetoro/qwen/Qwen-Image-Edit-Angles-2/datos/MultiViewVisibleImagesHPE_Custom/test/00_15/00_15_1680259635943_rgb.png,/nas/antoniodetoro/qwen/Qwen-Image-Edit-Angles-2/datos/MultiViewVisibleImagesHPE_Custom/00_17/to_00_15/Step_6_fake_00_15_from_00_17_1680259635943_rgb.png,OK,1.9309318536943785,100.0,0.999686063488895,excelente,31.0
1680259636244,/nas/antoniodetoro/qwen/Qwen-Image-Edit-Angles-2/datos/MultiViewVisibleImagesHPE_Custom/test/00_15/00_15_1680259636244_rgb.png,/nas/antoniodetoro/qwen/Qwen-Image-Edit-Angles-2/datos/MultiViewVisibleImagesHPE_Custom/00_17/to_00_15/Step_6_fake_00_15_from_00_17_1680259636244_rgb.png,OK,2.396245661609489,100.0,0.9995247276690438,excelente,18.0
1680259636545,/nas/antoniodetoro/qwen/Qwen-Image-Edit-Angles-2/datos/MultiViewVisibleImagesHPE_Custom/test/00_15/00_15_1680259636545_rgb.png,/nas/antoniodetoro/qwen/Qwen-Image-Edit-Angles-2/datos/MultiViewVisibleImagesHPE_Custom/00_17/to_00_15/Step_6_fake_00_15_from_00_17_1680259636545_rgb.png,OK,6.752217179206685,36.36363636363637,0.9954503526458427,crítico,20.0
1680259636846,/nas/antoniodetoro/qwen/Qwen-Image-Edit-Angles-2/datos/MultiViewVisibleImagesHPE_Custom/test/00_15/00_15_1680259636846_rgb.png,/nas/antoniodetoro/qwen/Qwen-Image-Edit-Angles-2/datos/MultiViewVisibleImagesHPE_Custom/00_17/to_00_15/Step_6_fake_00_15_from_00_17_1680259636846_rgb.png,OK,6.049154639514014,81.81818181818183,0.9916684367732508,aceptable,19.0
1680259637147,/nas/antoniodetoro/qwen/Qwen-Image-Edit-Angles-2/datos/MultiViewVisibleImagesHPE_Custom/test/00_15/00_15_1680259637147_rgb.png,/nas/antoniodetoro/qwen/Qwen-Image-Edit-Angles-2/datos/MultiViewVisibleImagesHPE_Custom/00_17/to_00_15/Step_6_fake_00_15_from_00_17_1680259637147_rgb.png,OK,8.600802520492461,48.484848484848484,0.9796579319256593,crítico,17.0
1680259637448,/nas/antoniodetoro/qwen/Qwen-Image-Edit-Angles-2/datos/MultiViewVisibleImagesHPE_Custom/test/00_15/00_15_1680259637448_rgb.png,/nas/antoniodetoro/qwen/Qwen-Image-Edit-Angles-2/datos/MultiViewVisibleImagesHPE_Custom/00_17/to_00_15/Step_6_fake_00_15_from_00_17_1680259637448_rgb.png,OK,9.390796467388121,18.181818181818183,0.9826138349234981,crítico,17.0
1680259637749,/nas/antoniodetoro/qwen/Qwen-Image-Edit-Angles-2/datos/MultiViewVisibleImagesHPE_Custom/test/00_15/00_15_1680259637749_rgb.png,/nas/antoniodetoro/qwen/Qwen-Image-Edit-Angles-2/datos/MultiViewVisibleImagesHPE_Custom/00_17/to_00_15/Step_6_fake_00_15_from_00_17_1680259637749_rgb.png,OK,10.232976373825753,15.151515151515152,0.9747039725175537,crítico,19.0
1680259638051,/nas/antoniodetoro/qwen/Qwen-Image-Edit-Angles-2/datos/MultiViewVisibleImagesHPE_Custom/test/00_15/00_15_1680259638051_rgb.png,/nas/antoniodetoro/qwen/Qwen-Image-Edit-Angles-2/datos/MultiViewVisibleImagesHPE_Custom/00_17/to_00_15/Step_6_fake_00_15_from_00_17_1680259638051_rgb.png,OK,5.571552163885497,39.39393939393939,0.9965476272713167,crítico,11.0
1680259638352,/nas/antoniodetoro/qwen/Qwen-Image-Edit-Angles-2/datos/MultiViewVisibleImagesHPE_Custom/test/00_15/00_15_1680259638352_rgb.png,/nas/antoniodetoro/qwen/Qwen-Image-Edit-Angles-2/datos/MultiViewVisibleImagesHPE_Custom/00_17/to_00_15/Step_6_fake_00_15_from_00_17_1680259638352_rgb.png,OK,6.676444226984333,24.242424242424242,0.9964801174773144,crítico,19.0
1680259638653,/nas/antoniodetoro/qwen/Qwen-Image-Edit-Angles-2/datos/MultiViewVisibleImagesHPE_Custom/test/00_15/00_15_1680259638653_rgb.png,/nas/antoniodetoro/qwen/Qwen-Image-Edit-Angles-2/datos/MultiViewVisibleImagesHPE_Custom/00_17/to_00_15/Step_6_fake_00_15_from_00_17_1680259638653_rgb.png,OK,1.9249040316001227,100.0,0.9997111819054688,excelente,31.0
1680259638954,/nas/antoniodetoro/qwen/Qwen-Image-Edit-Angles-2/datos/MultiViewVisibleImagesHPE_Custom/test/00_15/00_15_1680259638954_rgb.png,/nas/antoniodetoro/qwen/Qwen-Image-Edit-Angles-2/datos/MultiViewVisibleImagesHPE_Custom/00_17/to_00_15/Step_6_fake_00_15_from_00_17_1680259638954_rgb.png,OK,2.223461475304831,100.0,0.999572244889386,excelente,31.0
1680259639255,/nas/antoniodetoro/qwen/Qwen-Image-Edit-Angles-2/datos/MultiViewVisibleImagesHPE_Custom/test/00_15/00_15_1680259639255_rgb.png,/nas/antoniodetoro/qwen/Qwen-Image-Edit-Angles-2/datos/MultiViewVisibleImagesHPE_Custom/00_17/to_00_15/Step_6_fake_00_15_from_00_17_1680259639255_rgb.png,OK,2.2294471232941433,90.9090909090909,0.9995073866560376,excelente,31.0
1680259639556,/nas/antoniodetoro/qwen/Qwen-Image-Edit-Angles-2/datos/MultiViewVisibleImagesHPE_Custom/test/00_15/00_15_1680259639556_rgb.png,/nas/antoniodetoro/qwen/Qwen-Image-Edit-Angles-2/datos/MultiViewVisibleImagesHPE_Custom/00_17/to_00_15/Step_6_fake_00_15_from_00_17_1680259639556_rgb.png,OK,2.512941592572589,100.0,0.9994211185020113,excelente,31.0
1680259639857,/nas/antoniodetoro/qwen/Qwen-Image-Edit-Angles-2/datos/MultiViewVisibleImagesHPE_Custom/test/00_15/00_15_1680259639857_rgb.png,/nas/antoniodetoro/qwen/Qwen-Image-Edit-Angles-2/datos/MultiViewVisibleImagesHPE_Custom/00_17/to_00_15/Step_6_fake_00_15_from_00_17_1680259639857_rgb.png,OK,4.606487875915613,72.72727272727273,0.9977838409063233,aceptable,18.0
1680259640158,/nas/antoniodetoro/qwen/Qwen-Image-Edit-Angles-2/datos/MultiViewVisibleImagesHPE_Custom/test/00_15/00_15_1680259640158_rgb.png,/nas/antoniodetoro/qwen/Qwen-Image-Edit-Angles-2/datos/MultiViewVisibleImagesHPE_Custom/00_17/to_00_15/Step_6_fake_00_15_from_00_17_1680259640158_rgb.png,OK,3.013756540119128,75.75757575757575,0.998155280530479,aceptable,20.0
1680259640459,/nas/antoniodetoro/qwen/Qwen-Image-Edit-Angles-2/datos/MultiViewVisibleImagesHPE_Custom/test/00_15/00_15_1680259640459_rgb.png,/nas/antoniodetoro/qwen/Qwen-Image-Edit-Angles-2/datos/MultiViewVisibleImagesHPE_Custom/00_17/to_00_15/Step_6_fake_00_15_from_00_17_1680259640459_rgb.png,OK,4.332539661002805,51.515151515151516,0.9979853547051972,crítico,18.0
1680259641664,/nas/antoniodetoro/qwen/Qwen-Image-Edit-Angles-2/datos/MultiViewVisibleImagesHPE_Custom/test/00_15/00_15_1680259641664_rgb.png,/nas/antoniodetoro/qwen/Qwen-Image-Edit-Angles-2/datos/MultiViewVisibleImagesHPE_Custom/00_17/to_00_15/Step_6_fake_00_15_from_00_17_1680259641664_rgb.png,OK,3.927124484033889,81.81818181818183,0.997634336286317,aceptable,16.0
1680259641965,/nas/antoniodetoro/qwen/Qwen-Image-Edit-Angles-2/datos/MultiViewVisibleImagesHPE_Custom/test/00_15/00_15_1680259641965_rgb.png,/nas/antoniodetoro/qwen/Qwen-Image-Edit-Angles-2/datos/MultiViewVisibleImagesHPE_Custom/00_17/to_00_15/Step_6_fake_00_15_from_00_17_1680259641965_rgb.png,OK,6.688633538923859,66.66666666666666,0.9905412339780568,crítico,20.0
1680259642266,/nas/antoniodetoro/qwen/Qwen-Image-Edit-Angles-2/datos/MultiViewVisibleImagesHPE_Custom/test/00_15/00_15_1680259642266_rgb.png,/nas/antoniodetoro/qwen/Qwen-Image-Edit-Angles-2/datos/MultiViewVisibleImagesHPE_Custom/00_17/to_00_15/Step_6_fake_00_15_from_00_17_1680259642266_rgb.png,OK,3.0953723190021516,100.0,0.9993850890734512,excelente,11.0
1680259642567,/nas/antoniodetoro/qwen/Qwen-Image-Edit-Angles-2/datos/MultiViewVisibleImagesHPE_Custom/test/00_15/00_15_1680259642567_rgb.png,/nas/antoniodetoro/qwen/Qwen-Image-Edit-Angles-2/datos/MultiViewVisibleImagesHPE_Custom/00_17/to_00_15/Step_6_fake_00_15_from_00_17_1680259642567_rgb.png,OK,2.525681119327902,100.0,0.9994181291215659,excelente,17.0
1680259642868,/nas/antoniodetoro/qwen/Qwen-Image-Edit-Angles-2/datos/MultiViewVisibleImagesHPE_Custom/test/00_15/00_15_1680259642868_rgb.png,/nas/antoniodetoro/qwen/Qwen-Image-Edit-Angles-2/datos/MultiViewVisibleImagesHPE_Custom/00_17/to_00_15/Step_6_fake_00_15_from_00_17_1680259642868_rgb.png,OK,1.8816969085681488,93.93939393939394,0.9995167866176189,excelente,29.0
1680259643169,/nas/antoniodetoro/qwen/Qwen-Image-Edit-Angles-2/datos/MultiViewVisibleImagesHPE_Custom/test/00_15/00_15_1680259643169_rgb.png,/nas/antoniodetoro/qwen/Qwen-Image-Edit-Angles-2/datos/MultiViewVisibleImagesHPE_Custom/00_17/to_00_15/Step_6_fake_00_15_from_00_17_1680259643169_rgb.png,OK,2.5673297910132473,100.0,0.9995729714818051,excelente,27.0
1680259643470,/nas/antoniodetoro/qwen/Qwen-Image-Edit-Angles-2/datos/MultiViewVisibleImagesHPE_Custom/test/00_15/00_15_1680259643470_rgb.png,/nas/antoniodetoro/qwen/Qwen-Image-Edit-Angles-2/datos/MultiViewVisibleImagesHPE_Custom/00_17/to_00_15/Step_6_fake_00_15_from_00_17_1680259643470_rgb.png,OK,3.9577716887209,69.6969696969697,0.9983002536242322,crítico,17.0
1680259643771,/nas/antoniodetoro/qwen/Qwen-Image-Edit-Angles-2/datos/MultiViewVisibleImagesHPE_Custom/test/00_15/00_15_1680259643771_rgb.png,/nas/antoniodetoro/qwen/Qwen-Image-Edit-Angles-2/datos/MultiViewVisibleImagesHPE_Custom/00_17/to_00_15/Step_6_fake_00_15_from_00_17_1680259643771_rgb.png,OK,4.21919518708243,75.75757575757575,0.9969015010197181,aceptable,20.0
1680259644072,/nas/antoniodetoro/qwen/Qwen-Image-Edit-Angles-2/datos/MultiViewVisibleImagesHPE_Custom/test/00_15/00_15_1680259644072_rgb.png,/nas/antoniodetoro/qwen/Qwen-Image-Edit-Angles-2/datos/MultiViewVisibleImagesHPE_Custom/00_17/to_00_15/Step_6_fake_00_15_from_00_17_1680259644072_rgb.png,OK,4.531758192537556,48.484848484848484,0.997753813781467,crítico,20.0
1680259645577,/nas/antoniodetoro/qwen/Qwen-Image-Edit-Angles-2/datos/MultiViewVisibleImagesHPE_Custom/test/00_15/00_15_1680259645577_rgb.png,/nas/antoniodetoro/qwen/Qwen-Image-Edit-Angles-2/datos/MultiViewVisibleImagesHPE_Custom/00_17/to_00_15/Step_6_fake_00_15_from_00_17_1680259645577_rgb.png,OK,3.2577398988177486,78.78787878787878,0.9978114167061088,aceptable,20.0
1680259645878,/nas/antoniodetoro/qwen/Qwen-Image-Edit-Angles-2/datos/MultiViewVisibleImagesHPE_Custom/test/00_15/00_15_1680259645878_rgb.png,/nas/antoniodetoro/qwen/Qwen-Image-Edit-Angles-2/datos/MultiViewVisibleImagesHPE_Custom/00_17/to_00_15/Step_6_fake_00_15_from_00_17_1680259645878_rgb.png,OK,3.3684767165627254,87.87878787878788,0.9985504373037252,aceptable,18.0
1680259646179,/nas/antoniodetoro/qwen/Qwen-Image-Edit-Angles-2/datos/MultiViewVisibleImagesHPE_Custom/test/00_15/00_15_1680259646179_rgb.png,/nas/antoniodetoro/qwen/Qwen-Image-Edit-Angles-2/datos/MultiViewVisibleImagesHPE_Custom/00_17/to_00_15/Step_6_fake_00_15_from_00_17_1680259646179_rgb.png,OK,2.2926607986209433,100.0,0.9994022088690296,excelente,29.0
1680259646481,/nas/antoniodetoro/qwen/Qwen-Image-Edit-Angles-2/datos/MultiViewVisibleImagesHPE_Custom/test/00_15/00_15_1680259646481_rgb.png,/nas/antoniodetoro/qwen/Qwen-Image-Edit-Angles-2/datos/MultiViewVisibleImagesHPE_Custom/00_17/to_00_15/Step_6_fake_00_15_from_00_17_1680259646481_rgb.png,OK,2.682966791973878,100.0,0.9991657337592817,excelente,31.0
1680259646782,/nas/antoniodetoro/qwen/Qwen-Image-Edit-Angles-2/datos/MultiViewVisibleImagesHPE_Custom/test/00_15/00_15_1680259646782_rgb.png,/nas/antoniodetoro/qwen/Qwen-Image-Edit-Angles-2/datos/MultiViewVisibleImagesHPE_Custom/00_17/to_00_15/Step_6_fake_00_15_from_00_17_1680259646782_rgb.png,OK,2.4174148548384196,100.0,0.9993666717284265,excelente,7.0
1680259647083,/nas/antoniodetoro/qwen/Qwen-Image-Edit-Angles-2/datos/MultiViewVisibleImagesHPE_Custom/test/00_15/00_15_1680259647083_rgb.png,/nas/antoniodetoro/qwen/Qwen-Image-Edit-Angles-2/datos/MultiViewVisibleImagesHPE_Custom/00_17/to_00_15/Step_6_fake_00_15_from_00_17_1680259647083_rgb.png,OK,3.066990320376289,87.87878787878788,0.9989700865695872,aceptable,15.0
1680259647384,/nas/antoniodetoro/qwen/Qwen-Image-Edit-Angles-2/datos/MultiViewVisibleImagesHPE_Custom/test/00_15/00_15_1680259647384_rgb.png,/nas/antoniodetoro/qwen/Qwen-Image-Edit-Angles-2/datos/MultiViewVisibleImagesHPE_Custom/00_17/to_00_15/Step_6_fake_00_15_from_00_17_1680259647384_rgb.png,OK,2.8641916392808553,96.96969696969697,0.9992341374683359,excelente,11.0
1680259647686,/nas/antoniodetoro/qwen/Qwen-Image-Edit-Angles-2/datos/MultiViewVisibleImagesHPE_Custom/test/00_15/00_15_1680259647686_rgb.png,/nas/antoniodetoro/qwen/Qwen-Image-Edit-Angles-2/datos/MultiViewVisibleImagesHPE_Custom/00_17/to_00_15/Step_6_fake_00_15_from_00_17_1680259647686_rgb.png,OK,2.374710219916018,100.0,0.999436179295463,excelente,11.0
1680259647987,/nas/antoniodetoro/qwen/Qwen-Image-Edit-Angles-2/datos/MultiViewVisibleImagesHPE_Custom/test/00_15/00_15_1680259647987_rgb.png,/nas/antoniodetoro/qwen/Qwen-Image-Edit-Angles-2/datos/MultiViewVisibleImagesHPE_Custom/00_17/to_00_15/Step_6_fake_00_15_from_00_17_1680259647987_rgb.png,OK,2.4803403277233023,100.0,0.9993828055202042,excelente,7.0
1680259648288,/nas/antoniodetoro/qwen/Qwen-Image-Edit-Angles-2/datos/MultiViewVisibleImagesHPE_Custom/test/00_15/00_15_1680259648288_rgb.png,/nas/antoniodetoro/qwen/Qwen-Image-Edit-Angles-2/datos/MultiViewVisibleImagesHPE_Custom/00_17/to_00_15/Step_6_fake_00_15_from_00_17_1680259648288_rgb.png,OK,3.1248972375169792,90.9090909090909,0.9988894744494663,excelente,19.0
1680259648589,/nas/antoniodetoro/qwen/Qwen-Image-Edit-Angles-2/datos/MultiViewVisibleImagesHPE_Custom/test/00_15/00_15_1680259648589_rgb.png,/nas/antoniodetoro/qwen/Qwen-Image-Edit-Angles-2/datos/MultiViewVisibleImagesHPE_Custom/00_17/to_00_15/Step_6_fake_00_15_from_00_17_1680259648589_rgb.png,OK,3.7922462773020746,81.81818181818183,0.9984524071703075,aceptable,11.0
1680259648890,/nas/antoniodetoro/qwen/Qwen-Image-Edit-Angles-2/datos/MultiViewVisibleImagesHPE_Custom/test/00_15/00_15_1680259648890_rgb.png,/nas/antoniodetoro/qwen/Qwen-Image-Edit-Angles-2/datos/MultiViewVisibleImagesHPE_Custom/00_17/to_00_15/Step_6_fake_00_15_from_00_17_1680259648890_rgb.png,OK,4.956737585333122,69.6969696969697,0.9948829973719214,crítico,19.0
1680259649191,/nas/antoniodetoro/qwen/Qwen-Image-Edit-Angles-2/datos/MultiViewVisibleImagesHPE_Custom/test/00_15/00_15_1680259649191_rgb.png,/nas/antoniodetoro/qwen/Qwen-Image-Edit-Angles-2/datos/MultiViewVisibleImagesHPE_Custom/00_17/to_00_15/Step_6_fake_00_15_from_00_17_1680259649191_rgb.png,OK,5.737852727449157,81.81818181818183,0.9903048921864677,aceptable,19.0
1680259649492,/nas/antoniodetoro/qwen/Qwen-Image-Edit-Angles-2/datos/MultiViewVisibleImagesHPE_Custom/test/00_15/00_15_1680259649492_rgb.png,/nas/antoniodetoro/qwen/Qwen-Image-Edit-Angles-2/datos/MultiViewVisibleImagesHPE_Custom/00_17/to_00_15/Step_6_fake_00_15_from_00_17_1680259649492_rgb.png,OK,4.0265018490168885,72.72727272727273,0.9975889768438005,aceptable,19.0
1680259649793,/nas/antoniodetoro/qwen/Qwen-Image-Edit-Angles-2/datos/MultiViewVisibleImagesHPE_Custom/test/00_15/00_15_1680259649793_rgb.png,/nas/antoniodetoro/qwen/Qwen-Image-Edit-Angles-2/datos/MultiViewVisibleImagesHPE_Custom/00_17/to_00_15/Step_6_fake_00_15_from_00_17_1680259649793_rgb.png,OK,5.779738313916662,81.81818181818183,0.9887482554476779,aceptable,17.0
1680259650094,/nas/antoniodetoro/qwen/Qwen-Image-Edit-Angles-2/datos/MultiViewVisibleImagesHPE_Custom/test/00_15/00_15_1680259650094_rgb.png,/nas/antoniodetoro/qwen/Qwen-Image-Edit-Angles-2/datos/MultiViewVisibleImagesHPE_Custom/00_17/to_00_15/Step_6_fake_00_15_from_00_17_1680259650094_rgb.png,OK,3.913483619044778,78.78787878787878,0.9977183327763514,aceptable,13.0
1680259650395,/nas/antoniodetoro/qwen/Qwen-Image-Edit-Angles-2/datos/MultiViewVisibleImagesHPE_Custom/test/00_15/00_15_1680259650395_rgb.png,/nas/antoniodetoro/qwen/Qwen-Image-Edit-Angles-2/datos/MultiViewVisibleImagesHPE_Custom/00_17/to_00_15/Step_6_fake_00_15_from_00_17_1680259650395_rgb.png,OK,4.704448156122674,57.57575757575758,0.9965330670822798,crítico,15.0
1680259650696,/nas/antoniodetoro/qwen/Qwen-Image-Edit-Angles-2/datos/MultiViewVisibleImagesHPE_Custom/test/00_15/00_15_1680259650696_rgb.png,/nas/antoniodetoro/qwen/Qwen-Image-Edit-Angles-2/datos/MultiViewVisibleImagesHPE_Custom/00_17/to_00_15/Step_6_fake_00_15_from_00_17_1680259650696_rgb.png,OK,2.4522761779691007,100.0,0.9994005029732824,excelente,10.0
1680259650997,/nas/antoniodetoro/qwen/Qwen-Image-Edit-Angles-2/datos/MultiViewVisibleImagesHPE_Custom/test/00_15/00_15_1680259650997_rgb.png,/nas/antoniodetoro/qwen/Qwen-Image-Edit-Angles-2/datos/MultiViewVisibleImagesHPE_Custom/00_17/to_00_15/Step_6_fake_00_15_from_00_17_1680259650997_rgb.png,OK,2.216003530030317,100.0,0.9995258544768494,excelente,7.0
1680259651298,/nas/antoniodetoro/qwen/Qwen-Image-Edit-Angles-2/datos/MultiViewVisibleImagesHPE_Custom/test/00_15/00_15_1680259651298_rgb.png,/nas/antoniodetoro/qwen/Qwen-Image-Edit-Angles-2/datos/MultiViewVisibleImagesHPE_Custom/00_17/to_00_15/Step_6_fake_00_15_from_00_17_1680259651298_rgb.png,OK,2.7476283980944136,100.0,0.9991847014441484,excelente,31.0
1680259651600,/nas/antoniodetoro/qwen/Qwen-Image-Edit-Angles-2/datos/MultiViewVisibleImagesHPE_Custom/test/00_15/00_15_1680259651600_rgb.png,/nas/antoniodetoro/qwen/Qwen-Image-Edit-Angles-2/datos/MultiViewVisibleImagesHPE_Custom/00_17/to_00_15/Step_6_fake_00_15_from_00_17_1680259651600_rgb.png,OK,3.1782938505860185,90.9090909090909,0.9990920565695209,excelente,6.0
1680259651901,/nas/antoniodetoro/qwen/Qwen-Image-Edit-Angles-2/datos/MultiViewVisibleImagesHPE_Custom/test/00_15/00_15_1680259651901_rgb.png,/nas/antoniodetoro/qwen/Qwen-Image-Edit-Angles-2/datos/MultiViewVisibleImagesHPE_Custom/00_17/to_00_15/Step_6_fake_00_15_from_00_17_1680259651901_rgb.png,OK,3.8678810458769672,63.63636363636363,0.9981160006283532,crítico,20.0
1680259652202,/nas/antoniodetoro/qwen/Qwen-Image-Edit-Angles-2/datos/MultiViewVisibleImagesHPE_Custom/test/00_15/00_15_1680259652202_rgb.png,/nas/antoniodetoro/qwen/Qwen-Image-Edit-Angles-2/datos/MultiViewVisibleImagesHPE_Custom/00_17/to_00_15/Step_6_fake_00_15_from_00_17_1680259652202_rgb.png,OK,7.559528552422205,78.78787878787878,0.9821295378529044,aceptable,17.0
1680259652804,/nas/antoniodetoro/qwen/Qwen-Image-Edit-Angles-2/datos/MultiViewVisibleImagesHPE_Custom/test/00_15/00_15_1680259652804_rgb.png,/nas/antoniodetoro/qwen/Qwen-Image-Edit-Angles-2/datos/MultiViewVisibleImagesHPE_Custom/00_17/to_00_15/Step_6_fake_00_15_from_00_17_1680259652804_rgb.png,OK,6.135361673372689,84.84848484848484,0.9819499020683355,aceptable,19.0
1680259653105,/nas/antoniodetoro/qwen/Qwen-Image-Edit-Angles-2/datos/MultiViewVisibleImagesHPE_Custom/test/00_15/00_15_1680259653105_rgb.png,/nas/antoniodetoro/qwen/Qwen-Image-Edit-Angles-2/datos/MultiViewVisibleImagesHPE_Custom/00_17/to_00_15/Step_6_fake_00_15_from_00_17_1680259653105_rgb.png,OK,6.081887996912785,84.84848484848484,0.9796380943542696,aceptable,19.0
1680259653406,/nas/antoniodetoro/qwen/Qwen-Image-Edit-Angles-2/datos/MultiViewVisibleImagesHPE_Custom/test/00_15/00_15_1680259653406_rgb.png,/nas/antoniodetoro/qwen/Qwen-Image-Edit-Angles-2/datos/MultiViewVisibleImagesHPE_Custom/00_17/to_00_15/Step_6_fake_00_15_from_00_17_1680259653406_rgb.png,OK,5.585519427688424,84.84848484848484,0.9865095438756005,aceptable,19.0
1680259653707,/nas/antoniodetoro/qwen/Qwen-Image-Edit-Angles-2/datos/MultiViewVisibleImagesHPE_Custom/test/00_15/00_15_1680259653707_rgb.png,/nas/antoniodetoro/qwen/Qwen-Image-Edit-Angles-2/datos/MultiViewVisibleImagesHPE_Custom/00_17/to_00_15/Step_6_fake_00_15_from_00_17_1680259653707_rgb.png,OK,5.893751356837913,84.84848484848484,0.9805852220483622,aceptable,19.0
1680259654008,/nas/antoniodetoro/qwen/Qwen-Image-Edit-Angles-2/datos/MultiViewVisibleImagesHPE_Custom/test/00_15/00_15_1680259654008_rgb.png,/nas/antoniodetoro/qwen/Qwen-Image-Edit-Angles-2/datos/MultiViewVisibleImagesHPE_Custom/00_17/to_00_15/Step_6_fake_00_15_from_00_17_1680259654008_rgb.png,OK,5.11545605928548,84.84848484848484,0.9876676662800161,aceptable,19.0
1680259654308,/nas/antoniodetoro/qwen/Qwen-Image-Edit-Angles-2/datos/MultiViewVisibleImagesHPE_Custom/test/00_15/00_15_1680259654308_rgb.png,/nas/antoniodetoro/qwen/Qwen-Image-Edit-Angles-2/datos/MultiViewVisibleImagesHPE_Custom/00_17/to_00_15/Step_6_fake_00_15_from_00_17_1680259654308_rgb.png,OK,7.992821695434167,42.42424242424242,0.9867269295812241,crítico,17.0
1680259654609,/nas/antoniodetoro/qwen/Qwen-Image-Edit-Angles-2/datos/MultiViewVisibleImagesHPE_Custom/test/00_15/00_15_1680259654609_rgb.png,/nas/antoniodetoro/qwen/Qwen-Image-Edit-Angles-2/datos/MultiViewVisibleImagesHPE_Custom/00_17/to_00_15/Step_6_fake_00_15_from_00_17_1680259654609_rgb.png,OK,4.400961511529331,84.84848484848484,0.9981119300344706,aceptable,20.0
1680259654911,/nas/antoniodetoro/qwen/Qwen-Image-Edit-Angles-2/datos/MultiViewVisibleImagesHPE_Custom/test/00_15/00_15_1680259654911_rgb.png,/nas/antoniodetoro/qwen/Qwen-Image-Edit-Angles-2/datos/MultiViewVisibleImagesHPE_Custom/00_17/to_00_15/Step_6_fake_00_15_from_00_17_1680259654911_rgb.png,OK,2.8296061254186324,93.93939393939394,0.9994891925142521,excelente,18.0
1680259655212,/nas/antoniodetoro/qwen/Qwen-Image-Edit-Angles-2/datos/MultiViewVisibleImagesHPE_Custom/test/00_15/00_15_1680259655212_rgb.png,/nas/antoniodetoro/qwen/Qwen-Image-Edit-Angles-2/datos/MultiViewVisibleImagesHPE_Custom/00_17/to_00_15/Step_6_fake_00_15_from_00_17_1680259655212_rgb.png,OK,3.3891705140092405,81.81818181818183,0.9991561546914467,aceptable,29.0
1680259655513,/nas/antoniodetoro/qwen/Qwen-Image-Edit-Angles-2/datos/MultiViewVisibleImagesHPE_Custom/test/00_15/00_15_1680259655513_rgb.png,/nas/antoniodetoro/qwen/Qwen-Image-Edit-Angles-2/datos/MultiViewVisibleImagesHPE_Custom/00_17/to_00_15/Step_6_fake_00_15_from_00_17_1680259655513_rgb.png,OK,2.8591464203291084,90.9090909090909,0.9991939778824981,excelente,20.0
1680259655814,/nas/antoniodetoro/qwen/Qwen-Image-Edit-Angles-2/datos/MultiViewVisibleImagesHPE_Custom/test/00_15/00_15_1680259655814_rgb.png,/nas/antoniodetoro/qwen/Qwen-Image-Edit-Angles-2/datos/MultiViewVisibleImagesHPE_Custom/00_17/to_00_15/Step_6_fake_00_15_from_00_17_1680259655814_rgb.png,OK,3.3178040445560133,87.87878787878788,0.9989555626279588,aceptable,20.0
1680259656115,/nas/antoniodetoro/qwen/Qwen-Image-Edit-Angles-2/datos/MultiViewVisibleImagesHPE_Custom/test/00_15/00_15_1680259656115_rgb.png,/nas/antoniodetoro/qwen/Qwen-Image-Edit-Angles-2/datos/MultiViewVisibleImagesHPE_Custom/00_17/to_00_15/Step_6_fake_00_15_from_00_17_1680259656115_rgb.png,OK,2.3684254289224613,100.0,0.9995386281673001,excelente,27.0
1680259656416,/nas/antoniodetoro/qwen/Qwen-Image-Edit-Angles-2/datos/MultiViewVisibleImagesHPE_Custom/test/00_15/00_15_1680259656416_rgb.png,/nas/antoniodetoro/qwen/Qwen-Image-Edit-Angles-2/datos/MultiViewVisibleImagesHPE_Custom/00_17/to_00_15/Step_6_fake_00_15_from_00_17_1680259656416_rgb.png,OK,2.0773861063274137,100.0,0.9996111177657852,excelente,27.0
1680259656717,/nas/antoniodetoro/qwen/Qwen-Image-Edit-Angles-2/datos/MultiViewVisibleImagesHPE_Custom/test/00_15/00_15_1680259656717_rgb.png,/nas/antoniodetoro/qwen/Qwen-Image-Edit-Angles-2/datos/MultiViewVisibleImagesHPE_Custom/00_17/to_00_15/Step_6_fake_00_15_from_00_17_1680259656717_rgb.png,OK,2.3414228402976867,100.0,0.9994907699502533,excelente,15.0
1680259657018,/nas/antoniodetoro/qwen/Qwen-Image-Edit-Angles-2/datos/MultiViewVisibleImagesHPE_Custom/test/00_15/00_15_1680259657018_rgb.png,/nas/antoniodetoro/qwen/Qwen-Image-Edit-Angles-2/datos/MultiViewVisibleImagesHPE_Custom/00_17/to_00_15/Step_6_fake_00_15_from_00_17_1680259657018_rgb.png,OK,2.5779985273638033,96.96969696969697,0.9995160092764678,excelente,29.0
1680259657319,/nas/antoniodetoro/qwen/Qwen-Image-Edit-Angles-2/datos/MultiViewVisibleImagesHPE_Custom/test/00_15/00_15_1680259657319_rgb.png,/nas/antoniodetoro/qwen/Qwen-Image-Edit-Angles-2/datos/MultiViewVisibleImagesHPE_Custom/00_17/to_00_15/Step_6_fake_00_15_from_00_17_1680259657319_rgb.png,OK,1.897751668817301,100.0,0.9996020987766596,excelente,31.0
1680259657622,/nas/antoniodetoro/qwen/Qwen-Image-Edit-Angles-2/datos/MultiViewVisibleImagesHPE_Custom/test/00_15/00_15_1680259657622_rgb.png,/nas/antoniodetoro/qwen/Qwen-Image-Edit-Angles-2/datos/MultiViewVisibleImagesHPE_Custom/00_17/to_00_15/Step_6_fake_00_15_from_00_17_1680259657622_rgb.png,OK,4.27342989105701,66.66666666666666,0.9990670644640003,crítico,11.0
1680259657923,/nas/antoniodetoro/qwen/Qwen-Image-Edit-Angles-2/datos/MultiViewVisibleImagesHPE_Custom/test/00_15/00_15_1680259657923_rgb.png,/nas/antoniodetoro/qwen/Qwen-Image-Edit-Angles-2/datos/MultiViewVisibleImagesHPE_Custom/00_17/to_00_15/Step_6_fake_00_15_from_00_17_1680259657923_rgb.png,OK,2.7445528648630635,81.81818181818183,0.9991454886415821,aceptable,17.0
1680259658224,/nas/antoniodetoro/qwen/Qwen-Image-Edit-Angles-2/datos/MultiViewVisibleImagesHPE_Custom/test/00_15/00_15_1680259658224_rgb.png,/nas/antoniodetoro/qwen/Qwen-Image-Edit-Angles-2/datos/MultiViewVisibleImagesHPE_Custom/00_17/to_00_15/Step_6_fake_00_15_from_00_17_1680259658224_rgb.png,OK,2.425343883239012,84.84848484848484,0.999163903205365,aceptable,19.0
1680259658526,/nas/antoniodetoro/qwen/Qwen-Image-Edit-Angles-2/datos/MultiViewVisibleImagesHPE_Custom/test/00_15/00_15_1680259658526_rgb.png,/nas/antoniodetoro/qwen/Qwen-Image-Edit-Angles-2/datos/MultiViewVisibleImagesHPE_Custom/00_17/to_00_15/Step_6_fake_00_15_from_00_17_1680259658526_rgb.png,OK,3.7557063082634574,75.75757575757575,0.9985438779768765,aceptable,20.0
1680259658827,/nas/antoniodetoro/qwen/Qwen-Image-Edit-Angles-2/datos/MultiViewVisibleImagesHPE_Custom/test/00_15/00_15_1680259658827_rgb.png,/nas/antoniodetoro/qwen/Qwen-Image-Edit-Angles-2/datos/MultiViewVisibleImagesHPE_Custom/00_17/to_00_15/Step_6_fake_00_15_from_00_17_1680259658827_rgb.png,OK,3.896672870226602,57.57575757575758,0.997977711406571,crítico,31.0
1680259659128,/nas/antoniodetoro/qwen/Qwen-Image-Edit-Angles-2/datos/MultiViewVisibleImagesHPE_Custom/test/00_15/00_15_1680259659128_rgb.png,/nas/antoniodetoro/qwen/Qwen-Image-Edit-Angles-2/datos/MultiViewVisibleImagesHPE_Custom/00_17/to_00_15/Step_6_fake_00_15_from_00_17_1680259659128_rgb.png,OK,20.778376826673703,3.0303030303030303,0.9604674434531008,crítico,19.0
1680259659429,/nas/antoniodetoro/qwen/Qwen-Image-Edit-Angles-2/datos/MultiViewVisibleImagesHPE_Custom/test/00_15/00_15_1680259659429_rgb.png,/nas/antoniodetoro/qwen/Qwen-Image-Edit-Angles-2/datos/MultiViewVisibleImagesHPE_Custom/00_17/to_00_15/Step_6_fake_00_15_from_00_17_1680259659429_rgb.png,OK,25.603657636672096,0.0,0.937715619918706,crítico,19.0
1680259659730,/nas/antoniodetoro/qwen/Qwen-Image-Edit-Angles-2/datos/MultiViewVisibleImagesHPE_Custom/test/00_15/00_15_1680259659730_rgb.png,/nas/antoniodetoro/qwen/Qwen-Image-Edit-Angles-2/datos/MultiViewVisibleImagesHPE_Custom/00_17/to_00_15/Step_6_fake_00_15_from_00_17_1680259659730_rgb.png,OK,29.467533724857592,0.0,0.9146623350290503,crítico,19.0
1680259660031,/nas/antoniodetoro/qwen/Qwen-Image-Edit-Angles-2/datos/MultiViewVisibleImagesHPE_Custom/test/00_15/00_15_1680259660031_rgb.png,/nas/antoniodetoro/qwen/Qwen-Image-Edit-Angles-2/datos/MultiViewVisibleImagesHPE_Custom/00_17/to_00_15/Step_6_fake_00_15_from_00_17_1680259660031_rgb.png,OK,21.28660203461652,3.0303030303030303,0.9511155674563103,crítico,19.0
1680259660332,/nas/antoniodetoro/qwen/Qwen-Image-Edit-Angles-2/datos/MultiViewVisibleImagesHPE_Custom/test/00_15/00_15_1680259660332_rgb.png,/nas/antoniodetoro/qwen/Qwen-Image-Edit-Angles-2/datos/MultiViewVisibleImagesHPE_Custom/00_17/to_00_15/Step_6_fake_00_15_from_00_17_1680259660332_rgb.png,OK,23.962728708322842,0.0,0.940559776632895,crítico,19.0
1680259660633,/nas/antoniodetoro/qwen/Qwen-Image-Edit-Angles-2/datos/MultiViewVisibleImagesHPE_Custom/test/00_15/00_15_1680259660633_rgb.png,/nas/antoniodetoro/qwen/Qwen-Image-Edit-Angles-2/datos/MultiViewVisibleImagesHPE_Custom/00_17/to_00_15/Step_6_fake_00_15_from_00_17_1680259660633_rgb.png,OK,30.479582248360526,0.0,0.9134538918789122,crítico,19.0
1680259660934,/nas/antoniodetoro/qwen/Qwen-Image-Edit-Angles-2/datos/MultiViewVisibleImagesHPE_Custom/test/00_15/00_15_1680259660934_rgb.png,/nas/antoniodetoro/qwen/Qwen-Image-Edit-Angles-2/datos/MultiViewVisibleImagesHPE_Custom/00_17/to_00_15/Step_6_fake_00_15_from_00_17_1680259660934_rgb.png,OK,16.86682832670579,0.0,0.9756055051760987,crítico,19.0
1680259661236,/nas/antoniodetoro/qwen/Qwen-Image-Edit-Angles-2/datos/MultiViewVisibleImagesHPE_Custom/test/00_15/00_15_1680259661236_rgb.png,/nas/antoniodetoro/qwen/Qwen-Image-Edit-Angles-2/datos/MultiViewVisibleImagesHPE_Custom/00_17/to_00_15/Step_6_fake_00_15_from_00_17_1680259661236_rgb.png,OK,5.173292827550201,63.63636363636363,0.9963655743775439,crítico,18.0
1680259661537,/nas/antoniodetoro/qwen/Qwen-Image-Edit-Angles-2/datos/MultiViewVisibleImagesHPE_Custom/test/00_15/00_15_1680259661537_rgb.png,/nas/antoniodetoro/qwen/Qwen-Image-Edit-Angles-2/datos/MultiViewVisibleImagesHPE_Custom/00_17/to_00_15/Step_6_fake_00_15_from_00_17_1680259661537_rgb.png,OK,2.696226483172243,87.87878787878788,0.9989012518376402,aceptable,21.0
1680259661838,/nas/antoniodetoro/qwen/Qwen-Image-Edit-Angles-2/datos/MultiViewVisibleImagesHPE_Custom/test/00_15/00_15_1680259661838_rgb.png,/nas/antoniodetoro/qwen/Qwen-Image-Edit-Angles-2/datos/MultiViewVisibleImagesHPE_Custom/00_17/to_00_15/Step_6_fake_00_15_from_00_17_1680259661838_rgb.png,OK,2.1500326309268463,100.0,0.9995732821134886,excelente,3.0
1680259662139,/nas/antoniodetoro/qwen/Qwen-Image-Edit-Angles-2/datos/MultiViewVisibleImagesHPE_Custom/test/00_15/00_15_1680259662139_rgb.png,/nas/antoniodetoro/qwen/Qwen-Image-Edit-Angles-2/datos/MultiViewVisibleImagesHPE_Custom/00_17/to_00_15/Step_6_fake_00_15_from_00_17_1680259662139_rgb.png,OK,3.905641055217413,81.81818181818183,0.9986448118951564,aceptable,20.0
1680259662440,/nas/antoniodetoro/qwen/Qwen-Image-Edit-Angles-2/datos/MultiViewVisibleImagesHPE_Custom/test/00_15/00_15_1680259662440_rgb.png,/nas/antoniodetoro/qwen/Qwen-Image-Edit-Angles-2/datos/MultiViewVisibleImagesHPE_Custom/00_17/to_00_15/Step_6_fake_00_15_from_00_17_1680259662440_rgb.png,OK,3.225863462718388,84.84848484848484,0.9991723974134618,aceptable,19.0
1680259662741,/nas/antoniodetoro/qwen/Qwen-Image-Edit-Angles-2/datos/MultiViewVisibleImagesHPE_Custom/test/00_15/00_15_1680259662741_rgb.png,/nas/antoniodetoro/qwen/Qwen-Image-Edit-Angles-2/datos/MultiViewVisibleImagesHPE_Custom/00_17/to_00_15/Step_6_fake_00_15_from_00_17_1680259662741_rgb.png,OK,2.3761606839134926,93.93939393939394,0.9995577920203179,excelente,18.0
1680259663042,/nas/antoniodetoro/qwen/Qwen-Image-Edit-Angles-2/datos/MultiViewVisibleImagesHPE_Custom/test/00_15/00_15_1680259663042_rgb.png,/nas/antoniodetoro/qwen/Qwen-Image-Edit-Angles-2/datos/MultiViewVisibleImagesHPE_Custom/00_17/to_00_15/Step_6_fake_00_15_from_00_17_1680259663042_rgb.png,OK,3.651615580144183,60.60606060606061,0.9980574809429179,crítico,17.0
1680259663343,/nas/antoniodetoro/qwen/Qwen-Image-Edit-Angles-2/datos/MultiViewVisibleImagesHPE_Custom/test/00_15/00_15_1680259663343_rgb.png,/nas/antoniodetoro/qwen/Qwen-Image-Edit-Angles-2/datos/MultiViewVisibleImagesHPE_Custom/00_17/to_00_15/Step_6_fake_00_15_from_00_17_1680259663343_rgb.png,OK,5.4132604224857195,54.54545454545454,0.9962734978131943,crítico,17.0
1680259663644,/nas/antoniodetoro/qwen/Qwen-Image-Edit-Angles-2/datos/MultiViewVisibleImagesHPE_Custom/test/00_15/00_15_1680259663644_rgb.png,/nas/antoniodetoro/qwen/Qwen-Image-Edit-Angles-2/datos/MultiViewVisibleImagesHPE_Custom/00_17/to_00_15/Step_6_fake_00_15_from_00_17_1680259663644_rgb.png,OK,22.92062535276818,3.0303030303030303,0.9599115335362306,crítico,19.0
1680259663945,/nas/antoniodetoro/qwen/Qwen-Image-Edit-Angles-2/datos/MultiViewVisibleImagesHPE_Custom/test/00_15/00_15_1680259663945_rgb.png,/nas/antoniodetoro/qwen/Qwen-Image-Edit-Angles-2/datos/MultiViewVisibleImagesHPE_Custom/00_17/to_00_15/Step_6_fake_00_15_from_00_17_1680259663945_rgb.png,OK,11.97243515889209,30.303030303030305,0.9815246448390496,crítico,20.0
1680259664246,/nas/antoniodetoro/qwen/Qwen-Image-Edit-Angles-2/datos/MultiViewVisibleImagesHPE_Custom/test/00_15/00_15_1680259664246_rgb.png,/nas/antoniodetoro/qwen/Qwen-Image-Edit-Angles-2/datos/MultiViewVisibleImagesHPE_Custom/00_17/to_00_15/Step_6_fake_00_15_from_00_17_1680259664246_rgb.png,OK,10.751948075594946,33.33333333333333,0.9854555658619619,crítico,29.0
1680259664547,/nas/antoniodetoro/qwen/Qwen-Image-Edit-Angles-2/datos/MultiViewVisibleImagesHPE_Custom/test/00_15/00_15_1680259664547_rgb.png,/nas/antoniodetoro/qwen/Qwen-Image-Edit-Angles-2/datos/MultiViewVisibleImagesHPE_Custom/00_17/to_00_15/Step_6_fake_00_15_from_00_17_1680259664547_rgb.png,OK,12.296730192038098,27.27272727272727,0.9854304818476423,crítico,32.0
1680259664848,/nas/antoniodetoro/qwen/Qwen-Image-Edit-Angles-2/datos/MultiViewVisibleImagesHPE_Custom/test/00_15/00_15_1680259664848_rgb.png,/nas/antoniodetoro/qwen/Qwen-Image-Edit-Angles-2/datos/MultiViewVisibleImagesHPE_Custom/00_17/to_00_15/Step_6_fake_00_15_from_00_17_1680259664848_rgb.png,OK,27.57425316096233,0.0,0.9237453560173181,crítico,19.0
1680259665148,/nas/antoniodetoro/qwen/Qwen-Image-Edit-Angles-2/datos/MultiViewVisibleImagesHPE_Custom/test/00_15/00_15_1680259665148_rgb.png,/nas/antoniodetoro/qwen/Qwen-Image-Edit-Angles-2/datos/MultiViewVisibleImagesHPE_Custom/00_17/to_00_15/Step_6_fake_00_15_from_00_17_1680259665148_rgb.png,OK,26.431731548794442,0.0,0.9342427616237582,crítico,19.0
1680259665450,/nas/antoniodetoro/qwen/Qwen-Image-Edit-Angles-2/datos/MultiViewVisibleImagesHPE_Custom/test/00_15/00_15_1680259665450_rgb.png,/nas/antoniodetoro/qwen/Qwen-Image-Edit-Angles-2/datos/MultiViewVisibleImagesHPE_Custom/00_17/to_00_15/Step_6_fake_00_15_from_00_17_1680259665450_rgb.png,OK,6.442662388821781,57.57575757575758,0.9918684047273774,crítico,22.0
1680259665751,/nas/antoniodetoro/qwen/Qwen-Image-Edit-Angles-2/datos/MultiViewVisibleImagesHPE_Custom/test/00_15/00_15_1680259665751_rgb.png,/nas/antoniodetoro/qwen/Qwen-Image-Edit-Angles-2/datos/MultiViewVisibleImagesHPE_Custom/00_17/to_00_15/Step_6_fake_00_15_from_00_17_1680259665751_rgb.png,OK,3.2533339798477185,81.81818181818183,0.9985499417694778,aceptable,18.0
1680259666052,/nas/antoniodetoro/qwen/Qwen-Image-Edit-Angles-2/datos/MultiViewVisibleImagesHPE_Custom/test/00_15/00_15_1680259666052_rgb.png,/nas/antoniodetoro/qwen/Qwen-Image-Edit-Angles-2/datos/MultiViewVisibleImagesHPE_Custom/00_17/to_00_15/Step_6_fake_00_15_from_00_17_1680259666052_rgb.png,OK,2.6357131561363865,87.87878787878788,0.9991467894430546,aceptable,18.0
1680259666353,/nas/antoniodetoro/qwen/Qwen-Image-Edit-Angles-2/datos/MultiViewVisibleImagesHPE_Custom/test/00_15/00_15_1680259666353_rgb.png,/nas/antoniodetoro/qwen/Qwen-Image-Edit-Angles-2/datos/MultiViewVisibleImagesHPE_Custom/00_17/to_00_15/Step_6_fake_00_15_from_00_17_1680259666353_rgb.png,OK,3.311386732242297,78.78787878787878,0.9988802158805442,aceptable,20.0
1680259666654,/nas/antoniodetoro/qwen/Qwen-Image-Edit-Angles-2/datos/MultiViewVisibleImagesHPE_Custom/test/00_15/00_15_1680259666654_rgb.png,/nas/antoniodetoro/qwen/Qwen-Image-Edit-Angles-2/datos/MultiViewVisibleImagesHPE_Custom/00_17/to_00_15/Step_6_fake_00_15_from_00_17_1680259666654_rgb.png,OK,2.3894679571264144,100.0,0.9993472191155941,excelente,18.0
1680259666955,/nas/antoniodetoro/qwen/Qwen-Image-Edit-Angles-2/datos/MultiViewVisibleImagesHPE_Custom/test/00_15/00_15_1680259666955_rgb.png,/nas/antoniodetoro/qwen/Qwen-Image-Edit-Angles-2/datos/MultiViewVisibleImagesHPE_Custom/00_17/to_00_15/Step_6_fake_00_15_from_00_17_1680259666955_rgb.png,OK,3.295674688195355,66.66666666666666,0.999035319829725,crítico,3.0
1680259667256,/nas/antoniodetoro/qwen/Qwen-Image-Edit-Angles-2/datos/MultiViewVisibleImagesHPE_Custom/test/00_15/00_15_1680259667256_rgb.png,/nas/antoniodetoro/qwen/Qwen-Image-Edit-Angles-2/datos/MultiViewVisibleImagesHPE_Custom/00_17/to_00_15/Step_6_fake_00_15_from_00_17_1680259667256_rgb.png,OK,2.531901371389434,100.0,0.999262567803331,excelente,11.0
1680259667557,/nas/antoniodetoro/qwen/Qwen-Image-Edit-Angles-2/datos/MultiViewVisibleImagesHPE_Custom/test/00_15/00_15_1680259667557_rgb.png,/nas/antoniodetoro/qwen/Qwen-Image-Edit-Angles-2/datos/MultiViewVisibleImagesHPE_Custom/00_17/to_00_15/Step_6_fake_00_15_from_00_17_1680259667557_rgb.png,OK,2.451464410715537,96.96969696969697,0.9994288770089838,excelente,18.0
1680259667858,/nas/antoniodetoro/qwen/Qwen-Image-Edit-Angles-2/datos/MultiViewVisibleImagesHPE_Custom/test/00_15/00_15_1680259667858_rgb.png,/nas/antoniodetoro/qwen/Qwen-Image-Edit-Angles-2/datos/MultiViewVisibleImagesHPE_Custom/00_17/to_00_15/Step_6_fake_00_15_from_00_17_1680259667858_rgb.png,OK,2.0973727965376714,100.0,0.9994695750022373,excelente,20.0
1680259668159,/nas/antoniodetoro/qwen/Qwen-Image-Edit-Angles-2/datos/MultiViewVisibleImagesHPE_Custom/test/00_15/00_15_1680259668159_rgb.png,/nas/antoniodetoro/qwen/Qwen-Image-Edit-Angles-2/datos/MultiViewVisibleImagesHPE_Custom/00_17/to_00_15/Step_6_fake_00_15_from_00_17_1680259668159_rgb.png,OK,3.5821231648373093,75.75757575757575,0.9976886306517928,aceptable,27.0
1680259668460,/nas/antoniodetoro/qwen/Qwen-Image-Edit-Angles-2/datos/MultiViewVisibleImagesHPE_Custom/test/00_15/00_15_1680259668460_rgb.png,/nas/antoniodetoro/qwen/Qwen-Image-Edit-Angles-2/datos/MultiViewVisibleImagesHPE_Custom/00_17/to_00_15/Step_6_fake_00_15_from_00_17_1680259668460_rgb.png,OK,3.4177913330251073,69.6969696969697,0.9975476655687235,crítico,32.0
1680259668761,/nas/antoniodetoro/qwen/Qwen-Image-Edit-Angles-2/datos/MultiViewVisibleImagesHPE_Custom/test/00_15/00_15_1680259668761_rgb.png,/nas/antoniodetoro/qwen/Qwen-Image-Edit-Angles-2/datos/MultiViewVisibleImagesHPE_Custom/00_17/to_00_15/Step_6_fake_00_15_from_00_17_1680259668761_rgb.png,OK,14.58704082100241,3.0303030303030303,0.9702579551067336,crítico,31.0
1680259669063,/nas/antoniodetoro/qwen/Qwen-Image-Edit-Angles-2/datos/MultiViewVisibleImagesHPE_Custom/test/00_15/00_15_1680259669063_rgb.png,/nas/antoniodetoro/qwen/Qwen-Image-Edit-Angles-2/datos/MultiViewVisibleImagesHPE_Custom/00_17/to_00_15/Step_6_fake_00_15_from_00_17_1680259669063_rgb.png,OK,10.110236124854696,36.36363636363637,0.9857294075728797,crítico,31.0
1680259669364,/nas/antoniodetoro/qwen/Qwen-Image-Edit-Angles-2/datos/MultiViewVisibleImagesHPE_Custom/test/00_15/00_15_1680259669364_rgb.png,/nas/antoniodetoro/qwen/Qwen-Image-Edit-Angles-2/datos/MultiViewVisibleImagesHPE_Custom/00_17/to_00_15/Step_6_fake_00_15_from_00_17_1680259669364_rgb.png,OK,3.354173086895189,84.84848484848484,0.9981435574067317,aceptable,29.0
1680259669665,/nas/antoniodetoro/qwen/Qwen-Image-Edit-Angles-2/datos/MultiViewVisibleImagesHPE_Custom/test/00_15/00_15_1680259669665_rgb.png,/nas/antoniodetoro/qwen/Qwen-Image-Edit-Angles-2/datos/MultiViewVisibleImagesHPE_Custom/00_17/to_00_15/Step_6_fake_00_15_from_00_17_1680259669665_rgb.png,OK,2.5529106374228014,100.0,0.9992362075775951,excelente,18.0
1680259669966,/nas/antoniodetoro/qwen/Qwen-Image-Edit-Angles-2/datos/MultiViewVisibleImagesHPE_Custom/test/00_15/00_15_1680259669966_rgb.png,/nas/antoniodetoro/qwen/Qwen-Image-Edit-Angles-2/datos/MultiViewVisibleImagesHPE_Custom/00_17/to_00_15/Step_6_fake_00_15_from_00_17_1680259669966_rgb.png,OK,2.165744052362924,100.0,0.9995361824179904,excelente,18.0
1680259670267,/nas/antoniodetoro/qwen/Qwen-Image-Edit-Angles-2/datos/MultiViewVisibleImagesHPE_Custom/test/00_15/00_15_1680259670267_rgb.png,/nas/antoniodetoro/qwen/Qwen-Image-Edit-Angles-2/datos/MultiViewVisibleImagesHPE_Custom/00_17/to_00_15/Step_6_fake_00_15_from_00_17_1680259670267_rgb.png,OK,2.3760634783606447,93.93939393939394,0.9994062225809082,excelente,18.0
1680259670568,/nas/antoniodetoro/qwen/Qwen-Image-Edit-Angles-2/datos/MultiViewVisibleImagesHPE_Custom/test/00_15/00_15_1680259670568_rgb.png,/nas/antoniodetoro/qwen/Qwen-Image-Edit-Angles-2/datos/MultiViewVisibleImagesHPE_Custom/00_17/to_00_15/Step_6_fake_00_15_from_00_17_1680259670568_rgb.png,OK,2.5768615985173455,90.9090909090909,0.9995403090656699,excelente,18.0
1680259670869,/nas/antoniodetoro/qwen/Qwen-Image-Edit-Angles-2/datos/MultiViewVisibleImagesHPE_Custom/test/00_15/00_15_1680259670869_rgb.png,/nas/antoniodetoro/qwen/Qwen-Image-Edit-Angles-2/datos/MultiViewVisibleImagesHPE_Custom/00_17/to_00_15/Step_6_fake_00_15_from_00_17_1680259670869_rgb.png,OK,2.8578375514416323,87.87878787878788,0.9988413152592879,aceptable,21.0
1680259671170,/nas/antoniodetoro/qwen/Qwen-Image-Edit-Angles-2/datos/MultiViewVisibleImagesHPE_Custom/test/00_15/00_15_1680259671170_rgb.png,/nas/antoniodetoro/qwen/Qwen-Image-Edit-Angles-2/datos/MultiViewVisibleImagesHPE_Custom/00_17/to_00_15/Step_6_fake_00_15_from_00_17_1680259671170_rgb.png,OK,5.135474945613492,72.72727272727273,0.9969581123567643,aceptable,31.0
1680259671471,/nas/antoniodetoro/qwen/Qwen-Image-Edit-Angles-2/datos/MultiViewVisibleImagesHPE_Custom/test/00_15/00_15_1680259671471_rgb.png,/nas/antoniodetoro/qwen/Qwen-Image-Edit-Angles-2/datos/MultiViewVisibleImagesHPE_Custom/00_17/to_00_15/Step_6_fake_00_15_from_00_17_1680259671471_rgb.png,OK,3.747549837517136,75.75757575757575,0.9976476903637652,aceptable,32.0
1680259671772,/nas/antoniodetoro/qwen/Qwen-Image-Edit-Angles-2/datos/MultiViewVisibleImagesHPE_Custom/test/00_15/00_15_1680259671772_rgb.png,/nas/antoniodetoro/qwen/Qwen-Image-Edit-Angles-2/datos/MultiViewVisibleImagesHPE_Custom/00_17/to_00_15/Step_6_fake_00_15_from_00_17_1680259671772_rgb.png,OK,13.641376640252194,57.57575757575758,0.9169043993848828,crítico,32.0
1680259672073,/nas/antoniodetoro/qwen/Qwen-Image-Edit-Angles-2/datos/MultiViewVisibleImagesHPE_Custom/test/00_15/00_15_1680259672073_rgb.png,/nas/antoniodetoro/qwen/Qwen-Image-Edit-Angles-2/datos/MultiViewVisibleImagesHPE_Custom/00_17/to_00_15/Step_6_fake_00_15_from_00_17_1680259672073_rgb.png,OK,13.271043455654416,60.60606060606061,0.9335368123102221,crítico,31.0
1680259672374,/nas/antoniodetoro/qwen/Qwen-Image-Edit-Angles-2/datos/MultiViewVisibleImagesHPE_Custom/test/00_15/00_15_1680259672374_rgb.png,/nas/antoniodetoro/qwen/Qwen-Image-Edit-Angles-2/datos/MultiViewVisibleImagesHPE_Custom/00_17/to_00_15/Step_6_fake_00_15_from_00_17_1680259672374_rgb.png,OK,8.255869268268656,75.75757575757575,0.9786711869942654,aceptable,31.0
1680259672675,/nas/antoniodetoro/qwen/Qwen-Image-Edit-Angles-2/datos/MultiViewVisibleImagesHPE_Custom/test/00_15/00_15_1680259672675_rgb.png,/nas/antoniodetoro/qwen/Qwen-Image-Edit-Angles-2/datos/MultiViewVisibleImagesHPE_Custom/00_17/to_00_15/Step_6_fake_00_15_from_00_17_1680259672675_rgb.png,OK,4.189404221795658,69.6969696969697,0.9981454145180707,crítico,7.0
1680259672977,/nas/antoniodetoro/qwen/Qwen-Image-Edit-Angles-2/datos/MultiViewVisibleImagesHPE_Custom/test/00_15/00_15_1680259672977_rgb.png,/nas/antoniodetoro/qwen/Qwen-Image-Edit-Angles-2/datos/MultiViewVisibleImagesHPE_Custom/00_17/to_00_15/Step_6_fake_00_15_from_00_17_1680259672977_rgb.png,OK,1.877373923883231,100.0,0.999703069852739,excelente,18.0
1680259673278,/nas/antoniodetoro/qwen/Qwen-Image-Edit-Angles-2/datos/MultiViewVisibleImagesHPE_Custom/test/00_15/00_15_1680259673278_rgb.png,/nas/antoniodetoro/qwen/Qwen-Image-Edit-Angles-2/datos/MultiViewVisibleImagesHPE_Custom/00_17/to_00_15/Step_6_fake_00_15_from_00_17_1680259673278_rgb.png,OK,1.9422849233841168,100.0,0.9996352714896064,excelente,7.0
1680259673579,/nas/antoniodetoro/qwen/Qwen-Image-Edit-Angles-2/datos/MultiViewVisibleImagesHPE_Custom/test/00_15/00_15_1680259673579_rgb.png,/nas/antoniodetoro/qwen/Qwen-Image-Edit-Angles-2/datos/MultiViewVisibleImagesHPE_Custom/00_17/to_00_15/Step_6_fake_00_15_from_00_17_1680259673579_rgb.png,OK,2.484013896645594,93.93939393939394,0.9995040784189797,excelente,29.0
1680259673880,/nas/antoniodetoro/qwen/Qwen-Image-Edit-Angles-2/datos/MultiViewVisibleImagesHPE_Custom/test/00_15/00_15_1680259673880_rgb.png,/nas/antoniodetoro/qwen/Qwen-Image-Edit-Angles-2/datos/MultiViewVisibleImagesHPE_Custom/00_17/to_00_15/Step_6_fake_00_15_from_00_17_1680259673880_rgb.png,OK,2.9854888220442346,100.0,0.9993344908877573,excelente,31.0
1680259674181,/nas/antoniodetoro/qwen/Qwen-Image-Edit-Angles-2/datos/MultiViewVisibleImagesHPE_Custom/test/00_15/00_15_1680259674181_rgb.png,/nas/antoniodetoro/qwen/Qwen-Image-Edit-Angles-2/datos/MultiViewVisibleImagesHPE_Custom/00_17/to_00_15/Step_6_fake_00_15_from_00_17_1680259674181_rgb.png,OK,4.708627805015352,48.484848484848484,0.9976577923497121,crítico,29.0
1680259674482,/nas/antoniodetoro/qwen/Qwen-Image-Edit-Angles-2/datos/MultiViewVisibleImagesHPE_Custom/test/00_15/00_15_1680259674482_rgb.png,/nas/antoniodetoro/qwen/Qwen-Image-Edit-Angles-2/datos/MultiViewVisibleImagesHPE_Custom/00_17/to_00_15/Step_6_fake_00_15_from_00_17_1680259674482_rgb.png,OK,4.176175667652752,72.72727272727273,0.9980245589496379,aceptable,30.0
1680259674783,/nas/antoniodetoro/qwen/Qwen-Image-Edit-Angles-2/datos/MultiViewVisibleImagesHPE_Custom/test/00_15/00_15_1680259674783_rgb.png,/nas/antoniodetoro/qwen/Qwen-Image-Edit-Angles-2/datos/MultiViewVisibleImagesHPE_Custom/00_17/to_00_15/Step_6_fake_00_15_from_00_17_1680259674783_rgb.png,OK,4.752228220500144,51.515151515151516,0.9953195272252408,crítico,30.0
1680259675084,/nas/antoniodetoro/qwen/Qwen-Image-Edit-Angles-2/datos/MultiViewVisibleImagesHPE_Custom/test/00_15/00_15_1680259675084_rgb.png,/nas/antoniodetoro/qwen/Qwen-Image-Edit-Angles-2/datos/MultiViewVisibleImagesHPE_Custom/00_17/to_00_15/Step_6_fake_00_15_from_00_17_1680259675084_rgb.png,OK,5.548604081679644,33.33333333333333,0.9957179202780865,crítico,30.0
1680259675385,/nas/antoniodetoro/qwen/Qwen-Image-Edit-Angles-2/datos/MultiViewVisibleImagesHPE_Custom/test/00_15/00_15_1680259675385_rgb.png,/nas/antoniodetoro/qwen/Qwen-Image-Edit-Angles-2/datos/MultiViewVisibleImagesHPE_Custom/00_17/to_00_15/Step_6_fake_00_15_from_00_17_1680259675385_rgb.png,OK,4.382173940220984,51.515151515151516,0.9977105310618295,crítico,29.0
1680259675686,/nas/antoniodetoro/qwen/Qwen-Image-Edit-Angles-2/datos/MultiViewVisibleImagesHPE_Custom/test/00_15/00_15_1680259675686_rgb.png,/nas/antoniodetoro/qwen/Qwen-Image-Edit-Angles-2/datos/MultiViewVisibleImagesHPE_Custom/00_17/to_00_15/Step_6_fake_00_15_from_00_17_1680259675686_rgb.png,OK,6.2644291826545135,21.21212121212121,0.9959061223289015,crítico,32.0
1680259675987,/nas/antoniodetoro/qwen/Qwen-Image-Edit-Angles-2/datos/MultiViewVisibleImagesHPE_Custom/test/00_15/00_15_1680259675987_rgb.png,/nas/antoniodetoro/qwen/Qwen-Image-Edit-Angles-2/datos/MultiViewVisibleImagesHPE_Custom/00_17/to_00_15/Step_6_fake_00_15_from_00_17_1680259675987_rgb.png,OK,2.5146019801313555,100.0,0.9992932820417915,excelente,10.0
1680259676288,/nas/antoniodetoro/qwen/Qwen-Image-Edit-Angles-2/datos/MultiViewVisibleImagesHPE_Custom/test/00_15/00_15_1680259676288_rgb.png,/nas/antoniodetoro/qwen/Qwen-Image-Edit-Angles-2/datos/MultiViewVisibleImagesHPE_Custom/00_17/to_00_15/Step_6_fake_00_15_from_00_17_1680259676288_rgb.png,OK,2.88913571482771,100.0,0.999365963811392,excelente,11.0
1680259676589,/nas/antoniodetoro/qwen/Qwen-Image-Edit-Angles-2/datos/MultiViewVisibleImagesHPE_Custom/test/00_15/00_15_1680259676589_rgb.png,/nas/antoniodetoro/qwen/Qwen-Image-Edit-Angles-2/datos/MultiViewVisibleImagesHPE_Custom/00_17/to_00_15/Step_6_fake_00_15_from_00_17_1680259676589_rgb.png,OK,2.8298628074370464,100.0,0.9993160622350528,excelente,7.0
1680259676890,/nas/antoniodetoro/qwen/Qwen-Image-Edit-Angles-2/datos/MultiViewVisibleImagesHPE_Custom/test/00_15/00_15_1680259676890_rgb.png,/nas/antoniodetoro/qwen/Qwen-Image-Edit-Angles-2/datos/MultiViewVisibleImagesHPE_Custom/00_17/to_00_15/Step_6_fake_00_15_from_00_17_1680259676890_rgb.png,OK,2.5115579131128047,100.0,0.9993848347384211,excelente,3.0
1680259677192,/nas/antoniodetoro/qwen/Qwen-Image-Edit-Angles-2/datos/MultiViewVisibleImagesHPE_Custom/test/00_15/00_15_1680259677192_rgb.png,/nas/antoniodetoro/qwen/Qwen-Image-Edit-Angles-2/datos/MultiViewVisibleImagesHPE_Custom/00_17/to_00_15/Step_6_fake_00_15_from_00_17_1680259677192_rgb.png,OK,2.946514512062817,100.0,0.9992209775322524,excelente,18.0
1680259677493,/nas/antoniodetoro/qwen/Qwen-Image-Edit-Angles-2/datos/MultiViewVisibleImagesHPE_Custom/test/00_15/00_15_1680259677493_rgb.png,/nas/antoniodetoro/qwen/Qwen-Image-Edit-Angles-2/datos/MultiViewVisibleImagesHPE_Custom/00_17/to_00_15/Step_6_fake_00_15_from_00_17_1680259677493_rgb.png,OK,5.276053903086791,39.39393939393939,0.9974056355243569,crítico,31.0
1680259677794,/nas/antoniodetoro/qwen/Qwen-Image-Edit-Angles-2/datos/MultiViewVisibleImagesHPE_Custom/test/00_15/00_15_1680259677794_rgb.png,/nas/antoniodetoro/qwen/Qwen-Image-Edit-Angles-2/datos/MultiViewVisibleImagesHPE_Custom/00_17/to_00_15/Step_6_fake_00_15_from_00_17_1680259677794_rgb.png,OK,5.04277571024231,51.515151515151516,0.9968134283963516,crítico,30.0
1680259678095,/nas/antoniodetoro/qwen/Qwen-Image-Edit-Angles-2/datos/MultiViewVisibleImagesHPE_Custom/test/00_15/00_15_1680259678095_rgb.png,/nas/antoniodetoro/qwen/Qwen-Image-Edit-Angles-2/datos/MultiViewVisibleImagesHPE_Custom/00_17/to_00_15/Step_6_fake_00_15_from_00_17_1680259678095_rgb.png,OK,5.18350423961372,57.57575757575758,0.9963748604003833,crítico,30.0
1680259678396,/nas/antoniodetoro/qwen/Qwen-Image-Edit-Angles-2/datos/MultiViewVisibleImagesHPE_Custom/test/00_15/00_15_1680259678396_rgb.png,/nas/antoniodetoro/qwen/Qwen-Image-Edit-Angles-2/datos/MultiViewVisibleImagesHPE_Custom/00_17/to_00_15/Step_6_fake_00_15_from_00_17_1680259678396_rgb.png,OK,4.742917697340535,54.54545454545454,0.9970866773564713,crítico,30.0
1680259678697,/nas/antoniodetoro/qwen/Qwen-Image-Edit-Angles-2/datos/MultiViewVisibleImagesHPE_Custom/test/00_15/00_15_1680259678697_rgb.png,/nas/antoniodetoro/qwen/Qwen-Image-Edit-Angles-2/datos/MultiViewVisibleImagesHPE_Custom/00_17/to_00_15/Step_6_fake_00_15_from_00_17_1680259678697_rgb.png,OK,8.634796237031088,9.090909090909092,0.9950494040587927,crítico,32.0
1680259678999,/nas/antoniodetoro/qwen/Qwen-Image-Edit-Angles-2/datos/MultiViewVisibleImagesHPE_Custom/test/00_15/00_15_1680259678999_rgb.png,/nas/antoniodetoro/qwen/Qwen-Image-Edit-Angles-2/datos/MultiViewVisibleImagesHPE_Custom/00_17/to_00_15/Step_6_fake_00_15_from_00_17_1680259678999_rgb.png,OK,3.6437334118673177,90.9090909090909,0.9984045731384436,excelente,31.0
1680259679300,/nas/antoniodetoro/qwen/Qwen-Image-Edit-Angles-2/datos/MultiViewVisibleImagesHPE_Custom/test/00_15/00_15_1680259679300_rgb.png,/nas/antoniodetoro/qwen/Qwen-Image-Edit-Angles-2/datos/MultiViewVisibleImagesHPE_Custom/00_17/to_00_15/Step_6_fake_00_15_from_00_17_1680259679300_rgb.png,OK,2.9182209210437406,100.0,0.999432199159385,excelente,14.0
1680259679601,/nas/antoniodetoro/qwen/Qwen-Image-Edit-Angles-2/datos/MultiViewVisibleImagesHPE_Custom/test/00_15/00_15_1680259679601_rgb.png,/nas/antoniodetoro/qwen/Qwen-Image-Edit-Angles-2/datos/MultiViewVisibleImagesHPE_Custom/00_17/to_00_15/Step_6_fake_00_15_from_00_17_1680259679601_rgb.png,OK,2.671227028698272,100.0,0.9993240798909397,excelente,14.0
1680259679902,/nas/antoniodetoro/qwen/Qwen-Image-Edit-Angles-2/datos/MultiViewVisibleImagesHPE_Custom/test/00_15/00_15_1680259679902_rgb.png,/nas/antoniodetoro/qwen/Qwen-Image-Edit-Angles-2/datos/MultiViewVisibleImagesHPE_Custom/00_17/to_00_15/Step_6_fake_00_15_from_00_17_1680259679902_rgb.png,OK,2.6714318486210122,100.0,0.9993839629367051,excelente,29.0
1680259680203,/nas/antoniodetoro/qwen/Qwen-Image-Edit-Angles-2/datos/MultiViewVisibleImagesHPE_Custom/test/00_15/00_15_1680259680203_rgb.png,/nas/antoniodetoro/qwen/Qwen-Image-Edit-Angles-2/datos/MultiViewVisibleImagesHPE_Custom/00_17/to_00_15/Step_6_fake_00_15_from_00_17_1680259680203_rgb.png,OK,2.8062297086663945,96.96969696969697,0.9991956593978519,excelente,18.0
1680259680504,/nas/antoniodetoro/qwen/Qwen-Image-Edit-Angles-2/datos/MultiViewVisibleImagesHPE_Custom/test/00_15/00_15_1680259680504_rgb.png,/nas/antoniodetoro/qwen/Qwen-Image-Edit-Angles-2/datos/MultiViewVisibleImagesHPE_Custom/00_17/to_00_15/Step_6_fake_00_15_from_00_17_1680259680504_rgb.png,OK,2.533364545961167,100.0,0.9994958755215968,excelente,18.0
1680259680805,/nas/antoniodetoro/qwen/Qwen-Image-Edit-Angles-2/datos/MultiViewVisibleImagesHPE_Custom/test/00_15/00_15_1680259680805_rgb.png,/nas/antoniodetoro/qwen/Qwen-Image-Edit-Angles-2/datos/MultiViewVisibleImagesHPE_Custom/00_17/to_00_15/Step_6_fake_00_15_from_00_17_1680259680805_rgb.png,OK,2.2595566378492307,96.96969696969697,0.9993910637577329,excelente,18.0
1680259681106,/nas/antoniodetoro/qwen/Qwen-Image-Edit-Angles-2/datos/MultiViewVisibleImagesHPE_Custom/test/00_15/00_15_1680259681106_rgb.png,/nas/antoniodetoro/qwen/Qwen-Image-Edit-Angles-2/datos/MultiViewVisibleImagesHPE_Custom/00_17/to_00_15/Step_6_fake_00_15_from_00_17_1680259681106_rgb.png,OK,8.626379961383945,36.36363636363637,0.9862694066393987,crítico,19.0
1680259681407,/nas/antoniodetoro/qwen/Qwen-Image-Edit-Angles-2/datos/MultiViewVisibleImagesHPE_Custom/test/00_15/00_15_1680259681407_rgb.png,/nas/antoniodetoro/qwen/Qwen-Image-Edit-Angles-2/datos/MultiViewVisibleImagesHPE_Custom/00_17/to_00_15/Step_6_fake_00_15_from_00_17_1680259681407_rgb.png,OK,15.044972749843911,9.090909090909092,0.9677702149779321,crítico,32.0
1680259681708,/nas/antoniodetoro/qwen/Qwen-Image-Edit-Angles-2/datos/MultiViewVisibleImagesHPE_Custom/test/00_15/00_15_1680259681708_rgb.png,/nas/antoniodetoro/qwen/Qwen-Image-Edit-Angles-2/datos/MultiViewVisibleImagesHPE_Custom/00_17/to_00_15/Step_6_fake_00_15_from_00_17_1680259681708_rgb.png,OK,16.21671532600667,21.21212121212121,0.9579060897833968,crítico,32.0
1680259682009,/nas/antoniodetoro/qwen/Qwen-Image-Edit-Angles-2/datos/MultiViewVisibleImagesHPE_Custom/test/00_15/00_15_1680259682009_rgb.png,/nas/antoniodetoro/qwen/Qwen-Image-Edit-Angles-2/datos/MultiViewVisibleImagesHPE_Custom/00_17/to_00_15/Step_6_fake_00_15_from_00_17_1680259682009_rgb.png,OK,18.247704445298154,18.181818181818183,0.9439804091167967,crítico,32.0
1680259682311,/nas/antoniodetoro/qwen/Qwen-Image-Edit-Angles-2/datos/MultiViewVisibleImagesHPE_Custom/test/00_15/00_15_1680259682311_rgb.png,/nas/antoniodetoro/qwen/Qwen-Image-Edit-Angles-2/datos/MultiViewVisibleImagesHPE_Custom/00_17/to_00_15/Step_6_fake_00_15_from_00_17_1680259682311_rgb.png,OK,15.628425756380555,6.0606060606060606,0.9591084447402558,crítico,32.0
1680259683214,/nas/antoniodetoro/qwen/Qwen-Image-Edit-Angles-2/datos/MultiViewVisibleImagesHPE_Custom/test/00_15/00_15_1680259683214_rgb.png,/nas/antoniodetoro/qwen/Qwen-Image-Edit-Angles-2/datos/MultiViewVisibleImagesHPE_Custom/00_17/to_00_15/Step_6_fake_00_15_from_00_17_1680259683214_rgb.png,OK,2.6632247099435404,84.84848484848484,0.9986486041253338,aceptable,17.0
1680259683516,/nas/antoniodetoro/qwen/Qwen-Image-Edit-Angles-2/datos/MultiViewVisibleImagesHPE_Custom/test/00_15/00_15_1680259683516_rgb.png,/nas/antoniodetoro/qwen/Qwen-Image-Edit-Angles-2/datos/MultiViewVisibleImagesHPE_Custom/00_17/to_00_15/Step_6_fake_00_15_from_00_17_1680259683516_rgb.png,OK,3.3917854074360534,84.84848484848484,0.9986176580169138,aceptable,18.0
1680259683817,/nas/antoniodetoro/qwen/Qwen-Image-Edit-Angles-2/datos/MultiViewVisibleImagesHPE_Custom/test/00_15/00_15_1680259683817_rgb.png,/nas/antoniodetoro/qwen/Qwen-Image-Edit-Angles-2/datos/MultiViewVisibleImagesHPE_Custom/00_17/to_00_15/Step_6_fake_00_15_from_00_17_1680259683817_rgb.png,OK,2.8706980666222512,93.93939393939394,0.9991532088592168,excelente,18.0
1680259684118,/nas/antoniodetoro/qwen/Qwen-Image-Edit-Angles-2/datos/MultiViewVisibleImagesHPE_Custom/test/00_15/00_15_1680259684118_rgb.png,/nas/antoniodetoro/qwen/Qwen-Image-Edit-Angles-2/datos/MultiViewVisibleImagesHPE_Custom/00_17/to_00_15/Step_6_fake_00_15_from_00_17_1680259684118_rgb.png,OK,2.5370967541890685,90.9090909090909,0.9994117925079522,excelente,18.0
1680259684419,/nas/antoniodetoro/qwen/Qwen-Image-Edit-Angles-2/datos/MultiViewVisibleImagesHPE_Custom/test/00_15/00_15_1680259684419_rgb.png,/nas/antoniodetoro/qwen/Qwen-Image-Edit-Angles-2/datos/MultiViewVisibleImagesHPE_Custom/00_17/to_00_15/Step_6_fake_00_15_from_00_17_1680259684419_rgb.png,OK,8.629861714483127,63.63636363636363,0.9784646768869542,crítico,17.0
1680259684720,/nas/antoniodetoro/qwen/Qwen-Image-Edit-Angles-2/datos/MultiViewVisibleImagesHPE_Custom/test/00_15/00_15_1680259684720_rgb.png,/nas/antoniodetoro/qwen/Qwen-Image-Edit-Angles-2/datos/MultiViewVisibleImagesHPE_Custom/00_17/to_00_15/Step_6_fake_00_15_from_00_17_1680259684720_rgb.png,OK,15.091311761018968,9.090909090909092,0.966477307454878,crítico,31.0
1680259685021,/nas/antoniodetoro/qwen/Qwen-Image-Edit-Angles-2/datos/MultiViewVisibleImagesHPE_Custom/test/00_15/00_15_1680259685021_rgb.png,/nas/antoniodetoro/qwen/Qwen-Image-Edit-Angles-2/datos/MultiViewVisibleImagesHPE_Custom/00_17/to_00_15/Step_6_fake_00_15_from_00_17_1680259685021_rgb.png,OK,12.986906363622362,9.090909090909092,0.9736236579032485,crítico,18.0
1680259685322,/nas/antoniodetoro/qwen/Qwen-Image-Edit-Angles-2/datos/MultiViewVisibleImagesHPE_Custom/test/00_15/00_15_1680259685322_rgb.png,/nas/antoniodetoro/qwen/Qwen-Image-Edit-Angles-2/datos/MultiViewVisibleImagesHPE_Custom/00_17/to_00_15/Step_6_fake_00_15_from_00_17_1680259685322_rgb.png,OK,12.60633761243335,21.21212121212121,0.9751361524404061,crítico,18.0
1680259685623,/nas/antoniodetoro/qwen/Qwen-Image-Edit-Angles-2/datos/MultiViewVisibleImagesHPE_Custom/test/00_15/00_15_1680259685623_rgb.png,/nas/antoniodetoro/qwen/Qwen-Image-Edit-Angles-2/datos/MultiViewVisibleImagesHPE_Custom/00_17/to_00_15/Step_6_fake_00_15_from_00_17_1680259685623_rgb.png,OK,9.489903703065437,39.39393939393939,0.9855879025753671,crítico,17.0
1680259685924,/nas/antoniodetoro/qwen/Qwen-Image-Edit-Angles-2/datos/MultiViewVisibleImagesHPE_Custom/test/00_15/00_15_1680259685924_rgb.png,/nas/antoniodetoro/qwen/Qwen-Image-Edit-Angles-2/datos/MultiViewVisibleImagesHPE_Custom/00_17/to_00_15/Step_6_fake_00_15_from_00_17_1680259685924_rgb.png,OK,6.971767421099585,45.45454545454545,0.9939249339533146,crítico,18.0
1680259686225,/nas/antoniodetoro/qwen/Qwen-Image-Edit-Angles-2/datos/MultiViewVisibleImagesHPE_Custom/test/00_15/00_15_1680259686225_rgb.png,/nas/antoniodetoro/qwen/Qwen-Image-Edit-Angles-2/datos/MultiViewVisibleImagesHPE_Custom/00_17/to_00_15/Step_6_fake_00_15_from_00_17_1680259686225_rgb.png,OK,6.536888794277145,69.6969696969697,0.9900097979831209,crítico,17.0
1680259686526,/nas/antoniodetoro/qwen/Qwen-Image-Edit-Angles-2/datos/MultiViewVisibleImagesHPE_Custom/test/00_15/00_15_1680259686526_rgb.png,/nas/antoniodetoro/qwen/Qwen-Image-Edit-Angles-2/datos/MultiViewVisibleImagesHPE_Custom/00_17/to_00_15/Step_6_fake_00_15_from_00_17_1680259686526_rgb.png,OK,2.1814658401989906,90.9090909090909,0.9994056492311253,excelente,21.0
1680259686827,/nas/antoniodetoro/qwen/Qwen-Image-Edit-Angles-2/datos/MultiViewVisibleImagesHPE_Custom/test/00_15/00_15_1680259686827_rgb.png,/nas/antoniodetoro/qwen/Qwen-Image-Edit-Angles-2/datos/MultiViewVisibleImagesHPE_Custom/00_17/to_00_15/Step_6_fake_00_15_from_00_17_1680259686827_rgb.png,OK,2.504357717139781,100.0,0.9995020259420124,excelente,29.0
1680259687127,/nas/antoniodetoro/qwen/Qwen-Image-Edit-Angles-2/datos/MultiViewVisibleImagesHPE_Custom/test/00_15/00_15_1680259687127_rgb.png,/nas/antoniodetoro/qwen/Qwen-Image-Edit-Angles-2/datos/MultiViewVisibleImagesHPE_Custom/00_17/to_00_15/Step_6_fake_00_15_from_00_17_1680259687127_rgb.png,OK,3.43534004000385,87.87878787878788,0.9992369767709214,aceptable,18.0
1680259687428,/nas/antoniodetoro/qwen/Qwen-Image-Edit-Angles-2/datos/MultiViewVisibleImagesHPE_Custom/test/00_15/00_15_1680259687428_rgb.png,/nas/antoniodetoro/qwen/Qwen-Image-Edit-Angles-2/datos/MultiViewVisibleImagesHPE_Custom/00_17/to_00_15/Step_6_fake_00_15_from_00_17_1680259687428_rgb.png,OK,2.5388690950981148,96.96969696969697,0.9993630231365906,excelente,18.0
1680259687729,/nas/antoniodetoro/qwen/Qwen-Image-Edit-Angles-2/datos/MultiViewVisibleImagesHPE_Custom/test/00_15/00_15_1680259687729_rgb.png,/nas/antoniodetoro/qwen/Qwen-Image-Edit-Angles-2/datos/MultiViewVisibleImagesHPE_Custom/00_17/to_00_15/Step_6_fake_00_15_from_00_17_1680259687729_rgb.png,OK,2.7475644711742455,100.0,0.9992017598350242,excelente,17.0
1680259688030,/nas/antoniodetoro/qwen/Qwen-Image-Edit-Angles-2/datos/MultiViewVisibleImagesHPE_Custom/test/00_15/00_15_1680259688030_rgb.png,/nas/antoniodetoro/qwen/Qwen-Image-Edit-Angles-2/datos/MultiViewVisibleImagesHPE_Custom/00_17/to_00_15/Step_6_fake_00_15_from_00_17_1680259688030_rgb.png,OK,5.270328152426438,45.45454545454545,0.9967340174793979,crítico,18.0
1680259688332,/nas/antoniodetoro/qwen/Qwen-Image-Edit-Angles-2/datos/MultiViewVisibleImagesHPE_Custom/test/00_15/00_15_1680259688332_rgb.png,/nas/antoniodetoro/qwen/Qwen-Image-Edit-Angles-2/datos/MultiViewVisibleImagesHPE_Custom/00_17/to_00_15/Step_6_fake_00_15_from_00_17_1680259688332_rgb.png,OK,12.77210027142348,12.121212121212121,0.9844307491694574,crítico,17.0
1680259688633,/nas/antoniodetoro/qwen/Qwen-Image-Edit-Angles-2/datos/MultiViewVisibleImagesHPE_Custom/test/00_15/00_15_1680259688633_rgb.png,/nas/antoniodetoro/qwen/Qwen-Image-Edit-Angles-2/datos/MultiViewVisibleImagesHPE_Custom/00_17/to_00_15/Step_6_fake_00_15_from_00_17_1680259688633_rgb.png,OK,19.48147075594147,3.0303030303030303,0.9696608342007274,crítico,19.0
1680259690439,/nas/antoniodetoro/qwen/Qwen-Image-Edit-Angles-2/datos/MultiViewVisibleImagesHPE_Custom/test/00_15/00_15_1680259690439_rgb.png,/nas/antoniodetoro/qwen/Qwen-Image-Edit-Angles-2/datos/MultiViewVisibleImagesHPE_Custom/00_17/to_00_15/Step_6_fake_00_15_from_00_17_1680259690439_rgb.png,OK,3.418903259578806,93.93939393939394,0.9993418844082067,excelente,31.0
1680259690740,/nas/antoniodetoro/qwen/Qwen-Image-Edit-Angles-2/datos/MultiViewVisibleImagesHPE_Custom/test/00_15/00_15_1680259690740_rgb.png,/nas/antoniodetoro/qwen/Qwen-Image-Edit-Angles-2/datos/MultiViewVisibleImagesHPE_Custom/00_17/to_00_15/Step_6_fake_00_15_from_00_17_1680259690740_rgb.png,OK,3.671731924865917,81.81818181818183,0.9993604859916148,aceptable,18.0
1680259691041,/nas/antoniodetoro/qwen/Qwen-Image-Edit-Angles-2/datos/MultiViewVisibleImagesHPE_Custom/test/00_15/00_15_1680259691041_rgb.png,/nas/antoniodetoro/qwen/Qwen-Image-Edit-Angles-2/datos/MultiViewVisibleImagesHPE_Custom/00_17/to_00_15/Step_6_fake_00_15_from_00_17_1680259691041_rgb.png,OK,4.094122634771994,75.75757575757575,0.9991213860584583,aceptable,18.0
1680259691342,/nas/antoniodetoro/qwen/Qwen-Image-Edit-Angles-2/datos/MultiViewVisibleImagesHPE_Custom/test/00_15/00_15_1680259691342_rgb.png,/nas/antoniodetoro/qwen/Qwen-Image-Edit-Angles-2/datos/MultiViewVisibleImagesHPE_Custom/00_17/to_00_15/Step_6_fake_00_15_from_00_17_1680259691342_rgb.png,OK,4.539904644571722,48.484848484848484,0.9976624663048751,crítico,20.0
1680259691643,/nas/antoniodetoro/qwen/Qwen-Image-Edit-Angles-2/datos/MultiViewVisibleImagesHPE_Custom/test/00_15/00_15_1680259691643_rgb.png,/nas/antoniodetoro/qwen/Qwen-Image-Edit-Angles-2/datos/MultiViewVisibleImagesHPE_Custom/00_17/to_00_15/Step_6_fake_00_15_from_00_17_1680259691643_rgb.png,OK,9.488332320698834,18.181818181818183,0.9915809400511211,crítico,18.0
1680259692847,/nas/antoniodetoro/qwen/Qwen-Image-Edit-Angles-2/datos/MultiViewVisibleImagesHPE_Custom/test/00_15/00_15_1680259692847_rgb.png,/nas/antoniodetoro/qwen/Qwen-Image-Edit-Angles-2/datos/MultiViewVisibleImagesHPE_Custom/00_17/to_00_15/Step_6_fake_00_15_from_00_17_1680259692847_rgb.png,OK,11.317453984302684,18.181818181818183,0.9839692569302455,crítico,17.0
1680259693148,/nas/antoniodetoro/qwen/Qwen-Image-Edit-Angles-2/datos/MultiViewVisibleImagesHPE_Custom/test/00_15/00_15_1680259693148_rgb.png,/nas/antoniodetoro/qwen/Qwen-Image-Edit-Angles-2/datos/MultiViewVisibleImagesHPE_Custom/00_17/to_00_15/Step_6_fake_00_15_from_00_17_1680259693148_rgb.png,OK,5.49060775708251,66.66666666666666,0.9953550693778465,crítico,17.0
1680259693449,/nas/antoniodetoro/qwen/Qwen-Image-Edit-Angles-2/datos/MultiViewVisibleImagesHPE_Custom/test/00_15/00_15_1680259693449_rgb.png,/nas/antoniodetoro/qwen/Qwen-Image-Edit-Angles-2/datos/MultiViewVisibleImagesHPE_Custom/00_17/to_00_15/Step_6_fake_00_15_from_00_17_1680259693449_rgb.png,OK,3.14097533127245,84.84848484848484,0.9988629550144665,aceptable,15.0
1680259693750,/nas/antoniodetoro/qwen/Qwen-Image-Edit-Angles-2/datos/MultiViewVisibleImagesHPE_Custom/test/00_15/00_15_1680259693750_rgb.png,/nas/antoniodetoro/qwen/Qwen-Image-Edit-Angles-2/datos/MultiViewVisibleImagesHPE_Custom/00_17/to_00_15/Step_6_fake_00_15_from_00_17_1680259693750_rgb.png,OK,3.4388625924154947,75.75757575757575,0.9984073529591614,aceptable,20.0
1680259694051,/nas/antoniodetoro/qwen/Qwen-Image-Edit-Angles-2/datos/MultiViewVisibleImagesHPE_Custom/test/00_15/00_15_1680259694051_rgb.png,/nas/antoniodetoro/qwen/Qwen-Image-Edit-Angles-2/datos/MultiViewVisibleImagesHPE_Custom/00_17/to_00_15/Step_6_fake_00_15_from_00_17_1680259694051_rgb.png,OK,2.9074609572366596,100.0,0.9992354828648542,excelente,10.0
1680259694352,/nas/antoniodetoro/qwen/Qwen-Image-Edit-Angles-2/datos/MultiViewVisibleImagesHPE_Custom/test/00_15/00_15_1680259694352_rgb.png,/nas/antoniodetoro/qwen/Qwen-Image-Edit-Angles-2/datos/MultiViewVisibleImagesHPE_Custom/00_17/to_00_15/Step_6_fake_00_15_from_00_17_1680259694352_rgb.png,OK,3.084332677486433,100.0,0.9992544780941809,excelente,18.0
1680259694654,/nas/antoniodetoro/qwen/Qwen-Image-Edit-Angles-2/datos/MultiViewVisibleImagesHPE_Custom/test/00_15/00_15_1680259694654_rgb.png,/nas/antoniodetoro/qwen/Qwen-Image-Edit-Angles-2/datos/MultiViewVisibleImagesHPE_Custom/00_17/to_00_15/Step_6_fake_00_15_from_00_17_1680259694654_rgb.png,OK,2.1801936812216063,100.0,0.9995739148748944,excelente,17.0
1680259694955,/nas/antoniodetoro/qwen/Qwen-Image-Edit-Angles-2/datos/MultiViewVisibleImagesHPE_Custom/test/00_15/00_15_1680259694955_rgb.png,/nas/antoniodetoro/qwen/Qwen-Image-Edit-Angles-2/datos/MultiViewVisibleImagesHPE_Custom/00_17/to_00_15/Step_6_fake_00_15_from_00_17_1680259694955_rgb.png,OK,3.1210976825462233,87.87878787878788,0.9990652129489316,aceptable,19.0
1680259695256,/nas/antoniodetoro/qwen/Qwen-Image-Edit-Angles-2/datos/MultiViewVisibleImagesHPE_Custom/test/00_15/00_15_1680259695256_rgb.png,/nas/antoniodetoro/qwen/Qwen-Image-Edit-Angles-2/datos/MultiViewVisibleImagesHPE_Custom/00_17/to_00_15/Step_6_fake_00_15_from_00_17_1680259695256_rgb.png,OK,3.563660579089449,93.93939393939394,0.9993027649880682,excelente,14.0
1680259695557,/nas/antoniodetoro/qwen/Qwen-Image-Edit-Angles-2/datos/MultiViewVisibleImagesHPE_Custom/test/00_15/00_15_1680259695557_rgb.png,/nas/antoniodetoro/qwen/Qwen-Image-Edit-Angles-2/datos/MultiViewVisibleImagesHPE_Custom/00_17/to_00_15/Step_6_fake_00_15_from_00_17_1680259695557_rgb.png,OK,2.741391696012539,100.0,0.9993891480998015,excelente,11.0
1680259695858,/nas/antoniodetoro/qwen/Qwen-Image-Edit-Angles-2/datos/MultiViewVisibleImagesHPE_Custom/test/00_15/00_15_1680259695858_rgb.png,/nas/antoniodetoro/qwen/Qwen-Image-Edit-Angles-2/datos/MultiViewVisibleImagesHPE_Custom/00_17/to_00_15/Step_6_fake_00_15_from_00_17_1680259695858_rgb.png,OK,3.6134363194210573,72.72727272727273,0.998813601732645,aceptable,17.0
1680259696159,/nas/antoniodetoro/qwen/Qwen-Image-Edit-Angles-2/datos/MultiViewVisibleImagesHPE_Custom/test/00_15/00_15_1680259696159_rgb.png,/nas/antoniodetoro/qwen/Qwen-Image-Edit-Angles-2/datos/MultiViewVisibleImagesHPE_Custom/00_17/to_00_15/Step_6_fake_00_15_from_00_17_1680259696159_rgb.png,OK,2.409715948186475,100.0,0.9993910128062036,excelente,21.0
1680259696460,/nas/antoniodetoro/qwen/Qwen-Image-Edit-Angles-2/datos/MultiViewVisibleImagesHPE_Custom/test/00_15/00_15_1680259696460_rgb.png,/nas/antoniodetoro/qwen/Qwen-Image-Edit-Angles-2/datos/MultiViewVisibleImagesHPE_Custom/00_17/to_00_15/Step_6_fake_00_15_from_00_17_1680259696460_rgb.png,OK,2.7738749530338143,96.96969696969697,0.9995495436298152,excelente,14.0
1680259696762,/nas/antoniodetoro/qwen/Qwen-Image-Edit-Angles-2/datos/MultiViewVisibleImagesHPE_Custom/test/00_15/00_15_1680259696762_rgb.png,/nas/antoniodetoro/qwen/Qwen-Image-Edit-Angles-2/datos/MultiViewVisibleImagesHPE_Custom/00_17/to_00_15/Step_6_fake_00_15_from_00_17_1680259696762_rgb.png,OK,3.7629564291999555,78.78787878787878,0.99904112313786,aceptable,18.0
1680259697062,/nas/antoniodetoro/qwen/Qwen-Image-Edit-Angles-2/datos/MultiViewVisibleImagesHPE_Custom/test/00_15/00_15_1680259697062_rgb.png,/nas/antoniodetoro/qwen/Qwen-Image-Edit-Angles-2/datos/MultiViewVisibleImagesHPE_Custom/00_17/to_00_15/Step_6_fake_00_15_from_00_17_1680259697062_rgb.png,OK,3.5284708411556727,84.84848484848484,0.9991856027136212,aceptable,18.0
1680259697363,/nas/antoniodetoro/qwen/Qwen-Image-Edit-Angles-2/datos/MultiViewVisibleImagesHPE_Custom/test/00_15/00_15_1680259697363_rgb.png,/nas/antoniodetoro/qwen/Qwen-Image-Edit-Angles-2/datos/MultiViewVisibleImagesHPE_Custom/00_17/to_00_15/Step_6_fake_00_15_from_00_17_1680259697363_rgb.png,OK,3.222508831479707,72.72727272727273,0.9989990626857187,aceptable,18.0
1680259697664,/nas/antoniodetoro/qwen/Qwen-Image-Edit-Angles-2/datos/MultiViewVisibleImagesHPE_Custom/test/00_15/00_15_1680259697664_rgb.png,/nas/antoniodetoro/qwen/Qwen-Image-Edit-Angles-2/datos/MultiViewVisibleImagesHPE_Custom/00_17/to_00_15/Step_6_fake_00_15_from_00_17_1680259697664_rgb.png,OK,2.5598947109153576,100.0,0.9993043418655985,excelente,18.0
1680259697965,/nas/antoniodetoro/qwen/Qwen-Image-Edit-Angles-2/datos/MultiViewVisibleImagesHPE_Custom/test/00_15/00_15_1680259697965_rgb.png,/nas/antoniodetoro/qwen/Qwen-Image-Edit-Angles-2/datos/MultiViewVisibleImagesHPE_Custom/00_17/to_00_15/Step_6_fake_00_15_from_00_17_1680259697965_rgb.png,OK,4.231971827612866,75.75757575757575,0.9980288013320295,aceptable,29.0
1680259698266,/nas/antoniodetoro/qwen/Qwen-Image-Edit-Angles-2/datos/MultiViewVisibleImagesHPE_Custom/test/00_15/00_15_1680259698266_rgb.png,/nas/antoniodetoro/qwen/Qwen-Image-Edit-Angles-2/datos/MultiViewVisibleImagesHPE_Custom/00_17/to_00_15/Step_6_fake_00_15_from_00_17_1680259698266_rgb.png,OK,6.715449636459005,30.303030303030305,0.9941532966557584,crítico,31.0
1680259698567,/nas/antoniodetoro/qwen/Qwen-Image-Edit-Angles-2/datos/MultiViewVisibleImagesHPE_Custom/test/00_15/00_15_1680259698567_rgb.png,/nas/antoniodetoro/qwen/Qwen-Image-Edit-Angles-2/datos/MultiViewVisibleImagesHPE_Custom/00_17/to_00_15/Step_6_fake_00_15_from_00_17_1680259698567_rgb.png,OK,10.392609805645092,36.36363636363637,0.9805645825112449,crítico,19.0
1680259698868,/nas/antoniodetoro/qwen/Qwen-Image-Edit-Angles-2/datos/MultiViewVisibleImagesHPE_Custom/test/00_15/00_15_1680259698868_rgb.png,/nas/antoniodetoro/qwen/Qwen-Image-Edit-Angles-2/datos/MultiViewVisibleImagesHPE_Custom/00_17/to_00_15/Step_6_fake_00_15_from_00_17_1680259698868_rgb.png,OK,11.471064232804823,0.0,0.9865149577948513,crítico,32.0
1680259699169,/nas/antoniodetoro/qwen/Qwen-Image-Edit-Angles-2/datos/MultiViewVisibleImagesHPE_Custom/test/00_15/00_15_1680259699169_rgb.png,/nas/antoniodetoro/qwen/Qwen-Image-Edit-Angles-2/datos/MultiViewVisibleImagesHPE_Custom/00_17/to_00_15/Step_6_fake_00_15_from_00_17_1680259699169_rgb.png,OK,12.056609931266332,3.0303030303030303,0.9846276400399054,crítico,32.0
1680259700072,/nas/antoniodetoro/qwen/Qwen-Image-Edit-Angles-2/datos/MultiViewVisibleImagesHPE_Custom/test/00_15/00_15_1680259700072_rgb.png,/nas/antoniodetoro/qwen/Qwen-Image-Edit-Angles-2/datos/MultiViewVisibleImagesHPE_Custom/00_17/to_00_15/Step_6_fake_00_15_from_00_17_1680259700072_rgb.png,OK,10.374340794752394,21.21212121212121,0.9869446764394669,crítico,19.0
1680259700373,/nas/antoniodetoro/qwen/Qwen-Image-Edit-Angles-2/datos/MultiViewVisibleImagesHPE_Custom/test/00_15/00_15_1680259700373_rgb.png,/nas/antoniodetoro/qwen/Qwen-Image-Edit-Angles-2/datos/MultiViewVisibleImagesHPE_Custom/00_17/to_00_15/Step_6_fake_00_15_from_00_17_1680259700373_rgb.png,OK,7.761677578781635,42.42424242424242,0.9902974819011489,crítico,19.0
1680259700674,/nas/antoniodetoro/qwen/Qwen-Image-Edit-Angles-2/datos/MultiViewVisibleImagesHPE_Custom/test/00_15/00_15_1680259700674_rgb.png,/nas/antoniodetoro/qwen/Qwen-Image-Edit-Angles-2/datos/MultiViewVisibleImagesHPE_Custom/00_17/to_00_15/Step_6_fake_00_15_from_00_17_1680259700674_rgb.png,OK,2.6581895984255928,84.84848484848484,0.998992521980005,aceptable,17.0
1680259700975,/nas/antoniodetoro/qwen/Qwen-Image-Edit-Angles-2/datos/MultiViewVisibleImagesHPE_Custom/test/00_15/00_15_1680259700975_rgb.png,/nas/antoniodetoro/qwen/Qwen-Image-Edit-Angles-2/datos/MultiViewVisibleImagesHPE_Custom/00_17/to_00_15/Step_6_fake_00_15_from_00_17_1680259700975_rgb.png,OK,2.874970411888235,84.84848484848484,0.999021762594175,aceptable,17.0
1680259701276,/nas/antoniodetoro/qwen/Qwen-Image-Edit-Angles-2/datos/MultiViewVisibleImagesHPE_Custom/test/00_15/00_15_1680259701276_rgb.png,/nas/antoniodetoro/qwen/Qwen-Image-Edit-Angles-2/datos/MultiViewVisibleImagesHPE_Custom/00_17/to_00_15/Step_6_fake_00_15_from_00_17_1680259701276_rgb.png,OK,2.881820518496303,81.81818181818183,0.9988356534504164,aceptable,17.0
1680259701577,/nas/antoniodetoro/qwen/Qwen-Image-Edit-Angles-2/datos/MultiViewVisibleImagesHPE_Custom/test/00_15/00_15_1680259701577_rgb.png,/nas/antoniodetoro/qwen/Qwen-Image-Edit-Angles-2/datos/MultiViewVisibleImagesHPE_Custom/00_17/to_00_15/Step_6_fake_00_15_from_00_17_1680259701577_rgb.png,OK,3.449081672522185,72.72727272727273,0.9985796479541601,aceptable,19.0
1680259701878,/nas/antoniodetoro/qwen/Qwen-Image-Edit-Angles-2/datos/MultiViewVisibleImagesHPE_Custom/test/00_15/00_15_1680259701878_rgb.png,/nas/antoniodetoro/qwen/Qwen-Image-Edit-Angles-2/datos/MultiViewVisibleImagesHPE_Custom/00_17/to_00_15/Step_6_fake_00_15_from_00_17_1680259701878_rgb.png,OK,2.6115485457067793,100.0,0.999164247360888,excelente,31.0
1680259702180,/nas/antoniodetoro/qwen/Qwen-Image-Edit-Angles-2/datos/MultiViewVisibleImagesHPE_Custom/test/00_15/00_15_1680259702180_rgb.png,/nas/antoniodetoro/qwen/Qwen-Image-Edit-Angles-2/datos/MultiViewVisibleImagesHPE_Custom/00_17/to_00_15/Step_6_fake_00_15_from_00_17_1680259702180_rgb.png,OK,5.18002824446586,72.72727272727273,0.9960477026729909,aceptable,29.0
1680259702481,/nas/antoniodetoro/qwen/Qwen-Image-Edit-Angles-2/datos/MultiViewVisibleImagesHPE_Custom/test/00_15/00_15_1680259702481_rgb.png,/nas/antoniodetoro/qwen/Qwen-Image-Edit-Angles-2/datos/MultiViewVisibleImagesHPE_Custom/00_17/to_00_15/Step_6_fake_00_15_from_00_17_1680259702481_rgb.png,OK,6.821879584184227,54.54545454545454,0.9906692583594773,crítico,17.0
1680259702782,/nas/antoniodetoro/qwen/Qwen-Image-Edit-Angles-2/datos/MultiViewVisibleImagesHPE_Custom/test/00_15/00_15_1680259702782_rgb.png,/nas/antoniodetoro/qwen/Qwen-Image-Edit-Angles-2/datos/MultiViewVisibleImagesHPE_Custom/00_17/to_00_15/Step_6_fake_00_15_from_00_17_1680259702782_rgb.png,OK,8.179009681713895,30.303030303030305,0.9937272227846221,crítico,17.0
1680259703083,/nas/antoniodetoro/qwen/Qwen-Image-Edit-Angles-2/datos/MultiViewVisibleImagesHPE_Custom/test/00_15/00_15_1680259703083_rgb.png,/nas/antoniodetoro/qwen/Qwen-Image-Edit-Angles-2/datos/MultiViewVisibleImagesHPE_Custom/00_17/to_00_15/Step_6_fake_00_15_from_00_17_1680259703083_rgb.png,OK,11.488631780519082,6.0606060606060606,0.9895631600258371,crítico,18.0
1680259703384,/nas/antoniodetoro/qwen/Qwen-Image-Edit-Angles-2/datos/MultiViewVisibleImagesHPE_Custom/test/00_15/00_15_1680259703384_rgb.png,/nas/antoniodetoro/qwen/Qwen-Image-Edit-Angles-2/datos/MultiViewVisibleImagesHPE_Custom/00_17/to_00_15/Step_6_fake_00_15_from_00_17_1680259703384_rgb.png,OK,11.83951073038489,3.0303030303030303,0.9901055255199624,crítico,19.0
1680259703686,/nas/antoniodetoro/qwen/Qwen-Image-Edit-Angles-2/datos/MultiViewVisibleImagesHPE_Custom/test/00_15/00_15_1680259703686_rgb.png,/nas/antoniodetoro/qwen/Qwen-Image-Edit-Angles-2/datos/MultiViewVisibleImagesHPE_Custom/00_17/to_00_15/Step_6_fake_00_15_from_00_17_1680259703686_rgb.png,OK,10.28599554571917,15.151515151515152,0.9838931593509767,crítico,19.0
1680259703987,/nas/antoniodetoro/qwen/Qwen-Image-Edit-Angles-2/datos/MultiViewVisibleImagesHPE_Custom/test/00_15/00_15_1680259703987_rgb.png,/nas/antoniodetoro/qwen/Qwen-Image-Edit-Angles-2/datos/MultiViewVisibleImagesHPE_Custom/00_17/to_00_15/Step_6_fake_00_15_from_00_17_1680259703987_rgb.png,OK,6.428898387901815,60.60606060606061,0.9936687397688689,crítico,19.0
1680259704288,/nas/antoniodetoro/qwen/Qwen-Image-Edit-Angles-2/datos/MultiViewVisibleImagesHPE_Custom/test/00_15/00_15_1680259704288_rgb.png,/nas/antoniodetoro/qwen/Qwen-Image-Edit-Angles-2/datos/MultiViewVisibleImagesHPE_Custom/00_17/to_00_15/Step_6_fake_00_15_from_00_17_1680259704288_rgb.png,OK,3.8438824322876664,69.6969696969697,0.9983393592967594,crítico,18.0
1680259704589,/nas/antoniodetoro/qwen/Qwen-Image-Edit-Angles-2/datos/MultiViewVisibleImagesHPE_Custom/test/00_15/00_15_1680259704589_rgb.png,/nas/antoniodetoro/qwen/Qwen-Image-Edit-Angles-2/datos/MultiViewVisibleImagesHPE_Custom/00_17/to_00_15/Step_6_fake_00_15_from_00_17_1680259704589_rgb.png,OK,2.9410006430759803,90.9090909090909,0.9992650903727528,excelente,18.0
1680259704890,/nas/antoniodetoro/qwen/Qwen-Image-Edit-Angles-2/datos/MultiViewVisibleImagesHPE_Custom/test/00_15/00_15_1680259704890_rgb.png,/nas/antoniodetoro/qwen/Qwen-Image-Edit-Angles-2/datos/MultiViewVisibleImagesHPE_Custom/00_17/to_00_15/Step_6_fake_00_15_from_00_17_1680259704890_rgb.png,OK,2.1274605464088885,100.0,0.9996440393341465,excelente,31.0
1680259705191,/nas/antoniodetoro/qwen/Qwen-Image-Edit-Angles-2/datos/MultiViewVisibleImagesHPE_Custom/test/00_15/00_15_1680259705191_rgb.png,/nas/antoniodetoro/qwen/Qwen-Image-Edit-Angles-2/datos/MultiViewVisibleImagesHPE_Custom/00_17/to_00_15/Step_6_fake_00_15_from_00_17_1680259705191_rgb.png,OK,2.2227336401057034,100.0,0.9994849462217394,excelente,31.0
1680259705493,/nas/antoniodetoro/qwen/Qwen-Image-Edit-Angles-2/datos/MultiViewVisibleImagesHPE_Custom/test/00_15/00_15_1680259705493_rgb.png,/nas/antoniodetoro/qwen/Qwen-Image-Edit-Angles-2/datos/MultiViewVisibleImagesHPE_Custom/00_17/to_00_15/Step_6_fake_00_15_from_00_17_1680259705493_rgb.png,OK,4.458719796717487,66.66666666666666,0.9970747306352288,crítico,18.0
1680259705794,/nas/antoniodetoro/qwen/Qwen-Image-Edit-Angles-2/datos/MultiViewVisibleImagesHPE_Custom/test/00_15/00_15_1680259705794_rgb.png,/nas/antoniodetoro/qwen/Qwen-Image-Edit-Angles-2/datos/MultiViewVisibleImagesHPE_Custom/00_17/to_00_15/Step_6_fake_00_15_from_00_17_1680259705794_rgb.png,OK,9.901638870901714,27.27272727272727,0.9855840947044583,crítico,18.0
1680259706095,/nas/antoniodetoro/qwen/Qwen-Image-Edit-Angles-2/datos/MultiViewVisibleImagesHPE_Custom/test/00_15/00_15_1680259706095_rgb.png,/nas/antoniodetoro/qwen/Qwen-Image-Edit-Angles-2/datos/MultiViewVisibleImagesHPE_Custom/00_17/to_00_15/Step_6_fake_00_15_from_00_17_1680259706095_rgb.png,OK,8.253950041957747,36.36363636363637,0.9896299021617528,crítico,18.0
1680259707299,/nas/antoniodetoro/qwen/Qwen-Image-Edit-Angles-2/datos/MultiViewVisibleImagesHPE_Custom/test/00_15/00_15_1680259707299_rgb.png,/nas/antoniodetoro/qwen/Qwen-Image-Edit-Angles-2/datos/MultiViewVisibleImagesHPE_Custom/00_17/to_00_15/Step_6_fake_00_15_from_00_17_1680259707299_rgb.png,OK,5.221591407289213,60.60606060606061,0.9961617488950782,crítico,18.0
1680259707600,/nas/antoniodetoro/qwen/Qwen-Image-Edit-Angles-2/datos/MultiViewVisibleImagesHPE_Custom/test/00_15/00_15_1680259707600_rgb.png,/nas/antoniodetoro/qwen/Qwen-Image-Edit-Angles-2/datos/MultiViewVisibleImagesHPE_Custom/00_17/to_00_15/Step_6_fake_00_15_from_00_17_1680259707600_rgb.png,OK,3.2515366684338933,90.9090909090909,0.9988537224789579,excelente,31.0
1680259707901,/nas/antoniodetoro/qwen/Qwen-Image-Edit-Angles-2/datos/MultiViewVisibleImagesHPE_Custom/test/00_15/00_15_1680259707901_rgb.png,/nas/antoniodetoro/qwen/Qwen-Image-Edit-Angles-2/datos/MultiViewVisibleImagesHPE_Custom/00_17/to_00_15/Step_6_fake_00_15_from_00_17_1680259707901_rgb.png,OK,2.601699979694944,87.87878787878788,0.9992095738593229,aceptable,19.0
1680259708202,/nas/antoniodetoro/qwen/Qwen-Image-Edit-Angles-2/datos/MultiViewVisibleImagesHPE_Custom/test/00_15/00_15_1680259708202_rgb.png,/nas/antoniodetoro/qwen/Qwen-Image-Edit-Angles-2/datos/MultiViewVisibleImagesHPE_Custom/00_17/to_00_15/Step_6_fake_00_15_from_00_17_1680259708202_rgb.png,OK,1.9172169340835858,87.87878787878788,0.9994256445590014,aceptable,21.0
1680259708503,/nas/antoniodetoro/qwen/Qwen-Image-Edit-Angles-2/datos/MultiViewVisibleImagesHPE_Custom/test/00_15/00_15_1680259708503_rgb.png,/nas/antoniodetoro/qwen/Qwen-Image-Edit-Angles-2/datos/MultiViewVisibleImagesHPE_Custom/00_17/to_00_15/Step_6_fake_00_15_from_00_17_1680259708503_rgb.png,OK,2.1811698848415046,100.0,0.9996094106906521,excelente,31.0
1680259708804,/nas/antoniodetoro/qwen/Qwen-Image-Edit-Angles-2/datos/MultiViewVisibleImagesHPE_Custom/test/00_15/00_15_1680259708804_rgb.png,/nas/antoniodetoro/qwen/Qwen-Image-Edit-Angles-2/datos/MultiViewVisibleImagesHPE_Custom/00_17/to_00_15/Step_6_fake_00_15_from_00_17_1680259708804_rgb.png,OK,3.310722293221986,100.0,0.9989309743570348,excelente,14.0
1680259709105,/nas/antoniodetoro/qwen/Qwen-Image-Edit-Angles-2/datos/MultiViewVisibleImagesHPE_Custom/test/00_15/00_15_1680259709105_rgb.png,/nas/antoniodetoro/qwen/Qwen-Image-Edit-Angles-2/datos/MultiViewVisibleImagesHPE_Custom/00_17/to_00_15/Step_6_fake_00_15_from_00_17_1680259709105_rgb.png,OK,11.979045784444581,9.090909090909092,0.9836744741449003,crítico,29.0
1680259709406,/nas/antoniodetoro/qwen/Qwen-Image-Edit-Angles-2/datos/MultiViewVisibleImagesHPE_Custom/test/00_15/00_15_1680259709406_rgb.png,/nas/antoniodetoro/qwen/Qwen-Image-Edit-Angles-2/datos/MultiViewVisibleImagesHPE_Custom/00_17/to_00_15/Step_6_fake_00_15_from_00_17_1680259709406_rgb.png,OK,8.016555802301076,54.54545454545454,0.9890335487393486,crítico,18.0
1680259710610,/nas/antoniodetoro/qwen/Qwen-Image-Edit-Angles-2/datos/MultiViewVisibleImagesHPE_Custom/test/00_15/00_15_1680259710610_rgb.png,/nas/antoniodetoro/qwen/Qwen-Image-Edit-Angles-2/datos/MultiViewVisibleImagesHPE_Custom/00_17/to_00_15/Step_6_fake_00_15_from_00_17_1680259710610_rgb.png,OK,8.400020069219565,27.27272727272727,0.9926930078565319,crítico,18.0
1680259710911,/nas/antoniodetoro/qwen/Qwen-Image-Edit-Angles-2/datos/MultiViewVisibleImagesHPE_Custom/test/00_15/00_15_1680259710911_rgb.png,/nas/antoniodetoro/qwen/Qwen-Image-Edit-Angles-2/datos/MultiViewVisibleImagesHPE_Custom/00_17/to_00_15/Step_6_fake_00_15_from_00_17_1680259710911_rgb.png,OK,3.522094095578498,72.72727272727273,0.9980246828594893,aceptable,31.0
1680259711212,/nas/antoniodetoro/qwen/Qwen-Image-Edit-Angles-2/datos/MultiViewVisibleImagesHPE_Custom/test/00_15/00_15_1680259711212_rgb.png,/nas/antoniodetoro/qwen/Qwen-Image-Edit-Angles-2/datos/MultiViewVisibleImagesHPE_Custom/00_17/to_00_15/Step_6_fake_00_15_from_00_17_1680259711212_rgb.png,OK,1.4648212011084674,100.0,0.9997990638785829,excelente,26.0
1680259711513,/nas/antoniodetoro/qwen/Qwen-Image-Edit-Angles-2/datos/MultiViewVisibleImagesHPE_Custom/test/00_15/00_15_1680259711513_rgb.png,/nas/antoniodetoro/qwen/Qwen-Image-Edit-Angles-2/datos/MultiViewVisibleImagesHPE_Custom/00_17/to_00_15/Step_6_fake_00_15_from_00_17_1680259711513_rgb.png,OK,2.3353909885087907,100.0,0.9994470725340469,excelente,7.0
1680259711814,/nas/antoniodetoro/qwen/Qwen-Image-Edit-Angles-2/datos/MultiViewVisibleImagesHPE_Custom/test/00_15/00_15_1680259711814_rgb.png,/nas/antoniodetoro/qwen/Qwen-Image-Edit-Angles-2/datos/MultiViewVisibleImagesHPE_Custom/00_17/to_00_15/Step_6_fake_00_15_from_00_17_1680259711814_rgb.png,OK,2.665144071692654,87.87878787878788,0.999105815212286,aceptable,17.0
1680259712115,/nas/antoniodetoro/qwen/Qwen-Image-Edit-Angles-2/datos/MultiViewVisibleImagesHPE_Custom/test/00_15/00_15_1680259712115_rgb.png,/nas/antoniodetoro/qwen/Qwen-Image-Edit-Angles-2/datos/MultiViewVisibleImagesHPE_Custom/00_17/to_00_15/Step_6_fake_00_15_from_00_17_1680259712115_rgb.png,OK,2.838893031725799,93.93939393939394,0.9993238286614164,excelente,31.0
1680259712416,/nas/antoniodetoro/qwen/Qwen-Image-Edit-Angles-2/datos/MultiViewVisibleImagesHPE_Custom/test/00_15/00_15_1680259712416_rgb.png,/nas/antoniodetoro/qwen/Qwen-Image-Edit-Angles-2/datos/MultiViewVisibleImagesHPE_Custom/00_17/to_00_15/Step_6_fake_00_15_from_00_17_1680259712416_rgb.png,OK,3.122653016445418,87.87878787878788,0.9994369860721731,aceptable,18.0
1680259712717,/nas/antoniodetoro/qwen/Qwen-Image-Edit-Angles-2/datos/MultiViewVisibleImagesHPE_Custom/test/00_15/00_15_1680259712717_rgb.png,/nas/antoniodetoro/qwen/Qwen-Image-Edit-Angles-2/datos/MultiViewVisibleImagesHPE_Custom/00_17/to_00_15/Step_6_fake_00_15_from_00_17_1680259712717_rgb.png,OK,3.0533802701645767,93.93939393939394,0.9993212827914174,excelente,18.0
1680259713018,/nas/antoniodetoro/qwen/Qwen-Image-Edit-Angles-2/datos/MultiViewVisibleImagesHPE_Custom/test/00_15/00_15_1680259713018_rgb.png,/nas/antoniodetoro/qwen/Qwen-Image-Edit-Angles-2/datos/MultiViewVisibleImagesHPE_Custom/00_17/to_00_15/Step_6_fake_00_15_from_00_17_1680259713018_rgb.png,OK,3.003776114107989,90.9090909090909,0.9993783598596545,excelente,18.0
1680259713320,/nas/antoniodetoro/qwen/Qwen-Image-Edit-Angles-2/datos/MultiViewVisibleImagesHPE_Custom/test/00_15/00_15_1680259713320_rgb.png,/nas/antoniodetoro/qwen/Qwen-Image-Edit-Angles-2/datos/MultiViewVisibleImagesHPE_Custom/00_17/to_00_15/Step_6_fake_00_15_from_00_17_1680259713320_rgb.png,OK,3.3403330761798076,93.93939393939394,0.9993369835708141,excelente,18.0
1680259713621,/nas/antoniodetoro/qwen/Qwen-Image-Edit-Angles-2/datos/MultiViewVisibleImagesHPE_Custom/test/00_15/00_15_1680259713621_rgb.png,/nas/antoniodetoro/qwen/Qwen-Image-Edit-Angles-2/datos/MultiViewVisibleImagesHPE_Custom/00_17/to_00_15/Step_6_fake_00_15_from_00_17_1680259713621_rgb.png,OK,3.0180138641328895,96.96969696969697,0.9993885369044162,excelente,11.0
1680259713922,/nas/antoniodetoro/qwen/Qwen-Image-Edit-Angles-2/datos/MultiViewVisibleImagesHPE_Custom/test/00_15/00_15_1680259713922_rgb.png,/nas/antoniodetoro/qwen/Qwen-Image-Edit-Angles-2/datos/MultiViewVisibleImagesHPE_Custom/00_17/to_00_15/Step_6_fake_00_15_from_00_17_1680259713922_rgb.png,OK,2.9442928847686707,96.96969696969697,0.9992547656619113,excelente,31.0
1680259714223,/nas/antoniodetoro/qwen/Qwen-Image-Edit-Angles-2/datos/MultiViewVisibleImagesHPE_Custom/test/00_15/00_15_1680259714223_rgb.png,/nas/antoniodetoro/qwen/Qwen-Image-Edit-Angles-2/datos/MultiViewVisibleImagesHPE_Custom/00_17/to_00_15/Step_6_fake_00_15_from_00_17_1680259714223_rgb.png,OK,3.8516566891314983,87.87878787878788,0.9988431619912799,aceptable,20.0
1680259714524,/nas/antoniodetoro/qwen/Qwen-Image-Edit-Angles-2/datos/MultiViewVisibleImagesHPE_Custom/test/00_15/00_15_1680259714524_rgb.png,/nas/antoniodetoro/qwen/Qwen-Image-Edit-Angles-2/datos/MultiViewVisibleImagesHPE_Custom/00_17/to_00_15/Step_6_fake_00_15_from_00_17_1680259714524_rgb.png,OK,1.7591377317357972,100.0,0.9997063044810628,excelente,26.0
1680259714826,/nas/antoniodetoro/qwen/Qwen-Image-Edit-Angles-2/datos/MultiViewVisibleImagesHPE_Custom/test/00_15/00_15_1680259714826_rgb.png,/nas/antoniodetoro/qwen/Qwen-Image-Edit-Angles-2/datos/MultiViewVisibleImagesHPE_Custom/00_17/to_00_15/Step_6_fake_00_15_from_00_17_1680259714826_rgb.png,OK,2.474959386397514,100.0,0.9995329265526988,excelente,8.0
1680262339882,/nas/antoniodetoro/qwen/Qwen-Image-Edit-Angles-2/datos/MultiViewVisibleImagesHPE_Custom/test/00_15/00_15_1680262339882_rgb.png,/nas/antoniodetoro/qwen/Qwen-Image-Edit-Angles-2/datos/MultiViewVisibleImagesHPE_Custom/00_17/to_00_15/Step_6_fake_00_15_from_00_17_1680262339882_rgb.png,OK,3.7458786540650713,72.72727272727273,0.9981351463175658,aceptable,19.0
1680262340183,/nas/antoniodetoro/qwen/Qwen-Image-Edit-Angles-2/datos/MultiViewVisibleImagesHPE_Custom/test/00_15/00_15_1680262340183_rgb.png,/nas/antoniodetoro/qwen/Qwen-Image-Edit-Angles-2/datos/MultiViewVisibleImagesHPE_Custom/00_17/to_00_15/Step_6_fake_00_15_from_00_17_1680262340183_rgb.png,OK,2.9702482744237444,84.84848484848484,0.9989113639114786,aceptable,18.0
1680262340485,/nas/antoniodetoro/qwen/Qwen-Image-Edit-Angles-2/datos/MultiViewVisibleImagesHPE_Custom/test/00_15/00_15_1680262340485_rgb.png,/nas/antoniodetoro/qwen/Qwen-Image-Edit-Angles-2/datos/MultiViewVisibleImagesHPE_Custom/00_17/to_00_15/Step_6_fake_00_15_from_00_17_1680262340485_rgb.png,OK,2.3483075900693637,100.0,0.9994213562833438,excelente,31.0
1680262340785,/nas/antoniodetoro/qwen/Qwen-Image-Edit-Angles-2/datos/MultiViewVisibleImagesHPE_Custom/test/00_15/00_15_1680262340785_rgb.png,/nas/antoniodetoro/qwen/Qwen-Image-Edit-Angles-2/datos/MultiViewVisibleImagesHPE_Custom/00_17/to_00_15/Step_6_fake_00_15_from_00_17_1680262340785_rgb.png,OK,2.023347407058295,90.9090909090909,0.9993818640374335,excelente,18.0
1680262341086,/nas/antoniodetoro/qwen/Qwen-Image-Edit-Angles-2/datos/MultiViewVisibleImagesHPE_Custom/test/00_15/00_15_1680262341086_rgb.png,/nas/antoniodetoro/qwen/Qwen-Image-Edit-Angles-2/datos/MultiViewVisibleImagesHPE_Custom/00_17/to_00_15/Step_6_fake_00_15_from_00_17_1680262341086_rgb.png,OK,2.038136083254519,93.93939393939394,0.9994290705304872,excelente,18.0
1680262341387,/nas/antoniodetoro/qwen/Qwen-Image-Edit-Angles-2/datos/MultiViewVisibleImagesHPE_Custom/test/00_15/00_15_1680262341387_rgb.png,/nas/antoniodetoro/qwen/Qwen-Image-Edit-Angles-2/datos/MultiViewVisibleImagesHPE_Custom/00_17/to_00_15/Step_6_fake_00_15_from_00_17_1680262341387_rgb.png,OK,2.562115310139202,96.96969696969697,0.9992929976173494,excelente,20.0
1680262341689,/nas/antoniodetoro/qwen/Qwen-Image-Edit-Angles-2/datos/MultiViewVisibleImagesHPE_Custom/test/00_15/00_15_1680262341689_rgb.png,/nas/antoniodetoro/qwen/Qwen-Image-Edit-Angles-2/datos/MultiViewVisibleImagesHPE_Custom/00_17/to_00_15/Step_6_fake_00_15_from_00_17_1680262341689_rgb.png,OK,2.4313862502401986,96.96969696969697,0.9993762882997256,excelente,17.0
1680262341990,/nas/antoniodetoro/qwen/Qwen-Image-Edit-Angles-2/datos/MultiViewVisibleImagesHPE_Custom/test/00_15/00_15_1680262341990_rgb.png,/nas/antoniodetoro/qwen/Qwen-Image-Edit-Angles-2/datos/MultiViewVisibleImagesHPE_Custom/00_17/to_00_15/Step_6_fake_00_15_from_00_17_1680262341990_rgb.png,OK,2.226342930294368,100.0,0.9994739947572702,excelente,17.0
1680262342291,/nas/antoniodetoro/qwen/Qwen-Image-Edit-Angles-2/datos/MultiViewVisibleImagesHPE_Custom/test/00_15/00_15_1680262342291_rgb.png,/nas/antoniodetoro/qwen/Qwen-Image-Edit-Angles-2/datos/MultiViewVisibleImagesHPE_Custom/00_17/to_00_15/Step_6_fake_00_15_from_00_17_1680262342291_rgb.png,OK,2.4486381713034655,100.0,0.9993841375007912,excelente,5.0
1680262342592,/nas/antoniodetoro/qwen/Qwen-Image-Edit-Angles-2/datos/MultiViewVisibleImagesHPE_Custom/test/00_15/00_15_1680262342592_rgb.png,/nas/antoniodetoro/qwen/Qwen-Image-Edit-Angles-2/datos/MultiViewVisibleImagesHPE_Custom/00_17/to_00_15/Step_6_fake_00_15_from_00_17_1680262342592_rgb.png,OK,3.2172546322164446,90.9090909090909,0.9991269203637468,excelente,17.0
1680262342893,/nas/antoniodetoro/qwen/Qwen-Image-Edit-Angles-2/datos/MultiViewVisibleImagesHPE_Custom/test/00_15/00_15_1680262342893_rgb.png,/nas/antoniodetoro/qwen/Qwen-Image-Edit-Angles-2/datos/MultiViewVisibleImagesHPE_Custom/00_17/to_00_15/Step_6_fake_00_15_from_00_17_1680262342893_rgb.png,OK,2.8263748413349905,90.9090909090909,0.9992444086253244,excelente,19.0
1680262343194,/nas/antoniodetoro/qwen/Qwen-Image-Edit-Angles-2/datos/MultiViewVisibleImagesHPE_Custom/test/00_15/00_15_1680262343194_rgb.png,/nas/antoniodetoro/qwen/Qwen-Image-Edit-Angles-2/datos/MultiViewVisibleImagesHPE_Custom/00_17/to_00_15/Step_6_fake_00_15_from_00_17_1680262343194_rgb.png,OK,3.0454653677942125,96.96969696969697,0.9991072743491579,excelente,19.0
1680262343495,/nas/antoniodetoro/qwen/Qwen-Image-Edit-Angles-2/datos/MultiViewVisibleImagesHPE_Custom/test/00_15/00_15_1680262343495_rgb.png,/nas/antoniodetoro/qwen/Qwen-Image-Edit-Angles-2/datos/MultiViewVisibleImagesHPE_Custom/00_17/to_00_15/Step_6_fake_00_15_from_00_17_1680262343495_rgb.png,OK,2.492045619102249,90.9090909090909,0.9992565254471267,excelente,21.0
1680262343796,/nas/antoniodetoro/qwen/Qwen-Image-Edit-Angles-2/datos/MultiViewVisibleImagesHPE_Custom/test/00_15/00_15_1680262343796_rgb.png,/nas/antoniodetoro/qwen/Qwen-Image-Edit-Angles-2/datos/MultiViewVisibleImagesHPE_Custom/00_17/to_00_15/Step_6_fake_00_15_from_00_17_1680262343796_rgb.png,OK,3.0684464340995143,100.0,0.999055042655648,excelente,27.0
1680262344097,/nas/antoniodetoro/qwen/Qwen-Image-Edit-Angles-2/datos/MultiViewVisibleImagesHPE_Custom/test/00_15/00_15_1680262344097_rgb.png,/nas/antoniodetoro/qwen/Qwen-Image-Edit-Angles-2/datos/MultiViewVisibleImagesHPE_Custom/00_17/to_00_15/Step_6_fake_00_15_from_00_17_1680262344097_rgb.png,OK,1.9860809387774399,100.0,0.999498345302038,excelente,20.0
1680262344398,/nas/antoniodetoro/qwen/Qwen-Image-Edit-Angles-2/datos/MultiViewVisibleImagesHPE_Custom/test/00_15/00_15_1680262344398_rgb.png,/nas/antoniodetoro/qwen/Qwen-Image-Edit-Angles-2/datos/MultiViewVisibleImagesHPE_Custom/00_17/to_00_15/Step_6_fake_00_15_from_00_17_1680262344398_rgb.png,OK,1.9930054527084373,100.0,0.9995816724675445,excelente,29.0
1680262344700,/nas/antoniodetoro/qwen/Qwen-Image-Edit-Angles-2/datos/MultiViewVisibleImagesHPE_Custom/test/00_15/00_15_1680262344700_rgb.png,/nas/antoniodetoro/qwen/Qwen-Image-Edit-Angles-2/datos/MultiViewVisibleImagesHPE_Custom/00_17/to_00_15/Step_6_fake_00_15_from_00_17_1680262344700_rgb.png,OK,2.540928606043339,100.0,0.9992504105489152,excelente,10.0
1680262345001,/nas/antoniodetoro/qwen/Qwen-Image-Edit-Angles-2/datos/MultiViewVisibleImagesHPE_Custom/test/00_15/00_15_1680262345001_rgb.png,/nas/antoniodetoro/qwen/Qwen-Image-Edit-Angles-2/datos/MultiViewVisibleImagesHPE_Custom/00_17/to_00_15/Step_6_fake_00_15_from_00_17_1680262345001_rgb.png,OK,2.431673912544346,100.0,0.9993457750495031,excelente,29.0
1680262345302,/nas/antoniodetoro/qwen/Qwen-Image-Edit-Angles-2/datos/MultiViewVisibleImagesHPE_Custom/test/00_15/00_15_1680262345302_rgb.png,/nas/antoniodetoro/qwen/Qwen-Image-Edit-Angles-2/datos/MultiViewVisibleImagesHPE_Custom/00_17/to_00_15/Step_6_fake_00_15_from_00_17_1680262345302_rgb.png,OK,2.4767680376362753,100.0,0.9994006719842302,excelente,29.0
1680262345603,/nas/antoniodetoro/qwen/Qwen-Image-Edit-Angles-2/datos/MultiViewVisibleImagesHPE_Custom/test/00_15/00_15_1680262345603_rgb.png,/nas/antoniodetoro/qwen/Qwen-Image-Edit-Angles-2/datos/MultiViewVisibleImagesHPE_Custom/00_17/to_00_15/Step_6_fake_00_15_from_00_17_1680262345603_rgb.png,OK,3.1377402224378135,100.0,0.9990959219868999,excelente,32.0
1680262345904,/nas/antoniodetoro/qwen/Qwen-Image-Edit-Angles-2/datos/MultiViewVisibleImagesHPE_Custom/test/00_15/00_15_1680262345904_rgb.png,/nas/antoniodetoro/qwen/Qwen-Image-Edit-Angles-2/datos/MultiViewVisibleImagesHPE_Custom/00_17/to_00_15/Step_6_fake_00_15_from_00_17_1680262345904_rgb.png,OK,2.8189395272745132,100.0,0.9992934217167556,excelente,18.0
1680262346205,/nas/antoniodetoro/qwen/Qwen-Image-Edit-Angles-2/datos/MultiViewVisibleImagesHPE_Custom/test/00_15/00_15_1680262346205_rgb.png,/nas/antoniodetoro/qwen/Qwen-Image-Edit-Angles-2/datos/MultiViewVisibleImagesHPE_Custom/00_17/to_00_15/Step_6_fake_00_15_from_00_17_1680262346205_rgb.png,OK,3.9519842577806608,72.72727272727273,0.9985199160785262,aceptable,18.0
1680262346506,/nas/antoniodetoro/qwen/Qwen-Image-Edit-Angles-2/datos/MultiViewVisibleImagesHPE_Custom/test/00_15/00_15_1680262346506_rgb.png,/nas/antoniodetoro/qwen/Qwen-Image-Edit-Angles-2/datos/MultiViewVisibleImagesHPE_Custom/00_17/to_00_15/Step_6_fake_00_15_from_00_17_1680262346506_rgb.png,OK,7.587126742868355,18.181818181818183,0.9935349232833071,crítico,18.0
1680262347409,/nas/antoniodetoro/qwen/Qwen-Image-Edit-Angles-2/datos/MultiViewVisibleImagesHPE_Custom/test/00_15/00_15_1680262347409_rgb.png,/nas/antoniodetoro/qwen/Qwen-Image-Edit-Angles-2/datos/MultiViewVisibleImagesHPE_Custom/00_17/to_00_15/Step_6_fake_00_15_from_00_17_1680262347409_rgb.png,OK,10.021899052218776,33.33333333333333,0.9831159018957782,crítico,19.0
1680262347711,/nas/antoniodetoro/qwen/Qwen-Image-Edit-Angles-2/datos/MultiViewVisibleImagesHPE_Custom/test/00_15/00_15_1680262347711_rgb.png,/nas/antoniodetoro/qwen/Qwen-Image-Edit-Angles-2/datos/MultiViewVisibleImagesHPE_Custom/00_17/to_00_15/Step_6_fake_00_15_from_00_17_1680262347711_rgb.png,OK,13.125204916753834,12.121212121212121,0.9713667383474577,crítico,17.0
1680262348011,/nas/antoniodetoro/qwen/Qwen-Image-Edit-Angles-2/datos/MultiViewVisibleImagesHPE_Custom/test/00_15/00_15_1680262348011_rgb.png,/nas/antoniodetoro/qwen/Qwen-Image-Edit-Angles-2/datos/MultiViewVisibleImagesHPE_Custom/00_17/to_00_15/Step_6_fake_00_15_from_00_17_1680262348011_rgb.png,OK,15.213271273691987,24.242424242424242,0.9583296950990182,crítico,18.0
1680262348312,/nas/antoniodetoro/qwen/Qwen-Image-Edit-Angles-2/datos/MultiViewVisibleImagesHPE_Custom/test/00_15/00_15_1680262348312_rgb.png,/nas/antoniodetoro/qwen/Qwen-Image-Edit-Angles-2/datos/MultiViewVisibleImagesHPE_Custom/00_17/to_00_15/Step_6_fake_00_15_from_00_17_1680262348312_rgb.png,OK,14.131266968311394,0.0,0.9714990641650093,crítico,18.0
1680262348613,/nas/antoniodetoro/qwen/Qwen-Image-Edit-Angles-2/datos/MultiViewVisibleImagesHPE_Custom/test/00_15/00_15_1680262348613_rgb.png,/nas/antoniodetoro/qwen/Qwen-Image-Edit-Angles-2/datos/MultiViewVisibleImagesHPE_Custom/00_17/to_00_15/Step_6_fake_00_15_from_00_17_1680262348613_rgb.png,OK,6.934920089693672,30.303030303030305,0.9937395216215874,crítico,20.0
1680262348914,/nas/antoniodetoro/qwen/Qwen-Image-Edit-Angles-2/datos/MultiViewVisibleImagesHPE_Custom/test/00_15/00_15_1680262348914_rgb.png,/nas/antoniodetoro/qwen/Qwen-Image-Edit-Angles-2/datos/MultiViewVisibleImagesHPE_Custom/00_17/to_00_15/Step_6_fake_00_15_from_00_17_1680262348914_rgb.png,OK,7.7273517205777065,30.303030303030305,0.9920601597814601,crítico,18.0
1680262349215,/nas/antoniodetoro/qwen/Qwen-Image-Edit-Angles-2/datos/MultiViewVisibleImagesHPE_Custom/test/00_15/00_15_1680262349215_rgb.png,/nas/antoniodetoro/qwen/Qwen-Image-Edit-Angles-2/datos/MultiViewVisibleImagesHPE_Custom/00_17/to_00_15/Step_6_fake_00_15_from_00_17_1680262349215_rgb.png,OK,9.209184064792169,15.151515151515152,0.9905080363417554,crítico,19.0
1680262349516,/nas/antoniodetoro/qwen/Qwen-Image-Edit-Angles-2/datos/MultiViewVisibleImagesHPE_Custom/test/00_15/00_15_1680262349516_rgb.png,/nas/antoniodetoro/qwen/Qwen-Image-Edit-Angles-2/datos/MultiViewVisibleImagesHPE_Custom/00_17/to_00_15/Step_6_fake_00_15_from_00_17_1680262349516_rgb.png,OK,7.462600027383407,12.121212121212121,0.9933470865133601,crítico,18.0
1680262349817,/nas/antoniodetoro/qwen/Qwen-Image-Edit-Angles-2/datos/MultiViewVisibleImagesHPE_Custom/test/00_15/00_15_1680262349817_rgb.png,/nas/antoniodetoro/qwen/Qwen-Image-Edit-Angles-2/datos/MultiViewVisibleImagesHPE_Custom/00_17/to_00_15/Step_6_fake_00_15_from_00_17_1680262349817_rgb.png,OK,6.99115401911881,24.242424242424242,0.994159480447509,crítico,18.0
1680262350118,/nas/antoniodetoro/qwen/Qwen-Image-Edit-Angles-2/datos/MultiViewVisibleImagesHPE_Custom/test/00_15/00_15_1680262350118_rgb.png,/nas/antoniodetoro/qwen/Qwen-Image-Edit-Angles-2/datos/MultiViewVisibleImagesHPE_Custom/00_17/to_00_15/Step_6_fake_00_15_from_00_17_1680262350118_rgb.png,OK,7.739648606640119,30.303030303030305,0.9933510086884586,crítico,18.0
1680262350419,/nas/antoniodetoro/qwen/Qwen-Image-Edit-Angles-2/datos/MultiViewVisibleImagesHPE_Custom/test/00_15/00_15_1680262350419_rgb.png,/nas/antoniodetoro/qwen/Qwen-Image-Edit-Angles-2/datos/MultiViewVisibleImagesHPE_Custom/00_17/to_00_15/Step_6_fake_00_15_from_00_17_1680262350419_rgb.png,OK,6.117557726757786,33.33333333333333,0.9959624998051498,crítico,18.0
1680262350720,/nas/antoniodetoro/qwen/Qwen-Image-Edit-Angles-2/datos/MultiViewVisibleImagesHPE_Custom/test/00_15/00_15_1680262350720_rgb.png,/nas/antoniodetoro/qwen/Qwen-Image-Edit-Angles-2/datos/MultiViewVisibleImagesHPE_Custom/00_17/to_00_15/Step_6_fake_00_15_from_00_17_1680262350720_rgb.png,OK,4.023857000316722,78.78787878787878,0.998347268533154,aceptable,18.0
1680262351021,/nas/antoniodetoro/qwen/Qwen-Image-Edit-Angles-2/datos/MultiViewVisibleImagesHPE_Custom/test/00_15/00_15_1680262351021_rgb.png,/nas/antoniodetoro/qwen/Qwen-Image-Edit-Angles-2/datos/MultiViewVisibleImagesHPE_Custom/00_17/to_00_15/Step_6_fake_00_15_from_00_17_1680262351021_rgb.png,OK,4.000768835304222,78.78787878787878,0.998333559418908,aceptable,18.0
1680262351322,/nas/antoniodetoro/qwen/Qwen-Image-Edit-Angles-2/datos/MultiViewVisibleImagesHPE_Custom/test/00_15/00_15_1680262351322_rgb.png,/nas/antoniodetoro/qwen/Qwen-Image-Edit-Angles-2/datos/MultiViewVisibleImagesHPE_Custom/00_17/to_00_15/Step_6_fake_00_15_from_00_17_1680262351322_rgb.png,OK,3.334239645287458,96.96969696969697,0.9988045256624017,excelente,27.0
1680262351623,/nas/antoniodetoro/qwen/Qwen-Image-Edit-Angles-2/datos/MultiViewVisibleImagesHPE_Custom/test/00_15/00_15_1680262351623_rgb.png,/nas/antoniodetoro/qwen/Qwen-Image-Edit-Angles-2/datos/MultiViewVisibleImagesHPE_Custom/00_17/to_00_15/Step_6_fake_00_15_from_00_17_1680262351623_rgb.png,OK,2.569641523069164,100.0,0.9993589797448281,excelente,29.0
1680262351924,/nas/antoniodetoro/qwen/Qwen-Image-Edit-Angles-2/datos/MultiViewVisibleImagesHPE_Custom/test/00_15/00_15_1680262351924_rgb.png,/nas/antoniodetoro/qwen/Qwen-Image-Edit-Angles-2/datos/MultiViewVisibleImagesHPE_Custom/00_17/to_00_15/Step_6_fake_00_15_from_00_17_1680262351924_rgb.png,OK,2.1726845565083934,100.0,0.9995404279550201,excelente,27.0
1680262352225,/nas/antoniodetoro/qwen/Qwen-Image-Edit-Angles-2/datos/MultiViewVisibleImagesHPE_Custom/test/00_15/00_15_1680262352225_rgb.png,/nas/antoniodetoro/qwen/Qwen-Image-Edit-Angles-2/datos/MultiViewVisibleImagesHPE_Custom/00_17/to_00_15/Step_6_fake_00_15_from_00_17_1680262352225_rgb.png,OK,2.3051234733162103,96.96969696969697,0.9993639506940801,excelente,20.0
1680262352526,/nas/antoniodetoro/qwen/Qwen-Image-Edit-Angles-2/datos/MultiViewVisibleImagesHPE_Custom/test/00_15/00_15_1680262352526_rgb.png,/nas/antoniodetoro/qwen/Qwen-Image-Edit-Angles-2/datos/MultiViewVisibleImagesHPE_Custom/00_17/to_00_15/Step_6_fake_00_15_from_00_17_1680262352526_rgb.png,OK,2.4756920818121304,100.0,0.9994486712767192,excelente,18.0
1680262352827,/nas/antoniodetoro/qwen/Qwen-Image-Edit-Angles-2/datos/MultiViewVisibleImagesHPE_Custom/test/00_15/00_15_1680262352827_rgb.png,/nas/antoniodetoro/qwen/Qwen-Image-Edit-Angles-2/datos/MultiViewVisibleImagesHPE_Custom/00_17/to_00_15/Step_6_fake_00_15_from_00_17_1680262352827_rgb.png,OK,3.5117720205370477,93.93939393939394,0.9987385122884662,excelente,13.0
1680262353128,/nas/antoniodetoro/qwen/Qwen-Image-Edit-Angles-2/datos/MultiViewVisibleImagesHPE_Custom/test/00_15/00_15_1680262353128_rgb.png,/nas/antoniodetoro/qwen/Qwen-Image-Edit-Angles-2/datos/MultiViewVisibleImagesHPE_Custom/00_17/to_00_15/Step_6_fake_00_15_from_00_17_1680262353128_rgb.png,OK,4.4962758739444,72.72727272727273,0.9978322367523309,aceptable,18.0
1680262353429,/nas/antoniodetoro/qwen/Qwen-Image-Edit-Angles-2/datos/MultiViewVisibleImagesHPE_Custom/test/00_15/00_15_1680262353429_rgb.png,/nas/antoniodetoro/qwen/Qwen-Image-Edit-Angles-2/datos/MultiViewVisibleImagesHPE_Custom/00_17/to_00_15/Step_6_fake_00_15_from_00_17_1680262353429_rgb.png,OK,4.949372926979099,63.63636363636363,0.9972382284054228,crítico,18.0
1680262353730,/nas/antoniodetoro/qwen/Qwen-Image-Edit-Angles-2/datos/MultiViewVisibleImagesHPE_Custom/test/00_15/00_15_1680262353730_rgb.png,/nas/antoniodetoro/qwen/Qwen-Image-Edit-Angles-2/datos/MultiViewVisibleImagesHPE_Custom/00_17/to_00_15/Step_6_fake_00_15_from_00_17_1680262353730_rgb.png,OK,6.261958557130188,27.27272727272727,0.9956617430789209,crítico,18.0
1680262354031,/nas/antoniodetoro/qwen/Qwen-Image-Edit-Angles-2/datos/MultiViewVisibleImagesHPE_Custom/test/00_15/00_15_1680262354031_rgb.png,/nas/antoniodetoro/qwen/Qwen-Image-Edit-Angles-2/datos/MultiViewVisibleImagesHPE_Custom/00_17/to_00_15/Step_6_fake_00_15_from_00_17_1680262354031_rgb.png,OK,7.803011261970493,15.151515151515152,0.993125494535823,crítico,18.0
1680262354332,/nas/antoniodetoro/qwen/Qwen-Image-Edit-Angles-2/datos/MultiViewVisibleImagesHPE_Custom/test/00_15/00_15_1680262354332_rgb.png,/nas/antoniodetoro/qwen/Qwen-Image-Edit-Angles-2/datos/MultiViewVisibleImagesHPE_Custom/00_17/to_00_15/Step_6_fake_00_15_from_00_17_1680262354332_rgb.png,OK,8.03837481938174,6.0606060606060606,0.9927805483833397,crítico,18.0
1680262354633,/nas/antoniodetoro/qwen/Qwen-Image-Edit-Angles-2/datos/MultiViewVisibleImagesHPE_Custom/test/00_15/00_15_1680262354633_rgb.png,/nas/antoniodetoro/qwen/Qwen-Image-Edit-Angles-2/datos/MultiViewVisibleImagesHPE_Custom/00_17/to_00_15/Step_6_fake_00_15_from_00_17_1680262354633_rgb.png,OK,7.444827170689227,30.303030303030305,0.9935440874963926,crítico,20.0
1680262354934,/nas/antoniodetoro/qwen/Qwen-Image-Edit-Angles-2/datos/MultiViewVisibleImagesHPE_Custom/test/00_15/00_15_1680262354934_rgb.png,/nas/antoniodetoro/qwen/Qwen-Image-Edit-Angles-2/datos/MultiViewVisibleImagesHPE_Custom/00_17/to_00_15/Step_6_fake_00_15_from_00_17_1680262354934_rgb.png,OK,9.63732473395804,12.121212121212121,0.9898532595010613,crítico,19.0
1680262355235,/nas/antoniodetoro/qwen/Qwen-Image-Edit-Angles-2/datos/MultiViewVisibleImagesHPE_Custom/test/00_15/00_15_1680262355235_rgb.png,/nas/antoniodetoro/qwen/Qwen-Image-Edit-Angles-2/datos/MultiViewVisibleImagesHPE_Custom/00_17/to_00_15/Step_6_fake_00_15_from_00_17_1680262355235_rgb.png,OK,10.710141548408394,6.0606060606060606,0.9853905087214683,crítico,19.0
1680262355536,/nas/antoniodetoro/qwen/Qwen-Image-Edit-Angles-2/datos/MultiViewVisibleImagesHPE_Custom/test/00_15/00_15_1680262355536_rgb.png,/nas/antoniodetoro/qwen/Qwen-Image-Edit-Angles-2/datos/MultiViewVisibleImagesHPE_Custom/00_17/to_00_15/Step_6_fake_00_15_from_00_17_1680262355536_rgb.png,OK,10.208463096025685,15.151515151515152,0.9843612940068882,crítico,19.0
1680262355837,/nas/antoniodetoro/qwen/Qwen-Image-Edit-Angles-2/datos/MultiViewVisibleImagesHPE_Custom/test/00_15/00_15_1680262355837_rgb.png,/nas/antoniodetoro/qwen/Qwen-Image-Edit-Angles-2/datos/MultiViewVisibleImagesHPE_Custom/00_17/to_00_15/Step_6_fake_00_15_from_00_17_1680262355837_rgb.png,OK,10.28917859941256,33.33333333333333,0.9795973828666722,crítico,17.0
1680262356138,/nas/antoniodetoro/qwen/Qwen-Image-Edit-Angles-2/datos/MultiViewVisibleImagesHPE_Custom/test/00_15/00_15_1680262356138_rgb.png,/nas/antoniodetoro/qwen/Qwen-Image-Edit-Angles-2/datos/MultiViewVisibleImagesHPE_Custom/00_17/to_00_15/Step_6_fake_00_15_from_00_17_1680262356138_rgb.png,OK,11.452769108080753,21.21212121212121,0.9768560322092937,crítico,18.0
1680262356439,/nas/antoniodetoro/qwen/Qwen-Image-Edit-Angles-2/datos/MultiViewVisibleImagesHPE_Custom/test/00_15/00_15_1680262356439_rgb.png,/nas/antoniodetoro/qwen/Qwen-Image-Edit-Angles-2/datos/MultiViewVisibleImagesHPE_Custom/00_17/to_00_15/Step_6_fake_00_15_from_00_17_1680262356439_rgb.png,OK,10.266315833215597,24.242424242424242,0.9796244842051843,crítico,18.0
1680262356740,/nas/antoniodetoro/qwen/Qwen-Image-Edit-Angles-2/datos/MultiViewVisibleImagesHPE_Custom/test/00_15/00_15_1680262356740_rgb.png,/nas/antoniodetoro/qwen/Qwen-Image-Edit-Angles-2/datos/MultiViewVisibleImagesHPE_Custom/00_17/to_00_15/Step_6_fake_00_15_from_00_17_1680262356740_rgb.png,OK,8.8558408075088,21.21212121212121,0.9889105116173375,crítico,17.0
1680262357041,/nas/antoniodetoro/qwen/Qwen-Image-Edit-Angles-2/datos/MultiViewVisibleImagesHPE_Custom/test/00_15/00_15_1680262357041_rgb.png,/nas/antoniodetoro/qwen/Qwen-Image-Edit-Angles-2/datos/MultiViewVisibleImagesHPE_Custom/00_17/to_00_15/Step_6_fake_00_15_from_00_17_1680262357041_rgb.png,OK,10.022724907066799,6.0606060606060606,0.9896494625647222,crítico,17.0
1680262357342,/nas/antoniodetoro/qwen/Qwen-Image-Edit-Angles-2/datos/MultiViewVisibleImagesHPE_Custom/test/00_15/00_15_1680262357342_rgb.png,/nas/antoniodetoro/qwen/Qwen-Image-Edit-Angles-2/datos/MultiViewVisibleImagesHPE_Custom/00_17/to_00_15/Step_6_fake_00_15_from_00_17_1680262357342_rgb.png,OK,7.662148649156529,15.151515151515152,0.9929272718867166,crítico,19.0
1680262357643,/nas/antoniodetoro/qwen/Qwen-Image-Edit-Angles-2/datos/MultiViewVisibleImagesHPE_Custom/test/00_15/00_15_1680262357643_rgb.png,/nas/antoniodetoro/qwen/Qwen-Image-Edit-Angles-2/datos/MultiViewVisibleImagesHPE_Custom/00_17/to_00_15/Step_6_fake_00_15_from_00_17_1680262357643_rgb.png,OK,6.972623454623021,21.21212121212121,0.9946309972899076,crítico,18.0
1680262357944,/nas/antoniodetoro/qwen/Qwen-Image-Edit-Angles-2/datos/MultiViewVisibleImagesHPE_Custom/test/00_15/00_15_1680262357944_rgb.png,/nas/antoniodetoro/qwen/Qwen-Image-Edit-Angles-2/datos/MultiViewVisibleImagesHPE_Custom/00_17/to_00_15/Step_6_fake_00_15_from_00_17_1680262357944_rgb.png,OK,8.572690986964474,12.121212121212121,0.992822585577248,crítico,18.0
1680262358245,/nas/antoniodetoro/qwen/Qwen-Image-Edit-Angles-2/datos/MultiViewVisibleImagesHPE_Custom/test/00_15/00_15_1680262358245_rgb.png,/nas/antoniodetoro/qwen/Qwen-Image-Edit-Angles-2/datos/MultiViewVisibleImagesHPE_Custom/00_17/to_00_15/Step_6_fake_00_15_from_00_17_1680262358245_rgb.png,OK,6.167618816229513,30.303030303030305,0.9956718725252427,crítico,20.0
1680262358546,/nas/antoniodetoro/qwen/Qwen-Image-Edit-Angles-2/datos/MultiViewVisibleImagesHPE_Custom/test/00_15/00_15_1680262358546_rgb.png,/nas/antoniodetoro/qwen/Qwen-Image-Edit-Angles-2/datos/MultiViewVisibleImagesHPE_Custom/00_17/to_00_15/Step_6_fake_00_15_from_00_17_1680262358546_rgb.png,OK,3.0329601875401826,87.87878787878788,0.999129875098083,aceptable,26.0
1680262358847,/nas/antoniodetoro/qwen/Qwen-Image-Edit-Angles-2/datos/MultiViewVisibleImagesHPE_Custom/test/00_15/00_15_1680262358847_rgb.png,/nas/antoniodetoro/qwen/Qwen-Image-Edit-Angles-2/datos/MultiViewVisibleImagesHPE_Custom/00_17/to_00_15/Step_6_fake_00_15_from_00_17_1680262358847_rgb.png,OK,2.5250512787689927,96.96969696969697,0.999317057750577,excelente,26.0
1680262359148,/nas/antoniodetoro/qwen/Qwen-Image-Edit-Angles-2/datos/MultiViewVisibleImagesHPE_Custom/test/00_15/00_15_1680262359148_rgb.png,/nas/antoniodetoro/qwen/Qwen-Image-Edit-Angles-2/datos/MultiViewVisibleImagesHPE_Custom/00_17/to_00_15/Step_6_fake_00_15_from_00_17_1680262359148_rgb.png,OK,2.216450100868551,100.0,0.9994542384242252,excelente,29.0
1680262359449,/nas/antoniodetoro/qwen/Qwen-Image-Edit-Angles-2/datos/MultiViewVisibleImagesHPE_Custom/test/00_15/00_15_1680262359449_rgb.png,/nas/antoniodetoro/qwen/Qwen-Image-Edit-Angles-2/datos/MultiViewVisibleImagesHPE_Custom/00_17/to_00_15/Step_6_fake_00_15_from_00_17_1680262359449_rgb.png,OK,1.9604422007640467,100.0,0.9995721288822251,excelente,14.0
1680262359750,/nas/antoniodetoro/qwen/Qwen-Image-Edit-Angles-2/datos/MultiViewVisibleImagesHPE_Custom/test/00_15/00_15_1680262359750_rgb.png,/nas/antoniodetoro/qwen/Qwen-Image-Edit-Angles-2/datos/MultiViewVisibleImagesHPE_Custom/00_17/to_00_15/Step_6_fake_00_15_from_00_17_1680262359750_rgb.png,OK,1.6903101635761995,100.0,0.9997115211562988,excelente,29.0
1680262360051,/nas/antoniodetoro/qwen/Qwen-Image-Edit-Angles-2/datos/MultiViewVisibleImagesHPE_Custom/test/00_15/00_15_1680262360051_rgb.png,/nas/antoniodetoro/qwen/Qwen-Image-Edit-Angles-2/datos/MultiViewVisibleImagesHPE_Custom/00_17/to_00_15/Step_6_fake_00_15_from_00_17_1680262360051_rgb.png,OK,2.311384476090639,100.0,0.9994691146114861,excelente,29.0
1680262360352,/nas/antoniodetoro/qwen/Qwen-Image-Edit-Angles-2/datos/MultiViewVisibleImagesHPE_Custom/test/00_15/00_15_1680262360352_rgb.png,/nas/antoniodetoro/qwen/Qwen-Image-Edit-Angles-2/datos/MultiViewVisibleImagesHPE_Custom/00_17/to_00_15/Step_6_fake_00_15_from_00_17_1680262360352_rgb.png,OK,1.8634659986423294,100.0,0.9995752131724004,excelente,27.0
1680262360954,/nas/antoniodetoro/qwen/Qwen-Image-Edit-Angles-2/datos/MultiViewVisibleImagesHPE_Custom/test/00_15/00_15_1680262360954_rgb.png,/nas/antoniodetoro/qwen/Qwen-Image-Edit-Angles-2/datos/MultiViewVisibleImagesHPE_Custom/00_17/to_00_15/Step_6_fake_00_15_from_00_17_1680262360954_rgb.png,OK,3.3661736492221856,84.84848484848484,0.9962499055556563,aceptable,17.0
1680262361255,/nas/antoniodetoro/qwen/Qwen-Image-Edit-Angles-2/datos/MultiViewVisibleImagesHPE_Custom/test/00_15/00_15_1680262361255_rgb.png,/nas/antoniodetoro/qwen/Qwen-Image-Edit-Angles-2/datos/MultiViewVisibleImagesHPE_Custom/00_17/to_00_15/Step_6_fake_00_15_from_00_17_1680262361255_rgb.png,OK,4.385230998779267,84.84848484848484,0.9929042987659273,aceptable,17.0
1680262361556,/nas/antoniodetoro/qwen/Qwen-Image-Edit-Angles-2/datos/MultiViewVisibleImagesHPE_Custom/test/00_15/00_15_1680262361556_rgb.png,/nas/antoniodetoro/qwen/Qwen-Image-Edit-Angles-2/datos/MultiViewVisibleImagesHPE_Custom/00_17/to_00_15/Step_6_fake_00_15_from_00_17_1680262361556_rgb.png,OK,4.861884252989885,84.84848484848484,0.9907829156282462,aceptable,17.0
1680262361858,/nas/antoniodetoro/qwen/Qwen-Image-Edit-Angles-2/datos/MultiViewVisibleImagesHPE_Custom/test/00_15/00_15_1680262361858_rgb.png,/nas/antoniodetoro/qwen/Qwen-Image-Edit-Angles-2/datos/MultiViewVisibleImagesHPE_Custom/00_17/to_00_15/Step_6_fake_00_15_from_00_17_1680262361858_rgb.png,OK,5.830454307215557,84.84848484848484,0.9862604312562278,aceptable,17.0
1680262362159,/nas/antoniodetoro/qwen/Qwen-Image-Edit-Angles-2/datos/MultiViewVisibleImagesHPE_Custom/test/00_15/00_15_1680262362159_rgb.png,/nas/antoniodetoro/qwen/Qwen-Image-Edit-Angles-2/datos/MultiViewVisibleImagesHPE_Custom/00_17/to_00_15/Step_6_fake_00_15_from_00_17_1680262362159_rgb.png,OK,6.7150553298897515,81.81818181818183,0.9815489829709249,aceptable,17.0
1680262362460,/nas/antoniodetoro/qwen/Qwen-Image-Edit-Angles-2/datos/MultiViewVisibleImagesHPE_Custom/test/00_15/00_15_1680262362460_rgb.png,/nas/antoniodetoro/qwen/Qwen-Image-Edit-Angles-2/datos/MultiViewVisibleImagesHPE_Custom/00_17/to_00_15/Step_6_fake_00_15_from_00_17_1680262362460_rgb.png,OK,7.758835170885719,84.84848484848484,0.975149848103548,aceptable,17.0
1680262362760,/nas/antoniodetoro/qwen/Qwen-Image-Edit-Angles-2/datos/MultiViewVisibleImagesHPE_Custom/test/00_15/00_15_1680262362760_rgb.png,/nas/antoniodetoro/qwen/Qwen-Image-Edit-Angles-2/datos/MultiViewVisibleImagesHPE_Custom/00_17/to_00_15/Step_6_fake_00_15_from_00_17_1680262362760_rgb.png,OK,2.2197396201068567,100.0,0.9994286499869575,excelente,17.0
1680262363061,/nas/antoniodetoro/qwen/Qwen-Image-Edit-Angles-2/datos/MultiViewVisibleImagesHPE_Custom/test/00_15/00_15_1680262363061_rgb.png,/nas/antoniodetoro/qwen/Qwen-Image-Edit-Angles-2/datos/MultiViewVisibleImagesHPE_Custom/00_17/to_00_15/Step_6_fake_00_15_from_00_17_1680262363061_rgb.png,OK,1.8614224881627814,100.0,0.9996079314823676,excelente,20.0
1680262363363,/nas/antoniodetoro/qwen/Qwen-Image-Edit-Angles-2/datos/MultiViewVisibleImagesHPE_Custom/test/00_15/00_15_1680262363363_rgb.png,/nas/antoniodetoro/qwen/Qwen-Image-Edit-Angles-2/datos/MultiViewVisibleImagesHPE_Custom/00_17/to_00_15/Step_6_fake_00_15_from_00_17_1680262363363_rgb.png,OK,7.164478111727767,84.84848484848484,0.975236714615726,aceptable,19.0
1680262363664,/nas/antoniodetoro/qwen/Qwen-Image-Edit-Angles-2/datos/MultiViewVisibleImagesHPE_Custom/test/00_15/00_15_1680262363664_rgb.png,/nas/antoniodetoro/qwen/Qwen-Image-Edit-Angles-2/datos/MultiViewVisibleImagesHPE_Custom/00_17/to_00_15/Step_6_fake_00_15_from_00_17_1680262363664_rgb.png,OK,8.165280002183886,84.84848484848484,0.9711688437215419,aceptable,17.0
1680262363965,/nas/antoniodetoro/qwen/Qwen-Image-Edit-Angles-2/datos/MultiViewVisibleImagesHPE_Custom/test/00_15/00_15_1680262363965_rgb.png,/nas/antoniodetoro/qwen/Qwen-Image-Edit-Angles-2/datos/MultiViewVisibleImagesHPE_Custom/00_17/to_00_15/Step_6_fake_00_15_from_00_17_1680262363965_rgb.png,OK,7.782480110400105,84.84848484848484,0.9730174420338119,aceptable,17.0
1680262364266,/nas/antoniodetoro/qwen/Qwen-Image-Edit-Angles-2/datos/MultiViewVisibleImagesHPE_Custom/test/00_15/00_15_1680262364266_rgb.png,/nas/antoniodetoro/qwen/Qwen-Image-Edit-Angles-2/datos/MultiViewVisibleImagesHPE_Custom/00_17/to_00_15/Step_6_fake_00_15_from_00_17_1680262364266_rgb.png,OK,7.5469568414108865,81.81818181818183,0.9769895612858983,aceptable,19.0
1680262364567,/nas/antoniodetoro/qwen/Qwen-Image-Edit-Angles-2/datos/MultiViewVisibleImagesHPE_Custom/test/00_15/00_15_1680262364567_rgb.png,/nas/antoniodetoro/qwen/Qwen-Image-Edit-Angles-2/datos/MultiViewVisibleImagesHPE_Custom/00_17/to_00_15/Step_6_fake_00_15_from_00_17_1680262364567_rgb.png,OK,6.438778417986512,84.84848484848484,0.9839904732056213,aceptable,17.0
1680262364868,/nas/antoniodetoro/qwen/Qwen-Image-Edit-Angles-2/datos/MultiViewVisibleImagesHPE_Custom/test/00_15/00_15_1680262364868_rgb.png,/nas/antoniodetoro/qwen/Qwen-Image-Edit-Angles-2/datos/MultiViewVisibleImagesHPE_Custom/00_17/to_00_15/Step_6_fake_00_15_from_00_17_1680262364868_rgb.png,OK,5.120566430569592,84.84848484848484,0.9900813891678537,aceptable,17.0
1680262365169,/nas/antoniodetoro/qwen/Qwen-Image-Edit-Angles-2/datos/MultiViewVisibleImagesHPE_Custom/test/00_15/00_15_1680262365169_rgb.png,/nas/antoniodetoro/qwen/Qwen-Image-Edit-Angles-2/datos/MultiViewVisibleImagesHPE_Custom/00_17/to_00_15/Step_6_fake_00_15_from_00_17_1680262365169_rgb.png,OK,4.958305139739519,81.81818181818183,0.9918264418128125,aceptable,17.0
1680262365470,/nas/antoniodetoro/qwen/Qwen-Image-Edit-Angles-2/datos/MultiViewVisibleImagesHPE_Custom/test/00_15/00_15_1680262365470_rgb.png,/nas/antoniodetoro/qwen/Qwen-Image-Edit-Angles-2/datos/MultiViewVisibleImagesHPE_Custom/00_17/to_00_15/Step_6_fake_00_15_from_00_17_1680262365470_rgb.png,OK,4.531991036839301,84.84848484848484,0.9944191069512736,aceptable,17.0
1680262365771,/nas/antoniodetoro/qwen/Qwen-Image-Edit-Angles-2/datos/MultiViewVisibleImagesHPE_Custom/test/00_15/00_15_1680262365771_rgb.png,/nas/antoniodetoro/qwen/Qwen-Image-Edit-Angles-2/datos/MultiViewVisibleImagesHPE_Custom/00_17/to_00_15/Step_6_fake_00_15_from_00_17_1680262365771_rgb.png,OK,2.9123274933862575,87.87878787878788,0.9981803631454623,aceptable,17.0
1680262366073,/nas/antoniodetoro/qwen/Qwen-Image-Edit-Angles-2/datos/MultiViewVisibleImagesHPE_Custom/test/00_15/00_15_1680262366073_rgb.png,/nas/antoniodetoro/qwen/Qwen-Image-Edit-Angles-2/datos/MultiViewVisibleImagesHPE_Custom/00_17/to_00_15/Step_6_fake_00_15_from_00_17_1680262366073_rgb.png,OK,2.0206908477748646,100.0,0.9996021712829444,excelente,19.0
1680262366374,/nas/antoniodetoro/qwen/Qwen-Image-Edit-Angles-2/datos/MultiViewVisibleImagesHPE_Custom/test/00_15/00_15_1680262366374_rgb.png,/nas/antoniodetoro/qwen/Qwen-Image-Edit-Angles-2/datos/MultiViewVisibleImagesHPE_Custom/00_17/to_00_15/Step_6_fake_00_15_from_00_17_1680262366374_rgb.png,OK,3.589599265380444,93.93939393939394,0.9986921192084676,excelente,29.0
1680262366675,/nas/antoniodetoro/qwen/Qwen-Image-Edit-Angles-2/datos/MultiViewVisibleImagesHPE_Custom/test/00_15/00_15_1680262366675_rgb.png,/nas/antoniodetoro/qwen/Qwen-Image-Edit-Angles-2/datos/MultiViewVisibleImagesHPE_Custom/00_17/to_00_15/Step_6_fake_00_15_from_00_17_1680262366675_rgb.png,OK,2.2622463880890704,96.96969696969697,0.9994226133772283,excelente,29.0
1680262366976,/nas/antoniodetoro/qwen/Qwen-Image-Edit-Angles-2/datos/MultiViewVisibleImagesHPE_Custom/test/00_15/00_15_1680262366976_rgb.png,/nas/antoniodetoro/qwen/Qwen-Image-Edit-Angles-2/datos/MultiViewVisibleImagesHPE_Custom/00_17/to_00_15/Step_6_fake_00_15_from_00_17_1680262366976_rgb.png,OK,3.151227775208918,78.78787878787878,0.998856748160061,aceptable,3.0
1680262367277,/nas/antoniodetoro/qwen/Qwen-Image-Edit-Angles-2/datos/MultiViewVisibleImagesHPE_Custom/test/00_15/00_15_1680262367277_rgb.png,/nas/antoniodetoro/qwen/Qwen-Image-Edit-Angles-2/datos/MultiViewVisibleImagesHPE_Custom/00_17/to_00_15/Step_6_fake_00_15_from_00_17_1680262367277_rgb.png,OK,2.2935397915081226,100.0,0.9994392130919871,excelente,20.0
1680262367578,/nas/antoniodetoro/qwen/Qwen-Image-Edit-Angles-2/datos/MultiViewVisibleImagesHPE_Custom/test/00_15/00_15_1680262367578_rgb.png,/nas/antoniodetoro/qwen/Qwen-Image-Edit-Angles-2/datos/MultiViewVisibleImagesHPE_Custom/00_17/to_00_15/Step_6_fake_00_15_from_00_17_1680262367578_rgb.png,OK,1.9150769115874333,100.0,0.9995944926403711,excelente,29.0
1680262367879,/nas/antoniodetoro/qwen/Qwen-Image-Edit-Angles-2/datos/MultiViewVisibleImagesHPE_Custom/test/00_15/00_15_1680262367879_rgb.png,/nas/antoniodetoro/qwen/Qwen-Image-Edit-Angles-2/datos/MultiViewVisibleImagesHPE_Custom/00_17/to_00_15/Step_6_fake_00_15_from_00_17_1680262367879_rgb.png,OK,2.5859421051740714,100.0,0.9992811161123568,excelente,29.0
1680262368180,/nas/antoniodetoro/qwen/Qwen-Image-Edit-Angles-2/datos/MultiViewVisibleImagesHPE_Custom/test/00_15/00_15_1680262368180_rgb.png,/nas/antoniodetoro/qwen/Qwen-Image-Edit-Angles-2/datos/MultiViewVisibleImagesHPE_Custom/00_17/to_00_15/Step_6_fake_00_15_from_00_17_1680262368180_rgb.png,OK,2.535205456944021,87.87878787878788,0.9990282709697522,aceptable,17.0
1680262368481,/nas/antoniodetoro/qwen/Qwen-Image-Edit-Angles-2/datos/MultiViewVisibleImagesHPE_Custom/test/00_15/00_15_1680262368481_rgb.png,/nas/antoniodetoro/qwen/Qwen-Image-Edit-Angles-2/datos/MultiViewVisibleImagesHPE_Custom/00_17/to_00_15/Step_6_fake_00_15_from_00_17_1680262368481_rgb.png,OK,3.719405202892333,81.81818181818183,0.9970387580429297,aceptable,17.0
1680262368782,/nas/antoniodetoro/qwen/Qwen-Image-Edit-Angles-2/datos/MultiViewVisibleImagesHPE_Custom/test/00_15/00_15_1680262368782_rgb.png,/nas/antoniodetoro/qwen/Qwen-Image-Edit-Angles-2/datos/MultiViewVisibleImagesHPE_Custom/00_17/to_00_15/Step_6_fake_00_15_from_00_17_1680262368782_rgb.png,OK,4.13571853199342,84.84848484848484,0.9940434099235278,aceptable,17.0
1680262369083,/nas/antoniodetoro/qwen/Qwen-Image-Edit-Angles-2/datos/MultiViewVisibleImagesHPE_Custom/test/00_15/00_15_1680262369083_rgb.png,/nas/antoniodetoro/qwen/Qwen-Image-Edit-Angles-2/datos/MultiViewVisibleImagesHPE_Custom/00_17/to_00_15/Step_6_fake_00_15_from_00_17_1680262369083_rgb.png,OK,5.148483730768391,84.84848484848484,0.9894875321504828,aceptable,17.0
1680262369384,/nas/antoniodetoro/qwen/Qwen-Image-Edit-Angles-2/datos/MultiViewVisibleImagesHPE_Custom/test/00_15/00_15_1680262369384_rgb.png,/nas/antoniodetoro/qwen/Qwen-Image-Edit-Angles-2/datos/MultiViewVisibleImagesHPE_Custom/00_17/to_00_15/Step_6_fake_00_15_from_00_17_1680262369384_rgb.png,OK,6.528651104737281,84.84848484848484,0.9822020366690852,aceptable,17.0
1680262369685,/nas/antoniodetoro/qwen/Qwen-Image-Edit-Angles-2/datos/MultiViewVisibleImagesHPE_Custom/test/00_15/00_15_1680262369685_rgb.png,/nas/antoniodetoro/qwen/Qwen-Image-Edit-Angles-2/datos/MultiViewVisibleImagesHPE_Custom/00_17/to_00_15/Step_6_fake_00_15_from_00_17_1680262369685_rgb.png,OK,7.571811723845891,78.78787878787878,0.9769698867596097,aceptable,17.0
1680262369986,/nas/antoniodetoro/qwen/Qwen-Image-Edit-Angles-2/datos/MultiViewVisibleImagesHPE_Custom/test/00_15/00_15_1680262369986_rgb.png,/nas/antoniodetoro/qwen/Qwen-Image-Edit-Angles-2/datos/MultiViewVisibleImagesHPE_Custom/00_17/to_00_15/Step_6_fake_00_15_from_00_17_1680262369986_rgb.png,OK,7.777572444737061,84.84848484848484,0.9722770809688328,aceptable,17.0
1680262370287,/nas/antoniodetoro/qwen/Qwen-Image-Edit-Angles-2/datos/MultiViewVisibleImagesHPE_Custom/test/00_15/00_15_1680262370287_rgb.png,/nas/antoniodetoro/qwen/Qwen-Image-Edit-Angles-2/datos/MultiViewVisibleImagesHPE_Custom/00_17/to_00_15/Step_6_fake_00_15_from_00_17_1680262370287_rgb.png,OK,8.316762070167364,78.78787878787878,0.9695816023231196,aceptable,17.0
1680262370588,/nas/antoniodetoro/qwen/Qwen-Image-Edit-Angles-2/datos/MultiViewVisibleImagesHPE_Custom/test/00_15/00_15_1680262370588_rgb.png,/nas/antoniodetoro/qwen/Qwen-Image-Edit-Angles-2/datos/MultiViewVisibleImagesHPE_Custom/00_17/to_00_15/Step_6_fake_00_15_from_00_17_1680262370588_rgb.png,OK,8.567004707679514,84.84848484848484,0.9707932372598022,aceptable,17.0
1680262370889,/nas/antoniodetoro/qwen/Qwen-Image-Edit-Angles-2/datos/MultiViewVisibleImagesHPE_Custom/test/00_15/00_15_1680262370889_rgb.png,/nas/antoniodetoro/qwen/Qwen-Image-Edit-Angles-2/datos/MultiViewVisibleImagesHPE_Custom/00_17/to_00_15/Step_6_fake_00_15_from_00_17_1680262370889_rgb.png,OK,8.357721610211504,84.84848484848484,0.9716306764125306,aceptable,17.0
1680262371190,/nas/antoniodetoro/qwen/Qwen-Image-Edit-Angles-2/datos/MultiViewVisibleImagesHPE_Custom/test/00_15/00_15_1680262371190_rgb.png,/nas/antoniodetoro/qwen/Qwen-Image-Edit-Angles-2/datos/MultiViewVisibleImagesHPE_Custom/00_17/to_00_15/Step_6_fake_00_15_from_00_17_1680262371190_rgb.png,OK,8.662873902479012,81.81818181818183,0.9710735354696534,aceptable,17.0
1680262371491,/nas/antoniodetoro/qwen/Qwen-Image-Edit-Angles-2/datos/MultiViewVisibleImagesHPE_Custom/test/00_15/00_15_1680262371491_rgb.png,/nas/antoniodetoro/qwen/Qwen-Image-Edit-Angles-2/datos/MultiViewVisibleImagesHPE_Custom/00_17/to_00_15/Step_6_fake_00_15_from_00_17_1680262371491_rgb.png,OK,8.30277786829021,84.84848484848484,0.9706491132170166,aceptable,17.0
1680262371792,/nas/antoniodetoro/qwen/Qwen-Image-Edit-Angles-2/datos/MultiViewVisibleImagesHPE_Custom/test/00_15/00_15_1680262371792_rgb.png,/nas/antoniodetoro/qwen/Qwen-Image-Edit-Angles-2/datos/MultiViewVisibleImagesHPE_Custom/00_17/to_00_15/Step_6_fake_00_15_from_00_17_1680262371792_rgb.png,OK,8.379467188684615,84.84848484848484,0.9717147168070038,aceptable,17.0
1680262372093,/nas/antoniodetoro/qwen/Qwen-Image-Edit-Angles-2/datos/MultiViewVisibleImagesHPE_Custom/test/00_15/00_15_1680262372093_rgb.png,/nas/antoniodetoro/qwen/Qwen-Image-Edit-Angles-2/datos/MultiViewVisibleImagesHPE_Custom/00_17/to_00_15/Step_6_fake_00_15_from_00_17_1680262372093_rgb.png,OK,7.655527516715607,84.84848484848484,0.9780459443324158,aceptable,17.0
1680262372394,/nas/antoniodetoro/qwen/Qwen-Image-Edit-Angles-2/datos/MultiViewVisibleImagesHPE_Custom/test/00_15/00_15_1680262372394_rgb.png,/nas/antoniodetoro/qwen/Qwen-Image-Edit-Angles-2/datos/MultiViewVisibleImagesHPE_Custom/00_17/to_00_15/Step_6_fake_00_15_from_00_17_1680262372394_rgb.png,OK,6.139224862075274,81.81818181818183,0.9850912134136822,aceptable,17.0
1680262372695,/nas/antoniodetoro/qwen/Qwen-Image-Edit-Angles-2/datos/MultiViewVisibleImagesHPE_Custom/test/00_15/00_15_1680262372695_rgb.png,/nas/antoniodetoro/qwen/Qwen-Image-Edit-Angles-2/datos/MultiViewVisibleImagesHPE_Custom/00_17/to_00_15/Step_6_fake_00_15_from_00_17_1680262372695_rgb.png,OK,5.201039671974664,84.84848484848484,0.9901345965628583,aceptable,17.0
1680262372996,/nas/antoniodetoro/qwen/Qwen-Image-Edit-Angles-2/datos/MultiViewVisibleImagesHPE_Custom/test/00_15/00_15_1680262372996_rgb.png,/nas/antoniodetoro/qwen/Qwen-Image-Edit-Angles-2/datos/MultiViewVisibleImagesHPE_Custom/00_17/to_00_15/Step_6_fake_00_15_from_00_17_1680262372996_rgb.png,OK,4.38522148648749,81.81818181818183,0.9946111650426713,aceptable,17.0
1680262373297,/nas/antoniodetoro/qwen/Qwen-Image-Edit-Angles-2/datos/MultiViewVisibleImagesHPE_Custom/test/00_15/00_15_1680262373297_rgb.png,/nas/antoniodetoro/qwen/Qwen-Image-Edit-Angles-2/datos/MultiViewVisibleImagesHPE_Custom/00_17/to_00_15/Step_6_fake_00_15_from_00_17_1680262373297_rgb.png,OK,2.8331676617817,96.96969696969697,0.9991128157028649,excelente,29.0
1680262373598,/nas/antoniodetoro/qwen/Qwen-Image-Edit-Angles-2/datos/MultiViewVisibleImagesHPE_Custom/test/00_15/00_15_1680262373598_rgb.png,/nas/antoniodetoro/qwen/Qwen-Image-Edit-Angles-2/datos/MultiViewVisibleImagesHPE_Custom/00_17/to_00_15/Step_6_fake_00_15_from_00_17_1680262373598_rgb.png,OK,2.620302814591971,100.0,0.9992894668037616,excelente,11.0
1680262373899,/nas/antoniodetoro/qwen/Qwen-Image-Edit-Angles-2/datos/MultiViewVisibleImagesHPE_Custom/test/00_15/00_15_1680262373899_rgb.png,/nas/antoniodetoro/qwen/Qwen-Image-Edit-Angles-2/datos/MultiViewVisibleImagesHPE_Custom/00_17/to_00_15/Step_6_fake_00_15_from_00_17_1680262373899_rgb.png,OK,3.2696066042950718,100.0,0.9989439850371183,excelente,27.0
1680262374201,/nas/antoniodetoro/qwen/Qwen-Image-Edit-Angles-2/datos/MultiViewVisibleImagesHPE_Custom/test/00_15/00_15_1680262374201_rgb.png,/nas/antoniodetoro/qwen/Qwen-Image-Edit-Angles-2/datos/MultiViewVisibleImagesHPE_Custom/00_17/to_00_15/Step_6_fake_00_15_from_00_17_1680262374201_rgb.png,OK,2.693562740779224,100.0,0.9992642735172027,excelente,24.0
1680262374502,/nas/antoniodetoro/qwen/Qwen-Image-Edit-Angles-2/datos/MultiViewVisibleImagesHPE_Custom/test/00_15/00_15_1680262374502_rgb.png,/nas/antoniodetoro/qwen/Qwen-Image-Edit-Angles-2/datos/MultiViewVisibleImagesHPE_Custom/00_17/to_00_15/Step_6_fake_00_15_from_00_17_1680262374502_rgb.png,OK,3.3160413856507636,93.93939393939394,0.998797922970225,excelente,18.0
1680262374803,/nas/antoniodetoro/qwen/Qwen-Image-Edit-Angles-2/datos/MultiViewVisibleImagesHPE_Custom/test/00_15/00_15_1680262374803_rgb.png,/nas/antoniodetoro/qwen/Qwen-Image-Edit-Angles-2/datos/MultiViewVisibleImagesHPE_Custom/00_17/to_00_15/Step_6_fake_00_15_from_00_17_1680262374803_rgb.png,OK,3.4212952783353896,93.93939393939394,0.9987609468260492,excelente,29.0
1680262375104,/nas/antoniodetoro/qwen/Qwen-Image-Edit-Angles-2/datos/MultiViewVisibleImagesHPE_Custom/test/00_15/00_15_1680262375104_rgb.png,/nas/antoniodetoro/qwen/Qwen-Image-Edit-Angles-2/datos/MultiViewVisibleImagesHPE_Custom/00_17/to_00_15/Step_6_fake_00_15_from_00_17_1680262375104_rgb.png,OK,4.261170267148244,66.66666666666666,0.9982790225043905,crítico,21.0
1680262375405,/nas/antoniodetoro/qwen/Qwen-Image-Edit-Angles-2/datos/MultiViewVisibleImagesHPE_Custom/test/00_15/00_15_1680262375405_rgb.png,/nas/antoniodetoro/qwen/Qwen-Image-Edit-Angles-2/datos/MultiViewVisibleImagesHPE_Custom/00_17/to_00_15/Step_6_fake_00_15_from_00_17_1680262375405_rgb.png,OK,4.523654194650419,75.75757575757575,0.9975394297969215,aceptable,19.0
1680262375706,/nas/antoniodetoro/qwen/Qwen-Image-Edit-Angles-2/datos/MultiViewVisibleImagesHPE_Custom/test/00_15/00_15_1680262375706_rgb.png,/nas/antoniodetoro/qwen/Qwen-Image-Edit-Angles-2/datos/MultiViewVisibleImagesHPE_Custom/00_17/to_00_15/Step_6_fake_00_15_from_00_17_1680262375706_rgb.png,OK,6.945279161105603,39.39393939393939,0.9938113982176996,crítico,19.0
1680262376007,/nas/antoniodetoro/qwen/Qwen-Image-Edit-Angles-2/datos/MultiViewVisibleImagesHPE_Custom/test/00_15/00_15_1680262376007_rgb.png,/nas/antoniodetoro/qwen/Qwen-Image-Edit-Angles-2/datos/MultiViewVisibleImagesHPE_Custom/00_17/to_00_15/Step_6_fake_00_15_from_00_17_1680262376007_rgb.png,OK,10.31057762988007,6.0606060606060606,0.9877650505998539,crítico,19.0
1680262376308,/nas/antoniodetoro/qwen/Qwen-Image-Edit-Angles-2/datos/MultiViewVisibleImagesHPE_Custom/test/00_15/00_15_1680262376308_rgb.png,/nas/antoniodetoro/qwen/Qwen-Image-Edit-Angles-2/datos/MultiViewVisibleImagesHPE_Custom/00_17/to_00_15/Step_6_fake_00_15_from_00_17_1680262376308_rgb.png,OK,11.441053645038023,0.0,0.9856498883691774,crítico,17.0
1680262376609,/nas/antoniodetoro/qwen/Qwen-Image-Edit-Angles-2/datos/MultiViewVisibleImagesHPE_Custom/test/00_15/00_15_1680262376609_rgb.png,/nas/antoniodetoro/qwen/Qwen-Image-Edit-Angles-2/datos/MultiViewVisibleImagesHPE_Custom/00_17/to_00_15/Step_6_fake_00_15_from_00_17_1680262376609_rgb.png,OK,12.644894594206818,3.0303030303030303,0.9818508025874002,crítico,17.0
1680262376910,/nas/antoniodetoro/qwen/Qwen-Image-Edit-Angles-2/datos/MultiViewVisibleImagesHPE_Custom/test/00_15/00_15_1680262376910_rgb.png,/nas/antoniodetoro/qwen/Qwen-Image-Edit-Angles-2/datos/MultiViewVisibleImagesHPE_Custom/00_17/to_00_15/Step_6_fake_00_15_from_00_17_1680262376910_rgb.png,OK,10.803857933840664,3.0303030303030303,0.9872099914512003,crítico,20.0
1680262377211,/nas/antoniodetoro/qwen/Qwen-Image-Edit-Angles-2/datos/MultiViewVisibleImagesHPE_Custom/test/00_15/00_15_1680262377211_rgb.png,/nas/antoniodetoro/qwen/Qwen-Image-Edit-Angles-2/datos/MultiViewVisibleImagesHPE_Custom/00_17/to_00_15/Step_6_fake_00_15_from_00_17_1680262377211_rgb.png,OK,12.082433926698297,3.0303030303030303,0.9856681592797771,crítico,20.0
1680262377513,/nas/antoniodetoro/qwen/Qwen-Image-Edit-Angles-2/datos/MultiViewVisibleImagesHPE_Custom/test/00_15/00_15_1680262377513_rgb.png,/nas/antoniodetoro/qwen/Qwen-Image-Edit-Angles-2/datos/MultiViewVisibleImagesHPE_Custom/00_17/to_00_15/Step_6_fake_00_15_from_00_17_1680262377513_rgb.png,OK,9.692218043287069,3.0303030303030303,0.9893034981583828,crítico,20.0
1680262377814,/nas/antoniodetoro/qwen/Qwen-Image-Edit-Angles-2/datos/MultiViewVisibleImagesHPE_Custom/test/00_15/00_15_1680262377814_rgb.png,/nas/antoniodetoro/qwen/Qwen-Image-Edit-Angles-2/datos/MultiViewVisibleImagesHPE_Custom/00_17/to_00_15/Step_6_fake_00_15_from_00_17_1680262377814_rgb.png,OK,10.805584791984414,3.0303030303030303,0.9888604279531047,crítico,20.0
1680262378115,/nas/antoniodetoro/qwen/Qwen-Image-Edit-Angles-2/datos/MultiViewVisibleImagesHPE_Custom/test/00_15/00_15_1680262378115_rgb.png,/nas/antoniodetoro/qwen/Qwen-Image-Edit-Angles-2/datos/MultiViewVisibleImagesHPE_Custom/00_17/to_00_15/Step_6_fake_00_15_from_00_17_1680262378115_rgb.png,OK,14.154157462971197,0.0,0.9780526430199977,crítico,18.0
1680262378416,/nas/antoniodetoro/qwen/Qwen-Image-Edit-Angles-2/datos/MultiViewVisibleImagesHPE_Custom/test/00_15/00_15_1680262378416_rgb.png,/nas/antoniodetoro/qwen/Qwen-Image-Edit-Angles-2/datos/MultiViewVisibleImagesHPE_Custom/00_17/to_00_15/Step_6_fake_00_15_from_00_17_1680262378416_rgb.png,OK,11.086552180251346,3.0303030303030303,0.9884255651813216,crítico,18.0
1680262378717,/nas/antoniodetoro/qwen/Qwen-Image-Edit-Angles-2/datos/MultiViewVisibleImagesHPE_Custom/test/00_15/00_15_1680262378717_rgb.png,/nas/antoniodetoro/qwen/Qwen-Image-Edit-Angles-2/datos/MultiViewVisibleImagesHPE_Custom/00_17/to_00_15/Step_6_fake_00_15_from_00_17_1680262378717_rgb.png,OK,9.195621412955681,3.0303030303030303,0.9910184713424185,crítico,18.0
1680262379018,/nas/antoniodetoro/qwen/Qwen-Image-Edit-Angles-2/datos/MultiViewVisibleImagesHPE_Custom/test/00_15/00_15_1680262379018_rgb.png,/nas/antoniodetoro/qwen/Qwen-Image-Edit-Angles-2/datos/MultiViewVisibleImagesHPE_Custom/00_17/to_00_15/Step_6_fake_00_15_from_00_17_1680262379018_rgb.png,OK,11.532400090318923,6.0606060606060606,0.9840163498076857,crítico,17.0
1680262379319,/nas/antoniodetoro/qwen/Qwen-Image-Edit-Angles-2/datos/MultiViewVisibleImagesHPE_Custom/test/00_15/00_15_1680262379319_rgb.png,/nas/antoniodetoro/qwen/Qwen-Image-Edit-Angles-2/datos/MultiViewVisibleImagesHPE_Custom/00_17/to_00_15/Step_6_fake_00_15_from_00_17_1680262379319_rgb.png,OK,11.676346424784148,6.0606060606060606,0.9824933330588618,crítico,17.0
1680262379620,/nas/antoniodetoro/qwen/Qwen-Image-Edit-Angles-2/datos/MultiViewVisibleImagesHPE_Custom/test/00_15/00_15_1680262379620_rgb.png,/nas/antoniodetoro/qwen/Qwen-Image-Edit-Angles-2/datos/MultiViewVisibleImagesHPE_Custom/00_17/to_00_15/Step_6_fake_00_15_from_00_17_1680262379620_rgb.png,OK,11.551659995500843,3.0303030303030303,0.9862209186701572,crítico,20.0
1680262379921,/nas/antoniodetoro/qwen/Qwen-Image-Edit-Angles-2/datos/MultiViewVisibleImagesHPE_Custom/test/00_15/00_15_1680262379921_rgb.png,/nas/antoniodetoro/qwen/Qwen-Image-Edit-Angles-2/datos/MultiViewVisibleImagesHPE_Custom/00_17/to_00_15/Step_6_fake_00_15_from_00_17_1680262379921_rgb.png,OK,8.53583781912763,21.21212121212121,0.9912033217924703,crítico,17.0
1680262380222,/nas/antoniodetoro/qwen/Qwen-Image-Edit-Angles-2/datos/MultiViewVisibleImagesHPE_Custom/test/00_15/00_15_1680262380222_rgb.png,/nas/antoniodetoro/qwen/Qwen-Image-Edit-Angles-2/datos/MultiViewVisibleImagesHPE_Custom/00_17/to_00_15/Step_6_fake_00_15_from_00_17_1680262380222_rgb.png,OK,5.485664019396993,66.66666666666666,0.9965685374802427,crítico,18.0
1680262380524,/nas/antoniodetoro/qwen/Qwen-Image-Edit-Angles-2/datos/MultiViewVisibleImagesHPE_Custom/test/00_15/00_15_1680262380524_rgb.png,/nas/antoniodetoro/qwen/Qwen-Image-Edit-Angles-2/datos/MultiViewVisibleImagesHPE_Custom/00_17/to_00_15/Step_6_fake_00_15_from_00_17_1680262380524_rgb.png,OK,4.019806921580695,81.81818181818183,0.9984714268938242,aceptable,17.0
1680262380825,/nas/antoniodetoro/qwen/Qwen-Image-Edit-Angles-2/datos/MultiViewVisibleImagesHPE_Custom/test/00_15/00_15_1680262380825_rgb.png,/nas/antoniodetoro/qwen/Qwen-Image-Edit-Angles-2/datos/MultiViewVisibleImagesHPE_Custom/00_17/to_00_15/Step_6_fake_00_15_from_00_17_1680262380825_rgb.png,OK,2.7398888118307796,90.9090909090909,0.9992633592077175,excelente,26.0
1680262381126,/nas/antoniodetoro/qwen/Qwen-Image-Edit-Angles-2/datos/MultiViewVisibleImagesHPE_Custom/test/00_15/00_15_1680262381126_rgb.png,/nas/antoniodetoro/qwen/Qwen-Image-Edit-Angles-2/datos/MultiViewVisibleImagesHPE_Custom/00_17/to_00_15/Step_6_fake_00_15_from_00_17_1680262381126_rgb.png,OK,2.9861334654605933,90.9090909090909,0.9989887186622085,excelente,26.0
1680262381427,/nas/antoniodetoro/qwen/Qwen-Image-Edit-Angles-2/datos/MultiViewVisibleImagesHPE_Custom/test/00_15/00_15_1680262381427_rgb.png,/nas/antoniodetoro/qwen/Qwen-Image-Edit-Angles-2/datos/MultiViewVisibleImagesHPE_Custom/00_17/to_00_15/Step_6_fake_00_15_from_00_17_1680262381427_rgb.png,OK,2.71178660831277,100.0,0.9992054954329334,excelente,20.0
1680262381728,/nas/antoniodetoro/qwen/Qwen-Image-Edit-Angles-2/datos/MultiViewVisibleImagesHPE_Custom/test/00_15/00_15_1680262381728_rgb.png,/nas/antoniodetoro/qwen/Qwen-Image-Edit-Angles-2/datos/MultiViewVisibleImagesHPE_Custom/00_17/to_00_15/Step_6_fake_00_15_from_00_17_1680262381728_rgb.png,OK,2.644352543675593,100.0,0.999305676333089,excelente,29.0
1680262382029,/nas/antoniodetoro/qwen/Qwen-Image-Edit-Angles-2/datos/MultiViewVisibleImagesHPE_Custom/test/00_15/00_15_1680262382029_rgb.png,/nas/antoniodetoro/qwen/Qwen-Image-Edit-Angles-2/datos/MultiViewVisibleImagesHPE_Custom/00_17/to_00_15/Step_6_fake_00_15_from_00_17_1680262382029_rgb.png,OK,2.5143178530220904,100.0,0.9993042414009552,excelente,18.0
1680262382331,/nas/antoniodetoro/qwen/Qwen-Image-Edit-Angles-2/datos/MultiViewVisibleImagesHPE_Custom/test/00_15/00_15_1680262382331_rgb.png,/nas/antoniodetoro/qwen/Qwen-Image-Edit-Angles-2/datos/MultiViewVisibleImagesHPE_Custom/00_17/to_00_15/Step_6_fake_00_15_from_00_17_1680262382331_rgb.png,OK,2.5643323615139444,93.93939393939394,0.9992333529350891,excelente,18.0
1680262382631,/nas/antoniodetoro/qwen/Qwen-Image-Edit-Angles-2/datos/MultiViewVisibleImagesHPE_Custom/test/00_15/00_15_1680262382631_rgb.png,/nas/antoniodetoro/qwen/Qwen-Image-Edit-Angles-2/datos/MultiViewVisibleImagesHPE_Custom/00_17/to_00_15/Step_6_fake_00_15_from_00_17_1680262382631_rgb.png,OK,2.668434051728262,100.0,0.9992695216267651,excelente,13.0
1680262382932,/nas/antoniodetoro/qwen/Qwen-Image-Edit-Angles-2/datos/MultiViewVisibleImagesHPE_Custom/test/00_15/00_15_1680262382932_rgb.png,/nas/antoniodetoro/qwen/Qwen-Image-Edit-Angles-2/datos/MultiViewVisibleImagesHPE_Custom/00_17/to_00_15/Step_6_fake_00_15_from_00_17_1680262382932_rgb.png,OK,3.547811994097771,87.87878787878788,0.9988928892726139,aceptable,18.0
1680262383233,/nas/antoniodetoro/qwen/Qwen-Image-Edit-Angles-2/datos/MultiViewVisibleImagesHPE_Custom/test/00_15/00_15_1680262383233_rgb.png,/nas/antoniodetoro/qwen/Qwen-Image-Edit-Angles-2/datos/MultiViewVisibleImagesHPE_Custom/00_17/to_00_15/Step_6_fake_00_15_from_00_17_1680262383233_rgb.png,OK,4.24917240947818,72.72727272727273,0.9984110968484627,aceptable,18.0
1680262383534,/nas/antoniodetoro/qwen/Qwen-Image-Edit-Angles-2/datos/MultiViewVisibleImagesHPE_Custom/test/00_15/00_15_1680262383534_rgb.png,/nas/antoniodetoro/qwen/Qwen-Image-Edit-Angles-2/datos/MultiViewVisibleImagesHPE_Custom/00_17/to_00_15/Step_6_fake_00_15_from_00_17_1680262383534_rgb.png,OK,4.8970927004710765,69.6969696969697,0.9971640577143033,crítico,19.0
1680262383835,/nas/antoniodetoro/qwen/Qwen-Image-Edit-Angles-2/datos/MultiViewVisibleImagesHPE_Custom/test/00_15/00_15_1680262383835_rgb.png,/nas/antoniodetoro/qwen/Qwen-Image-Edit-Angles-2/datos/MultiViewVisibleImagesHPE_Custom/00_17/to_00_15/Step_6_fake_00_15_from_00_17_1680262383835_rgb.png,OK,7.121904348966351,24.242424242424242,0.9937823442584509,crítico,18.0
1680262384136,/nas/antoniodetoro/qwen/Qwen-Image-Edit-Angles-2/datos/MultiViewVisibleImagesHPE_Custom/test/00_15/00_15_1680262384136_rgb.png,/nas/antoniodetoro/qwen/Qwen-Image-Edit-Angles-2/datos/MultiViewVisibleImagesHPE_Custom/00_17/to_00_15/Step_6_fake_00_15_from_00_17_1680262384136_rgb.png,OK,9.631145945989651,12.121212121212121,0.9886999049352108,crítico,18.0
1680262384437,/nas/antoniodetoro/qwen/Qwen-Image-Edit-Angles-2/datos/MultiViewVisibleImagesHPE_Custom/test/00_15/00_15_1680262384437_rgb.png,/nas/antoniodetoro/qwen/Qwen-Image-Edit-Angles-2/datos/MultiViewVisibleImagesHPE_Custom/00_17/to_00_15/Step_6_fake_00_15_from_00_17_1680262384437_rgb.png,OK,10.940975392145274,3.0303030303030303,0.9863798841997248,crítico,18.0
1680262384739,/nas/antoniodetoro/qwen/Qwen-Image-Edit-Angles-2/datos/MultiViewVisibleImagesHPE_Custom/test/00_15/00_15_1680262384739_rgb.png,/nas/antoniodetoro/qwen/Qwen-Image-Edit-Angles-2/datos/MultiViewVisibleImagesHPE_Custom/00_17/to_00_15/Step_6_fake_00_15_from_00_17_1680262384739_rgb.png,OK,11.632103820749876,3.0303030303030303,0.982888276283625,crítico,17.0
1680262385040,/nas/antoniodetoro/qwen/Qwen-Image-Edit-Angles-2/datos/MultiViewVisibleImagesHPE_Custom/test/00_15/00_15_1680262385040_rgb.png,/nas/antoniodetoro/qwen/Qwen-Image-Edit-Angles-2/datos/MultiViewVisibleImagesHPE_Custom/00_17/to_00_15/Step_6_fake_00_15_from_00_17_1680262385040_rgb.png,OK,10.363142642101995,3.0303030303030303,0.9876472349592529,crítico,20.0
1680262385341,/nas/antoniodetoro/qwen/Qwen-Image-Edit-Angles-2/datos/MultiViewVisibleImagesHPE_Custom/test/00_15/00_15_1680262385341_rgb.png,/nas/antoniodetoro/qwen/Qwen-Image-Edit-Angles-2/datos/MultiViewVisibleImagesHPE_Custom/00_17/to_00_15/Step_6_fake_00_15_from_00_17_1680262385341_rgb.png,OK,9.631033076632548,3.0303030303030303,0.9894702640292297,crítico,20.0
1680262385642,/nas/antoniodetoro/qwen/Qwen-Image-Edit-Angles-2/datos/MultiViewVisibleImagesHPE_Custom/test/00_15/00_15_1680262385642_rgb.png,/nas/antoniodetoro/qwen/Qwen-Image-Edit-Angles-2/datos/MultiViewVisibleImagesHPE_Custom/00_17/to_00_15/Step_6_fake_00_15_from_00_17_1680262385642_rgb.png,OK,11.477472442492507,3.0303030303030303,0.9878583264337215,crítico,20.0
1680262385943,/nas/antoniodetoro/qwen/Qwen-Image-Edit-Angles-2/datos/MultiViewVisibleImagesHPE_Custom/test/00_15/00_15_1680262385943_rgb.png,/nas/antoniodetoro/qwen/Qwen-Image-Edit-Angles-2/datos/MultiViewVisibleImagesHPE_Custom/00_17/to_00_15/Step_6_fake_00_15_from_00_17_1680262385943_rgb.png,OK,9.652172145291908,3.0303030303030303,0.9901038862118773,crítico,20.0
1680262386244,/nas/antoniodetoro/qwen/Qwen-Image-Edit-Angles-2/datos/MultiViewVisibleImagesHPE_Custom/test/00_15/00_15_1680262386244_rgb.png,/nas/antoniodetoro/qwen/Qwen-Image-Edit-Angles-2/datos/MultiViewVisibleImagesHPE_Custom/00_17/to_00_15/Step_6_fake_00_15_from_00_17_1680262386244_rgb.png,OK,10.466062854182999,3.0303030303030303,0.987883391385576,crítico,20.0
1680262386545,/nas/antoniodetoro/qwen/Qwen-Image-Edit-Angles-2/datos/MultiViewVisibleImagesHPE_Custom/test/00_15/00_15_1680262386545_rgb.png,/nas/antoniodetoro/qwen/Qwen-Image-Edit-Angles-2/datos/MultiViewVisibleImagesHPE_Custom/00_17/to_00_15/Step_6_fake_00_15_from_00_17_1680262386545_rgb.png,OK,10.445014132249858,3.0303030303030303,0.989581271361431,crítico,20.0
1680262386846,/nas/antoniodetoro/qwen/Qwen-Image-Edit-Angles-2/datos/MultiViewVisibleImagesHPE_Custom/test/00_15/00_15_1680262386846_rgb.png,/nas/antoniodetoro/qwen/Qwen-Image-Edit-Angles-2/datos/MultiViewVisibleImagesHPE_Custom/00_17/to_00_15/Step_6_fake_00_15_from_00_17_1680262386846_rgb.png,OK,9.280235291946374,3.0303030303030303,0.990754804341529,crítico,20.0
1680262387147,/nas/antoniodetoro/qwen/Qwen-Image-Edit-Angles-2/datos/MultiViewVisibleImagesHPE_Custom/test/00_15/00_15_1680262387147_rgb.png,/nas/antoniodetoro/qwen/Qwen-Image-Edit-Angles-2/datos/MultiViewVisibleImagesHPE_Custom/00_17/to_00_15/Step_6_fake_00_15_from_00_17_1680262387147_rgb.png,OK,10.031336514789315,3.0303030303030303,0.9893691776749575,crítico,20.0
1680262387448,/nas/antoniodetoro/qwen/Qwen-Image-Edit-Angles-2/datos/MultiViewVisibleImagesHPE_Custom/test/00_15/00_15_1680262387448_rgb.png,/nas/antoniodetoro/qwen/Qwen-Image-Edit-Angles-2/datos/MultiViewVisibleImagesHPE_Custom/00_17/to_00_15/Step_6_fake_00_15_from_00_17_1680262387448_rgb.png,OK,9.04327090202043,6.0606060606060606,0.9903971988865431,crítico,20.0
1680262387749,/nas/antoniodetoro/qwen/Qwen-Image-Edit-Angles-2/datos/MultiViewVisibleImagesHPE_Custom/test/00_15/00_15_1680262387749_rgb.png,/nas/antoniodetoro/qwen/Qwen-Image-Edit-Angles-2/datos/MultiViewVisibleImagesHPE_Custom/00_17/to_00_15/Step_6_fake_00_15_from_00_17_1680262387749_rgb.png,OK,9.052554040821391,9.090909090909092,0.9905736776477115,crítico,18.0
1680262388051,/nas/antoniodetoro/qwen/Qwen-Image-Edit-Angles-2/datos/MultiViewVisibleImagesHPE_Custom/test/00_15/00_15_1680262388051_rgb.png,/nas/antoniodetoro/qwen/Qwen-Image-Edit-Angles-2/datos/MultiViewVisibleImagesHPE_Custom/00_17/to_00_15/Step_6_fake_00_15_from_00_17_1680262388051_rgb.png,OK,10.345037215756113,3.0303030303030303,0.9885406604601658,crítico,21.0
1680262388352,/nas/antoniodetoro/qwen/Qwen-Image-Edit-Angles-2/datos/MultiViewVisibleImagesHPE_Custom/test/00_15/00_15_1680262388352_rgb.png,/nas/antoniodetoro/qwen/Qwen-Image-Edit-Angles-2/datos/MultiViewVisibleImagesHPE_Custom/00_17/to_00_15/Step_6_fake_00_15_from_00_17_1680262388352_rgb.png,OK,10.961036580232083,3.0303030303030303,0.9868194118469101,crítico,20.0
1680262388653,/nas/antoniodetoro/qwen/Qwen-Image-Edit-Angles-2/datos/MultiViewVisibleImagesHPE_Custom/test/00_15/00_15_1680262388653_rgb.png,/nas/antoniodetoro/qwen/Qwen-Image-Edit-Angles-2/datos/MultiViewVisibleImagesHPE_Custom/00_17/to_00_15/Step_6_fake_00_15_from_00_17_1680262388653_rgb.png,OK,9.792441099879671,6.0606060606060606,0.9891946002035867,crítico,20.0
1680262388954,/nas/antoniodetoro/qwen/Qwen-Image-Edit-Angles-2/datos/MultiViewVisibleImagesHPE_Custom/test/00_15/00_15_1680262388954_rgb.png,/nas/antoniodetoro/qwen/Qwen-Image-Edit-Angles-2/datos/MultiViewVisibleImagesHPE_Custom/00_17/to_00_15/Step_6_fake_00_15_from_00_17_1680262388954_rgb.png,OK,10.736378162233958,9.090909090909092,0.9844153279976599,crítico,17.0
1680262389255,/nas/antoniodetoro/qwen/Qwen-Image-Edit-Angles-2/datos/MultiViewVisibleImagesHPE_Custom/test/00_15/00_15_1680262389255_rgb.png,/nas/antoniodetoro/qwen/Qwen-Image-Edit-Angles-2/datos/MultiViewVisibleImagesHPE_Custom/00_17/to_00_15/Step_6_fake_00_15_from_00_17_1680262389255_rgb.png,OK,11.778757373476504,3.0303030303030303,0.9847204771930849,crítico,17.0
1680262389556,/nas/antoniodetoro/qwen/Qwen-Image-Edit-Angles-2/datos/MultiViewVisibleImagesHPE_Custom/test/00_15/00_15_1680262389556_rgb.png,/nas/antoniodetoro/qwen/Qwen-Image-Edit-Angles-2/datos/MultiViewVisibleImagesHPE_Custom/00_17/to_00_15/Step_6_fake_00_15_from_00_17_1680262389556_rgb.png,OK,9.963454664316677,3.0303030303030303,0.9878137148584004,crítico,17.0
1680262389857,/nas/antoniodetoro/qwen/Qwen-Image-Edit-Angles-2/datos/MultiViewVisibleImagesHPE_Custom/test/00_15/00_15_1680262389857_rgb.png,/nas/antoniodetoro/qwen/Qwen-Image-Edit-Angles-2/datos/MultiViewVisibleImagesHPE_Custom/00_17/to_00_15/Step_6_fake_00_15_from_00_17_1680262389857_rgb.png,OK,6.934184396805515,48.484848484848484,0.9942132349444738,crítico,17.0
1680262390158,/nas/antoniodetoro/qwen/Qwen-Image-Edit-Angles-2/datos/MultiViewVisibleImagesHPE_Custom/test/00_15/00_15_1680262390158_rgb.png,/nas/antoniodetoro/qwen/Qwen-Image-Edit-Angles-2/datos/MultiViewVisibleImagesHPE_Custom/00_17/to_00_15/Step_6_fake_00_15_from_00_17_1680262390158_rgb.png,OK,3.681851699320862,75.75757575757575,0.9985893033493829,aceptable,17.0
1680262390459,/nas/antoniodetoro/qwen/Qwen-Image-Edit-Angles-2/datos/MultiViewVisibleImagesHPE_Custom/test/00_15/00_15_1680262390459_rgb.png,/nas/antoniodetoro/qwen/Qwen-Image-Edit-Angles-2/datos/MultiViewVisibleImagesHPE_Custom/00_17/to_00_15/Step_6_fake_00_15_from_00_17_1680262390459_rgb.png,OK,3.186331410866726,84.84848484848484,0.9989045642396546,aceptable,17.0
1680262390760,/nas/antoniodetoro/qwen/Qwen-Image-Edit-Angles-2/datos/MultiViewVisibleImagesHPE_Custom/test/00_15/00_15_1680262390760_rgb.png,/nas/antoniodetoro/qwen/Qwen-Image-Edit-Angles-2/datos/MultiViewVisibleImagesHPE_Custom/00_17/to_00_15/Step_6_fake_00_15_from_00_17_1680262390760_rgb.png,OK,3.1151723750603137,90.9090909090909,0.9989599346076055,excelente,17.0
1680262391061,/nas/antoniodetoro/qwen/Qwen-Image-Edit-Angles-2/datos/MultiViewVisibleImagesHPE_Custom/test/00_15/00_15_1680262391061_rgb.png,/nas/antoniodetoro/qwen/Qwen-Image-Edit-Angles-2/datos/MultiViewVisibleImagesHPE_Custom/00_17/to_00_15/Step_6_fake_00_15_from_00_17_1680262391061_rgb.png,OK,2.2826306217027517,100.0,0.9994730516113572,excelente,17.0
1680262391363,/nas/antoniodetoro/qwen/Qwen-Image-Edit-Angles-2/datos/MultiViewVisibleImagesHPE_Custom/test/00_15/00_15_1680262391363_rgb.png,/nas/antoniodetoro/qwen/Qwen-Image-Edit-Angles-2/datos/MultiViewVisibleImagesHPE_Custom/00_17/to_00_15/Step_6_fake_00_15_from_00_17_1680262391363_rgb.png,OK,1.9318517582976296,100.0,0.9996163538666245,excelente,32.0
1680262391664,/nas/antoniodetoro/qwen/Qwen-Image-Edit-Angles-2/datos/MultiViewVisibleImagesHPE_Custom/test/00_15/00_15_1680262391664_rgb.png,/nas/antoniodetoro/qwen/Qwen-Image-Edit-Angles-2/datos/MultiViewVisibleImagesHPE_Custom/00_17/to_00_15/Step_6_fake_00_15_from_00_17_1680262391664_rgb.png,OK,2.1720711090868283,100.0,0.9995160071820025,excelente,22.0
1680262391964,/nas/antoniodetoro/qwen/Qwen-Image-Edit-Angles-2/datos/MultiViewVisibleImagesHPE_Custom/test/00_15/00_15_1680262391964_rgb.png,/nas/antoniodetoro/qwen/Qwen-Image-Edit-Angles-2/datos/MultiViewVisibleImagesHPE_Custom/00_17/to_00_15/Step_6_fake_00_15_from_00_17_1680262391964_rgb.png,OK,1.769906999475743,100.0,0.9996650394211091,excelente,22.0
1680262392265,/nas/antoniodetoro/qwen/Qwen-Image-Edit-Angles-2/datos/MultiViewVisibleImagesHPE_Custom/test/00_15/00_15_1680262392265_rgb.png,/nas/antoniodetoro/qwen/Qwen-Image-Edit-Angles-2/datos/MultiViewVisibleImagesHPE_Custom/00_17/to_00_15/Step_6_fake_00_15_from_00_17_1680262392265_rgb.png,OK,1.4639052841522655,100.0,0.9997685029837865,excelente,27.0
1680262392566,/nas/antoniodetoro/qwen/Qwen-Image-Edit-Angles-2/datos/MultiViewVisibleImagesHPE_Custom/test/00_15/00_15_1680262392566_rgb.png,/nas/antoniodetoro/qwen/Qwen-Image-Edit-Angles-2/datos/MultiViewVisibleImagesHPE_Custom/00_17/to_00_15/Step_6_fake_00_15_from_00_17_1680262392566_rgb.png,OK,2.0607913390433383,100.0,0.9995428961206336,excelente,30.0
1680262392867,/nas/antoniodetoro/qwen/Qwen-Image-Edit-Angles-2/datos/MultiViewVisibleImagesHPE_Custom/test/00_15/00_15_1680262392867_rgb.png,/nas/antoniodetoro/qwen/Qwen-Image-Edit-Angles-2/datos/MultiViewVisibleImagesHPE_Custom/00_17/to_00_15/Step_6_fake_00_15_from_00_17_1680262392867_rgb.png,OK,1.6670881160081208,100.0,0.9997083741712818,excelente,26.0
1680262393168,/nas/antoniodetoro/qwen/Qwen-Image-Edit-Angles-2/datos/MultiViewVisibleImagesHPE_Custom/test/00_15/00_15_1680262393168_rgb.png,/nas/antoniodetoro/qwen/Qwen-Image-Edit-Angles-2/datos/MultiViewVisibleImagesHPE_Custom/00_17/to_00_15/Step_6_fake_00_15_from_00_17_1680262393168_rgb.png,OK,1.7612780242651418,100.0,0.9996656805249041,excelente,20.0
1680262393469,/nas/antoniodetoro/qwen/Qwen-Image-Edit-Angles-2/datos/MultiViewVisibleImagesHPE_Custom/test/00_15/00_15_1680262393469_rgb.png,/nas/antoniodetoro/qwen/Qwen-Image-Edit-Angles-2/datos/MultiViewVisibleImagesHPE_Custom/00_17/to_00_15/Step_6_fake_00_15_from_00_17_1680262393469_rgb.png,OK,2.4510032169830547,100.0,0.9993530355600104,excelente,18.0
1680262393770,/nas/antoniodetoro/qwen/Qwen-Image-Edit-Angles-2/datos/MultiViewVisibleImagesHPE_Custom/test/00_15/00_15_1680262393770_rgb.png,/nas/antoniodetoro/qwen/Qwen-Image-Edit-Angles-2/datos/MultiViewVisibleImagesHPE_Custom/00_17/to_00_15/Step_6_fake_00_15_from_00_17_1680262393770_rgb.png,OK,2.7306539903499973,81.81818181818183,0.9990630875297674,aceptable,20.0
1680262394071,/nas/antoniodetoro/qwen/Qwen-Image-Edit-Angles-2/datos/MultiViewVisibleImagesHPE_Custom/test/00_15/00_15_1680262394071_rgb.png,/nas/antoniodetoro/qwen/Qwen-Image-Edit-Angles-2/datos/MultiViewVisibleImagesHPE_Custom/00_17/to_00_15/Step_6_fake_00_15_from_00_17_1680262394071_rgb.png,OK,3.046181516153534,96.96969696969697,0.9988497099211378,excelente,20.0
1680262394372,/nas/antoniodetoro/qwen/Qwen-Image-Edit-Angles-2/datos/MultiViewVisibleImagesHPE_Custom/test/00_15/00_15_1680262394372_rgb.png,/nas/antoniodetoro/qwen/Qwen-Image-Edit-Angles-2/datos/MultiViewVisibleImagesHPE_Custom/00_17/to_00_15/Step_6_fake_00_15_from_00_17_1680262394372_rgb.png,OK,3.2664321414021207,90.9090909090909,0.9985888341742305,excelente,20.0
1680262394673,/nas/antoniodetoro/qwen/Qwen-Image-Edit-Angles-2/datos/MultiViewVisibleImagesHPE_Custom/test/00_15/00_15_1680262394673_rgb.png,/nas/antoniodetoro/qwen/Qwen-Image-Edit-Angles-2/datos/MultiViewVisibleImagesHPE_Custom/00_17/to_00_15/Step_6_fake_00_15_from_00_17_1680262394673_rgb.png,OK,9.467939140883463,36.36363636363637,0.9749221919448986,crítico,19.0
1680262394974,/nas/antoniodetoro/qwen/Qwen-Image-Edit-Angles-2/datos/MultiViewVisibleImagesHPE_Custom/test/00_15/00_15_1680262394974_rgb.png,/nas/antoniodetoro/qwen/Qwen-Image-Edit-Angles-2/datos/MultiViewVisibleImagesHPE_Custom/00_17/to_00_15/Step_6_fake_00_15_from_00_17_1680262394974_rgb.png,OK,7.859203330670638,81.81818181818183,0.9757264265440575,aceptable,19.0
1680262395275,/nas/antoniodetoro/qwen/Qwen-Image-Edit-Angles-2/datos/MultiViewVisibleImagesHPE_Custom/test/00_15/00_15_1680262395275_rgb.png,/nas/antoniodetoro/qwen/Qwen-Image-Edit-Angles-2/datos/MultiViewVisibleImagesHPE_Custom/00_17/to_00_15/Step_6_fake_00_15_from_00_17_1680262395275_rgb.png,OK,8.142562967366255,75.75757575757575,0.9775075109645834,aceptable,19.0
1680262395576,/nas/antoniodetoro/qwen/Qwen-Image-Edit-Angles-2/datos/MultiViewVisibleImagesHPE_Custom/test/00_15/00_15_1680262395576_rgb.png,/nas/antoniodetoro/qwen/Qwen-Image-Edit-Angles-2/datos/MultiViewVisibleImagesHPE_Custom/00_17/to_00_15/Step_6_fake_00_15_from_00_17_1680262395576_rgb.png,OK,7.440798764746085,81.81818181818183,0.9786666212755384,aceptable,19.0
1680262395877,/nas/antoniodetoro/qwen/Qwen-Image-Edit-Angles-2/datos/MultiViewVisibleImagesHPE_Custom/test/00_15/00_15_1680262395877_rgb.png,/nas/antoniodetoro/qwen/Qwen-Image-Edit-Angles-2/datos/MultiViewVisibleImagesHPE_Custom/00_17/to_00_15/Step_6_fake_00_15_from_00_17_1680262395877_rgb.png,OK,4.417769255421466,84.84848484848484,0.995356901790284,aceptable,17.0
1680262396179,/nas/antoniodetoro/qwen/Qwen-Image-Edit-Angles-2/datos/MultiViewVisibleImagesHPE_Custom/test/00_15/00_15_1680262396179_rgb.png,/nas/antoniodetoro/qwen/Qwen-Image-Edit-Angles-2/datos/MultiViewVisibleImagesHPE_Custom/00_17/to_00_15/Step_6_fake_00_15_from_00_17_1680262396179_rgb.png,OK,3.249385055402393,84.84848484848484,0.9981337015934788,aceptable,21.0
1680262396480,/nas/antoniodetoro/qwen/Qwen-Image-Edit-Angles-2/datos/MultiViewVisibleImagesHPE_Custom/test/00_15/00_15_1680262396480_rgb.png,/nas/antoniodetoro/qwen/Qwen-Image-Edit-Angles-2/datos/MultiViewVisibleImagesHPE_Custom/00_17/to_00_15/Step_6_fake_00_15_from_00_17_1680262396480_rgb.png,OK,3.6956774615480317,66.66666666666666,0.9982077778863142,crítico,19.0
1680262396781,/nas/antoniodetoro/qwen/Qwen-Image-Edit-Angles-2/datos/MultiViewVisibleImagesHPE_Custom/test/00_15/00_15_1680262396781_rgb.png,/nas/antoniodetoro/qwen/Qwen-Image-Edit-Angles-2/datos/MultiViewVisibleImagesHPE_Custom/00_17/to_00_15/Step_6_fake_00_15_from_00_17_1680262396781_rgb.png,OK,2.948462461156292,87.87878787878788,0.9986956147299696,aceptable,19.0
1680262397082,/nas/antoniodetoro/qwen/Qwen-Image-Edit-Angles-2/datos/MultiViewVisibleImagesHPE_Custom/test/00_15/00_15_1680262397082_rgb.png,/nas/antoniodetoro/qwen/Qwen-Image-Edit-Angles-2/datos/MultiViewVisibleImagesHPE_Custom/00_17/to_00_15/Step_6_fake_00_15_from_00_17_1680262397082_rgb.png,OK,2.7690853060756044,93.93939393939394,0.9992597290992452,excelente,17.0
1680262397383,/nas/antoniodetoro/qwen/Qwen-Image-Edit-Angles-2/datos/MultiViewVisibleImagesHPE_Custom/test/00_15/00_15_1680262397383_rgb.png,/nas/antoniodetoro/qwen/Qwen-Image-Edit-Angles-2/datos/MultiViewVisibleImagesHPE_Custom/00_17/to_00_15/Step_6_fake_00_15_from_00_17_1680262397383_rgb.png,OK,2.193928443519868,100.0,0.999483219638377,excelente,18.0
1680262397684,/nas/antoniodetoro/qwen/Qwen-Image-Edit-Angles-2/datos/MultiViewVisibleImagesHPE_Custom/test/00_15/00_15_1680262397684_rgb.png,/nas/antoniodetoro/qwen/Qwen-Image-Edit-Angles-2/datos/MultiViewVisibleImagesHPE_Custom/00_17/to_00_15/Step_6_fake_00_15_from_00_17_1680262397684_rgb.png,OK,2.9218064703474806,100.0,0.9991395319460068,excelente,9.0
1680262397985,/nas/antoniodetoro/qwen/Qwen-Image-Edit-Angles-2/datos/MultiViewVisibleImagesHPE_Custom/test/00_15/00_15_1680262397985_rgb.png,/nas/antoniodetoro/qwen/Qwen-Image-Edit-Angles-2/datos/MultiViewVisibleImagesHPE_Custom/00_17/to_00_15/Step_6_fake_00_15_from_00_17_1680262397985_rgb.png,OK,2.8956806592720583,100.0,0.9993057433842214,excelente,27.0
1680262398286,/nas/antoniodetoro/qwen/Qwen-Image-Edit-Angles-2/datos/MultiViewVisibleImagesHPE_Custom/test/00_15/00_15_1680262398286_rgb.png,/nas/antoniodetoro/qwen/Qwen-Image-Edit-Angles-2/datos/MultiViewVisibleImagesHPE_Custom/00_17/to_00_15/Step_6_fake_00_15_from_00_17_1680262398286_rgb.png,OK,4.133184860330921,72.72727272727273,0.9981339531718517,aceptable,17.0
1680262398587,/nas/antoniodetoro/qwen/Qwen-Image-Edit-Angles-2/datos/MultiViewVisibleImagesHPE_Custom/test/00_15/00_15_1680262398587_rgb.png,/nas/antoniodetoro/qwen/Qwen-Image-Edit-Angles-2/datos/MultiViewVisibleImagesHPE_Custom/00_17/to_00_15/Step_6_fake_00_15_from_00_17_1680262398587_rgb.png,OK,2.1614578198227674,100.0,0.999425436521408,excelente,30.0
1680262398889,/nas/antoniodetoro/qwen/Qwen-Image-Edit-Angles-2/datos/MultiViewVisibleImagesHPE_Custom/test/00_15/00_15_1680262398889_rgb.png,/nas/antoniodetoro/qwen/Qwen-Image-Edit-Angles-2/datos/MultiViewVisibleImagesHPE_Custom/00_17/to_00_15/Step_6_fake_00_15_from_00_17_1680262398889_rgb.png,OK,7.229897822324649,69.6969696969697,0.9850465246296958,crítico,19.0
1680262399190,/nas/antoniodetoro/qwen/Qwen-Image-Edit-Angles-2/datos/MultiViewVisibleImagesHPE_Custom/test/00_15/00_15_1680262399190_rgb.png,/nas/antoniodetoro/qwen/Qwen-Image-Edit-Angles-2/datos/MultiViewVisibleImagesHPE_Custom/00_17/to_00_15/Step_6_fake_00_15_from_00_17_1680262399190_rgb.png,OK,7.848435573122117,81.81818181818183,0.9774737976325372,aceptable,19.0
1680262399491,/nas/antoniodetoro/qwen/Qwen-Image-Edit-Angles-2/datos/MultiViewVisibleImagesHPE_Custom/test/00_15/00_15_1680262399491_rgb.png,/nas/antoniodetoro/qwen/Qwen-Image-Edit-Angles-2/datos/MultiViewVisibleImagesHPE_Custom/00_17/to_00_15/Step_6_fake_00_15_from_00_17_1680262399491_rgb.png,OK,7.8936041924105815,81.81818181818183,0.9770590710293734,aceptable,17.0
1680262399792,/nas/antoniodetoro/qwen/Qwen-Image-Edit-Angles-2/datos/MultiViewVisibleImagesHPE_Custom/test/00_15/00_15_1680262399792_rgb.png,/nas/antoniodetoro/qwen/Qwen-Image-Edit-Angles-2/datos/MultiViewVisibleImagesHPE_Custom/00_17/to_00_15/Step_6_fake_00_15_from_00_17_1680262399792_rgb.png,OK,8.866502644802104,60.60606060606061,0.975748127881847,crítico,17.0
1680262400093,/nas/antoniodetoro/qwen/Qwen-Image-Edit-Angles-2/datos/MultiViewVisibleImagesHPE_Custom/test/00_15/00_15_1680262400093_rgb.png,/nas/antoniodetoro/qwen/Qwen-Image-Edit-Angles-2/datos/MultiViewVisibleImagesHPE_Custom/00_17/to_00_15/Step_6_fake_00_15_from_00_17_1680262400093_rgb.png,OK,9.409199314472964,42.42424242424242,0.9720655222985078,crítico,19.0
1680262400394,/nas/antoniodetoro/qwen/Qwen-Image-Edit-Angles-2/datos/MultiViewVisibleImagesHPE_Custom/test/00_15/00_15_1680262400394_rgb.png,/nas/antoniodetoro/qwen/Qwen-Image-Edit-Angles-2/datos/MultiViewVisibleImagesHPE_Custom/00_17/to_00_15/Step_6_fake_00_15_from_00_17_1680262400394_rgb.png,OK,8.83089644042065,69.6969696969697,0.9753381839655464,crítico,17.0
1680262400695,/nas/antoniodetoro/qwen/Qwen-Image-Edit-Angles-2/datos/MultiViewVisibleImagesHPE_Custom/test/00_15/00_15_1680262400695_rgb.png,/nas/antoniodetoro/qwen/Qwen-Image-Edit-Angles-2/datos/MultiViewVisibleImagesHPE_Custom/00_17/to_00_15/Step_6_fake_00_15_from_00_17_1680262400695_rgb.png,OK,9.394685206836375,45.45454545454545,0.9728019942114501,crítico,17.0
1680262400996,/nas/antoniodetoro/qwen/Qwen-Image-Edit-Angles-2/datos/MultiViewVisibleImagesHPE_Custom/test/00_15/00_15_1680262400996_rgb.png,/nas/antoniodetoro/qwen/Qwen-Image-Edit-Angles-2/datos/MultiViewVisibleImagesHPE_Custom/00_17/to_00_15/Step_6_fake_00_15_from_00_17_1680262400996_rgb.png,OK,7.744077577501785,81.81818181818183,0.9772096879153738,aceptable,19.0
1680262401297,/nas/antoniodetoro/qwen/Qwen-Image-Edit-Angles-2/datos/MultiViewVisibleImagesHPE_Custom/test/00_15/00_15_1680262401297_rgb.png,/nas/antoniodetoro/qwen/Qwen-Image-Edit-Angles-2/datos/MultiViewVisibleImagesHPE_Custom/00_17/to_00_15/Step_6_fake_00_15_from_00_17_1680262401297_rgb.png,OK,8.277369782366646,78.78787878787878,0.9775799453620101,aceptable,19.0
1680262401598,/nas/antoniodetoro/qwen/Qwen-Image-Edit-Angles-2/datos/MultiViewVisibleImagesHPE_Custom/test/00_15/00_15_1680262401598_rgb.png,/nas/antoniodetoro/qwen/Qwen-Image-Edit-Angles-2/datos/MultiViewVisibleImagesHPE_Custom/00_17/to_00_15/Step_6_fake_00_15_from_00_17_1680262401598_rgb.png,OK,3.0392099431349675,87.87878787878788,0.9985928734590304,aceptable,17.0
1680262401899,/nas/antoniodetoro/qwen/Qwen-Image-Edit-Angles-2/datos/MultiViewVisibleImagesHPE_Custom/test/00_15/00_15_1680262401899_rgb.png,/nas/antoniodetoro/qwen/Qwen-Image-Edit-Angles-2/datos/MultiViewVisibleImagesHPE_Custom/00_17/to_00_15/Step_6_fake_00_15_from_00_17_1680262401899_rgb.png,OK,5.281586216610559,36.36363636363637,0.9970355513798859,crítico,17.0
1680262402200,/nas/antoniodetoro/qwen/Qwen-Image-Edit-Angles-2/datos/MultiViewVisibleImagesHPE_Custom/test/00_15/00_15_1680262402200_rgb.png,/nas/antoniodetoro/qwen/Qwen-Image-Edit-Angles-2/datos/MultiViewVisibleImagesHPE_Custom/00_17/to_00_15/Step_6_fake_00_15_from_00_17_1680262402200_rgb.png,OK,3.122373325504305,100.0,0.9991034861277766,excelente,20.0
1680262402502,/nas/antoniodetoro/qwen/Qwen-Image-Edit-Angles-2/datos/MultiViewVisibleImagesHPE_Custom/test/00_15/00_15_1680262402502_rgb.png,/nas/antoniodetoro/qwen/Qwen-Image-Edit-Angles-2/datos/MultiViewVisibleImagesHPE_Custom/00_17/to_00_15/Step_6_fake_00_15_from_00_17_1680262402502_rgb.png,OK,2.6900022992442314,100.0,0.9991854844798451,excelente,3.0
1680262402803,/nas/antoniodetoro/qwen/Qwen-Image-Edit-Angles-2/datos/MultiViewVisibleImagesHPE_Custom/test/00_15/00_15_1680262402803_rgb.png,/nas/antoniodetoro/qwen/Qwen-Image-Edit-Angles-2/datos/MultiViewVisibleImagesHPE_Custom/00_17/to_00_15/Step_6_fake_00_15_from_00_17_1680262402803_rgb.png,OK,2.0006845021406496,100.0,0.9995608691221691,excelente,19.0
1680262403103,/nas/antoniodetoro/qwen/Qwen-Image-Edit-Angles-2/datos/MultiViewVisibleImagesHPE_Custom/test/00_15/00_15_1680262403103_rgb.png,/nas/antoniodetoro/qwen/Qwen-Image-Edit-Angles-2/datos/MultiViewVisibleImagesHPE_Custom/00_17/to_00_15/Step_6_fake_00_15_from_00_17_1680262403103_rgb.png,OK,3.424754741609673,90.9090909090909,0.9992753908742699,excelente,20.0
1680262403404,/nas/antoniodetoro/qwen/Qwen-Image-Edit-Angles-2/datos/MultiViewVisibleImagesHPE_Custom/test/00_15/00_15_1680262403404_rgb.png,/nas/antoniodetoro/qwen/Qwen-Image-Edit-Angles-2/datos/MultiViewVisibleImagesHPE_Custom/00_17/to_00_15/Step_6_fake_00_15_from_00_17_1680262403404_rgb.png,OK,3.0448174348808044,84.84848484848484,0.9981161013919762,aceptable,20.0
1680262403705,/nas/antoniodetoro/qwen/Qwen-Image-Edit-Angles-2/datos/MultiViewVisibleImagesHPE_Custom/test/00_15/00_15_1680262403705_rgb.png,/nas/antoniodetoro/qwen/Qwen-Image-Edit-Angles-2/datos/MultiViewVisibleImagesHPE_Custom/00_17/to_00_15/Step_6_fake_00_15_from_00_17_1680262403705_rgb.png,OK,2.4795254484115143,96.96969696969697,0.9991383615348638,excelente,30.0
1680262404006,/nas/antoniodetoro/qwen/Qwen-Image-Edit-Angles-2/datos/MultiViewVisibleImagesHPE_Custom/test/00_15/00_15_1680262404006_rgb.png,/nas/antoniodetoro/qwen/Qwen-Image-Edit-Angles-2/datos/MultiViewVisibleImagesHPE_Custom/00_17/to_00_15/Step_6_fake_00_15_from_00_17_1680262404006_rgb.png,OK,2.7154441117569847,100.0,0.9990417004696803,excelente,18.0
1680262404307,/nas/antoniodetoro/qwen/Qwen-Image-Edit-Angles-2/datos/MultiViewVisibleImagesHPE_Custom/test/00_15/00_15_1680262404307_rgb.png,/nas/antoniodetoro/qwen/Qwen-Image-Edit-Angles-2/datos/MultiViewVisibleImagesHPE_Custom/00_17/to_00_15/Step_6_fake_00_15_from_00_17_1680262404307_rgb.png,OK,3.5866637843153604,84.84848484848484,0.9983781545190697,aceptable,18.0
1680262404608,/nas/antoniodetoro/qwen/Qwen-Image-Edit-Angles-2/datos/MultiViewVisibleImagesHPE_Custom/test/00_15/00_15_1680262404608_rgb.png,/nas/antoniodetoro/qwen/Qwen-Image-Edit-Angles-2/datos/MultiViewVisibleImagesHPE_Custom/00_17/to_00_15/Step_6_fake_00_15_from_00_17_1680262404608_rgb.png,OK,3.994560421384691,57.57575757575758,0.9970205530768197,crítico,18.0
1680262404909,/nas/antoniodetoro/qwen/Qwen-Image-Edit-Angles-2/datos/MultiViewVisibleImagesHPE_Custom/test/00_15/00_15_1680262404909_rgb.png,/nas/antoniodetoro/qwen/Qwen-Image-Edit-Angles-2/datos/MultiViewVisibleImagesHPE_Custom/00_17/to_00_15/Step_6_fake_00_15_from_00_17_1680262404909_rgb.png,OK,3.6067570278875625,84.84848484848484,0.9978792629616069,aceptable,18.0
1680262405210,/nas/antoniodetoro/qwen/Qwen-Image-Edit-Angles-2/datos/MultiViewVisibleImagesHPE_Custom/test/00_15/00_15_1680262405210_rgb.png,/nas/antoniodetoro/qwen/Qwen-Image-Edit-Angles-2/datos/MultiViewVisibleImagesHPE_Custom/00_17/to_00_15/Step_6_fake_00_15_from_00_17_1680262405210_rgb.png,OK,4.701300204141362,78.78787878787878,0.9972211856505803,aceptable,18.0
1680262405511,/nas/antoniodetoro/qwen/Qwen-Image-Edit-Angles-2/datos/MultiViewVisibleImagesHPE_Custom/test/00_15/00_15_1680262405511_rgb.png,/nas/antoniodetoro/qwen/Qwen-Image-Edit-Angles-2/datos/MultiViewVisibleImagesHPE_Custom/00_17/to_00_15/Step_6_fake_00_15_from_00_17_1680262405511_rgb.png,OK,3.757538440170734,72.72727272727273,0.9981059418714342,aceptable,18.0
1680262405813,/nas/antoniodetoro/qwen/Qwen-Image-Edit-Angles-2/datos/MultiViewVisibleImagesHPE_Custom/test/00_15/00_15_1680262405813_rgb.png,/nas/antoniodetoro/qwen/Qwen-Image-Edit-Angles-2/datos/MultiViewVisibleImagesHPE_Custom/00_17/to_00_15/Step_6_fake_00_15_from_00_17_1680262405813_rgb.png,OK,5.4889143072337365,60.60606060606061,0.9932148366676589,crítico,18.0
1680262406114,/nas/antoniodetoro/qwen/Qwen-Image-Edit-Angles-2/datos/MultiViewVisibleImagesHPE_Custom/test/00_15/00_15_1680262406114_rgb.png,/nas/antoniodetoro/qwen/Qwen-Image-Edit-Angles-2/datos/MultiViewVisibleImagesHPE_Custom/00_17/to_00_15/Step_6_fake_00_15_from_00_17_1680262406114_rgb.png,OK,4.795194133264633,60.60606060606061,0.994427031343078,crítico,20.0
1680262406415,/nas/antoniodetoro/qwen/Qwen-Image-Edit-Angles-2/datos/MultiViewVisibleImagesHPE_Custom/test/00_15/00_15_1680262406415_rgb.png,/nas/antoniodetoro/qwen/Qwen-Image-Edit-Angles-2/datos/MultiViewVisibleImagesHPE_Custom/00_17/to_00_15/Step_6_fake_00_15_from_00_17_1680262406415_rgb.png,OK,3.283274369327281,75.75757575757575,0.9982395524748616,aceptable,18.0
1680262406716,/nas/antoniodetoro/qwen/Qwen-Image-Edit-Angles-2/datos/MultiViewVisibleImagesHPE_Custom/test/00_15/00_15_1680262406716_rgb.png,/nas/antoniodetoro/qwen/Qwen-Image-Edit-Angles-2/datos/MultiViewVisibleImagesHPE_Custom/00_17/to_00_15/Step_6_fake_00_15_from_00_17_1680262406716_rgb.png,OK,3.0439507702972115,90.9090909090909,0.9989411693221223,excelente,20.0
1680262407619,/nas/antoniodetoro/qwen/Qwen-Image-Edit-Angles-2/datos/MultiViewVisibleImagesHPE_Custom/test/00_15/00_15_1680262407619_rgb.png,/nas/antoniodetoro/qwen/Qwen-Image-Edit-Angles-2/datos/MultiViewVisibleImagesHPE_Custom/00_17/to_00_15/Step_6_fake_00_15_from_00_17_1680262407619_rgb.png,OK,3.0164436887252166,96.96969696969697,0.9990329958913853,excelente,30.0
1680262407921,/nas/antoniodetoro/qwen/Qwen-Image-Edit-Angles-2/datos/MultiViewVisibleImagesHPE_Custom/test/00_15/00_15_1680262407921_rgb.png,/nas/antoniodetoro/qwen/Qwen-Image-Edit-Angles-2/datos/MultiViewVisibleImagesHPE_Custom/00_17/to_00_15/Step_6_fake_00_15_from_00_17_1680262407921_rgb.png,OK,2.2418886481757414,100.0,0.9994503043393022,excelente,29.0
1680262408222,/nas/antoniodetoro/qwen/Qwen-Image-Edit-Angles-2/datos/MultiViewVisibleImagesHPE_Custom/test/00_15/00_15_1680262408222_rgb.png,/nas/antoniodetoro/qwen/Qwen-Image-Edit-Angles-2/datos/MultiViewVisibleImagesHPE_Custom/00_17/to_00_15/Step_6_fake_00_15_from_00_17_1680262408222_rgb.png,OK,2.358826443692584,100.0,0.999405062254574,excelente,28.0
1680262408523,/nas/antoniodetoro/qwen/Qwen-Image-Edit-Angles-2/datos/MultiViewVisibleImagesHPE_Custom/test/00_15/00_15_1680262408523_rgb.png,/nas/antoniodetoro/qwen/Qwen-Image-Edit-Angles-2/datos/MultiViewVisibleImagesHPE_Custom/00_17/to_00_15/Step_6_fake_00_15_from_00_17_1680262408523_rgb.png,OK,2.8570895253623414,93.93939393939394,0.9991062426411146,excelente,20.0
1680262408824,/nas/antoniodetoro/qwen/Qwen-Image-Edit-Angles-2/datos/MultiViewVisibleImagesHPE_Custom/test/00_15/00_15_1680262408824_rgb.png,/nas/antoniodetoro/qwen/Qwen-Image-Edit-Angles-2/datos/MultiViewVisibleImagesHPE_Custom/00_17/to_00_15/Step_6_fake_00_15_from_00_17_1680262408824_rgb.png,OK,4.251678763633489,78.78787878787878,0.9976036207041327,aceptable,22.0
1680262409125,/nas/antoniodetoro/qwen/Qwen-Image-Edit-Angles-2/datos/MultiViewVisibleImagesHPE_Custom/test/00_15/00_15_1680262409125_rgb.png,/nas/antoniodetoro/qwen/Qwen-Image-Edit-Angles-2/datos/MultiViewVisibleImagesHPE_Custom/00_17/to_00_15/Step_6_fake_00_15_from_00_17_1680262409125_rgb.png,OK,2.6786811073927583,87.87878787878788,0.9990599333093465,aceptable,18.0
1680262409426,/nas/antoniodetoro/qwen/Qwen-Image-Edit-Angles-2/datos/MultiViewVisibleImagesHPE_Custom/test/00_15/00_15_1680262409426_rgb.png,/nas/antoniodetoro/qwen/Qwen-Image-Edit-Angles-2/datos/MultiViewVisibleImagesHPE_Custom/00_17/to_00_15/Step_6_fake_00_15_from_00_17_1680262409426_rgb.png,OK,2.7382544061897534,87.87878787878788,0.998751988511837,aceptable,20.0
1680262409727,/nas/antoniodetoro/qwen/Qwen-Image-Edit-Angles-2/datos/MultiViewVisibleImagesHPE_Custom/test/00_15/00_15_1680262409727_rgb.png,/nas/antoniodetoro/qwen/Qwen-Image-Edit-Angles-2/datos/MultiViewVisibleImagesHPE_Custom/00_17/to_00_15/Step_6_fake_00_15_from_00_17_1680262409727_rgb.png,OK,3.35330936688729,90.9090909090909,0.9987730527555221,excelente,19.0
1680262410028,/nas/antoniodetoro/qwen/Qwen-Image-Edit-Angles-2/datos/MultiViewVisibleImagesHPE_Custom/test/00_15/00_15_1680262410028_rgb.png,/nas/antoniodetoro/qwen/Qwen-Image-Edit-Angles-2/datos/MultiViewVisibleImagesHPE_Custom/00_17/to_00_15/Step_6_fake_00_15_from_00_17_1680262410028_rgb.png,OK,4.343789404844601,66.66666666666666,0.9982780181458302,crítico,11.0
1680262410329,/nas/antoniodetoro/qwen/Qwen-Image-Edit-Angles-2/datos/MultiViewVisibleImagesHPE_Custom/test/00_15/00_15_1680262410329_rgb.png,/nas/antoniodetoro/qwen/Qwen-Image-Edit-Angles-2/datos/MultiViewVisibleImagesHPE_Custom/00_17/to_00_15/Step_6_fake_00_15_from_00_17_1680262410329_rgb.png,OK,3.47183757682297,90.9090909090909,0.9985673379544121,excelente,27.0
1680262410630,/nas/antoniodetoro/qwen/Qwen-Image-Edit-Angles-2/datos/MultiViewVisibleImagesHPE_Custom/test/00_15/00_15_1680262410630_rgb.png,/nas/antoniodetoro/qwen/Qwen-Image-Edit-Angles-2/datos/MultiViewVisibleImagesHPE_Custom/00_17/to_00_15/Step_6_fake_00_15_from_00_17_1680262410630_rgb.png,OK,3.4173187928171993,63.63636363636363,0.9978957003268077,crítico,18.0
1680262410931,/nas/antoniodetoro/qwen/Qwen-Image-Edit-Angles-2/datos/MultiViewVisibleImagesHPE_Custom/test/00_15/00_15_1680262410931_rgb.png,/nas/antoniodetoro/qwen/Qwen-Image-Edit-Angles-2/datos/MultiViewVisibleImagesHPE_Custom/00_17/to_00_15/Step_6_fake_00_15_from_00_17_1680262410931_rgb.png,OK,2.983670529703659,84.84848484848484,0.9984313850874708,aceptable,18.0
1680262411232,/nas/antoniodetoro/qwen/Qwen-Image-Edit-Angles-2/datos/MultiViewVisibleImagesHPE_Custom/test/00_15/00_15_1680262411232_rgb.png,/nas/antoniodetoro/qwen/Qwen-Image-Edit-Angles-2/datos/MultiViewVisibleImagesHPE_Custom/00_17/to_00_15/Step_6_fake_00_15_from_00_17_1680262411232_rgb.png,OK,2.8774082533653065,75.75757575757575,0.9986112742763414,aceptable,18.0
1680262411534,/nas/antoniodetoro/qwen/Qwen-Image-Edit-Angles-2/datos/MultiViewVisibleImagesHPE_Custom/test/00_15/00_15_1680262411534_rgb.png,/nas/antoniodetoro/qwen/Qwen-Image-Edit-Angles-2/datos/MultiViewVisibleImagesHPE_Custom/00_17/to_00_15/Step_6_fake_00_15_from_00_17_1680262411534_rgb.png,OK,2.8014299697949077,84.84848484848484,0.9989124419194262,aceptable,16.0
1680262411835,/nas/antoniodetoro/qwen/Qwen-Image-Edit-Angles-2/datos/MultiViewVisibleImagesHPE_Custom/test/00_15/00_15_1680262411835_rgb.png,/nas/antoniodetoro/qwen/Qwen-Image-Edit-Angles-2/datos/MultiViewVisibleImagesHPE_Custom/00_17/to_00_15/Step_6_fake_00_15_from_00_17_1680262411835_rgb.png,OK,3.6288222346649452,72.72727272727273,0.9977759987767703,aceptable,18.0
1680262412437,/nas/antoniodetoro/qwen/Qwen-Image-Edit-Angles-2/datos/MultiViewVisibleImagesHPE_Custom/test/00_15/00_15_1680262412437_rgb.png,/nas/antoniodetoro/qwen/Qwen-Image-Edit-Angles-2/datos/MultiViewVisibleImagesHPE_Custom/00_17/to_00_15/Step_6_fake_00_15_from_00_17_1680262412437_rgb.png,OK,3.6064806348805813,84.84848484848484,0.9980973200114737,aceptable,18.0
1680262412738,/nas/antoniodetoro/qwen/Qwen-Image-Edit-Angles-2/datos/MultiViewVisibleImagesHPE_Custom/test/00_15/00_15_1680262412738_rgb.png,/nas/antoniodetoro/qwen/Qwen-Image-Edit-Angles-2/datos/MultiViewVisibleImagesHPE_Custom/00_17/to_00_15/Step_6_fake_00_15_from_00_17_1680262412738_rgb.png,OK,2.982405766045082,90.9090909090909,0.9989082771028663,excelente,22.0
1680262413039,/nas/antoniodetoro/qwen/Qwen-Image-Edit-Angles-2/datos/MultiViewVisibleImagesHPE_Custom/test/00_15/00_15_1680262413039_rgb.png,/nas/antoniodetoro/qwen/Qwen-Image-Edit-Angles-2/datos/MultiViewVisibleImagesHPE_Custom/00_17/to_00_15/Step_6_fake_00_15_from_00_17_1680262413039_rgb.png,OK,2.765191790138598,96.96969696969697,0.9990119251959576,excelente,30.0
1680262413340,/nas/antoniodetoro/qwen/Qwen-Image-Edit-Angles-2/datos/MultiViewVisibleImagesHPE_Custom/test/00_15/00_15_1680262413340_rgb.png,/nas/antoniodetoro/qwen/Qwen-Image-Edit-Angles-2/datos/MultiViewVisibleImagesHPE_Custom/00_17/to_00_15/Step_6_fake_00_15_from_00_17_1680262413340_rgb.png,OK,3.8345220712243986,81.81818181818183,0.9977703588249112,aceptable,20.0
1680262413641,/nas/antoniodetoro/qwen/Qwen-Image-Edit-Angles-2/datos/MultiViewVisibleImagesHPE_Custom/test/00_15/00_15_1680262413641_rgb.png,/nas/antoniodetoro/qwen/Qwen-Image-Edit-Angles-2/datos/MultiViewVisibleImagesHPE_Custom/00_17/to_00_15/Step_6_fake_00_15_from_00_17_1680262413641_rgb.png,OK,3.867736220048207,78.78787878787878,0.9973736355682394,aceptable,20.0
1680262413942,/nas/antoniodetoro/qwen/Qwen-Image-Edit-Angles-2/datos/MultiViewVisibleImagesHPE_Custom/test/00_15/00_15_1680262413942_rgb.png,/nas/antoniodetoro/qwen/Qwen-Image-Edit-Angles-2/datos/MultiViewVisibleImagesHPE_Custom/00_17/to_00_15/Step_6_fake_00_15_from_00_17_1680262413942_rgb.png,OK,3.5849490344232677,81.81818181818183,0.9984494703428746,aceptable,20.0
1680262414243,/nas/antoniodetoro/qwen/Qwen-Image-Edit-Angles-2/datos/MultiViewVisibleImagesHPE_Custom/test/00_15/00_15_1680262414243_rgb.png,/nas/antoniodetoro/qwen/Qwen-Image-Edit-Angles-2/datos/MultiViewVisibleImagesHPE_Custom/00_17/to_00_15/Step_6_fake_00_15_from_00_17_1680262414243_rgb.png,OK,2.413661279969063,100.0,0.9993625458373113,excelente,30.0
1680262414544,/nas/antoniodetoro/qwen/Qwen-Image-Edit-Angles-2/datos/MultiViewVisibleImagesHPE_Custom/test/00_15/00_15_1680262414544_rgb.png,/nas/antoniodetoro/qwen/Qwen-Image-Edit-Angles-2/datos/MultiViewVisibleImagesHPE_Custom/00_17/to_00_15/Step_6_fake_00_15_from_00_17_1680262414544_rgb.png,OK,2.8252314164959973,100.0,0.9991379329505004,excelente,3.0
1680262414844,/nas/antoniodetoro/qwen/Qwen-Image-Edit-Angles-2/datos/MultiViewVisibleImagesHPE_Custom/test/00_15/00_15_1680262414844_rgb.png,/nas/antoniodetoro/qwen/Qwen-Image-Edit-Angles-2/datos/MultiViewVisibleImagesHPE_Custom/00_17/to_00_15/Step_6_fake_00_15_from_00_17_1680262414844_rgb.png,OK,2.6035259477681842,87.87878787878788,0.9992153569768593,aceptable,22.0
1680262415145,/nas/antoniodetoro/qwen/Qwen-Image-Edit-Angles-2/datos/MultiViewVisibleImagesHPE_Custom/test/00_15/00_15_1680262415145_rgb.png,/nas/antoniodetoro/qwen/Qwen-Image-Edit-Angles-2/datos/MultiViewVisibleImagesHPE_Custom/00_17/to_00_15/Step_6_fake_00_15_from_00_17_1680262415145_rgb.png,OK,2.6216023755710425,87.87878787878788,0.9991590025598714,aceptable,20.0
1680262415446,/nas/antoniodetoro/qwen/Qwen-Image-Edit-Angles-2/datos/MultiViewVisibleImagesHPE_Custom/test/00_15/00_15_1680262415446_rgb.png,/nas/antoniodetoro/qwen/Qwen-Image-Edit-Angles-2/datos/MultiViewVisibleImagesHPE_Custom/00_17/to_00_15/Step_6_fake_00_15_from_00_17_1680262415446_rgb.png,OK,2.0745068504624866,100.0,0.9994875426786419,excelente,20.0
1680262415747,/nas/antoniodetoro/qwen/Qwen-Image-Edit-Angles-2/datos/MultiViewVisibleImagesHPE_Custom/test/00_15/00_15_1680262415747_rgb.png,/nas/antoniodetoro/qwen/Qwen-Image-Edit-Angles-2/datos/MultiViewVisibleImagesHPE_Custom/00_17/to_00_15/Step_6_fake_00_15_from_00_17_1680262415747_rgb.png,OK,2.1665710615777516,100.0,0.9994197349056632,excelente,30.0
1680262416048,/nas/antoniodetoro/qwen/Qwen-Image-Edit-Angles-2/datos/MultiViewVisibleImagesHPE_Custom/test/00_15/00_15_1680262416048_rgb.png,/nas/antoniodetoro/qwen/Qwen-Image-Edit-Angles-2/datos/MultiViewVisibleImagesHPE_Custom/00_17/to_00_15/Step_6_fake_00_15_from_00_17_1680262416048_rgb.png,OK,2.7725248229131454,100.0,0.9991806808767297,excelente,7.0
1680262416349,/nas/antoniodetoro/qwen/Qwen-Image-Edit-Angles-2/datos/MultiViewVisibleImagesHPE_Custom/test/00_15/00_15_1680262416349_rgb.png,/nas/antoniodetoro/qwen/Qwen-Image-Edit-Angles-2/datos/MultiViewVisibleImagesHPE_Custom/00_17/to_00_15/Step_6_fake_00_15_from_00_17_1680262416349_rgb.png,OK,2.081937053740701,100.0,0.9995089414895106,excelente,22.0
1680262416650,/nas/antoniodetoro/qwen/Qwen-Image-Edit-Angles-2/datos/MultiViewVisibleImagesHPE_Custom/test/00_15/00_15_1680262416650_rgb.png,/nas/antoniodetoro/qwen/Qwen-Image-Edit-Angles-2/datos/MultiViewVisibleImagesHPE_Custom/00_17/to_00_15/Step_6_fake_00_15_from_00_17_1680262416650_rgb.png,OK,2.610286773533375,100.0,0.9992542546164327,excelente,20.0
1680262416951,/nas/antoniodetoro/qwen/Qwen-Image-Edit-Angles-2/datos/MultiViewVisibleImagesHPE_Custom/test/00_15/00_15_1680262416951_rgb.png,/nas/antoniodetoro/qwen/Qwen-Image-Edit-Angles-2/datos/MultiViewVisibleImagesHPE_Custom/00_17/to_00_15/Step_6_fake_00_15_from_00_17_1680262416951_rgb.png,OK,2.9177785220068544,100.0,0.9991455914969669,excelente,27.0
1680262417252,/nas/antoniodetoro/qwen/Qwen-Image-Edit-Angles-2/datos/MultiViewVisibleImagesHPE_Custom/test/00_15/00_15_1680262417252_rgb.png,/nas/antoniodetoro/qwen/Qwen-Image-Edit-Angles-2/datos/MultiViewVisibleImagesHPE_Custom/00_17/to_00_15/Step_6_fake_00_15_from_00_17_1680262417252_rgb.png,OK,3.259342272518672,87.87878787878788,0.9987295026951536,aceptable,20.0
1680262417554,/nas/antoniodetoro/qwen/Qwen-Image-Edit-Angles-2/datos/MultiViewVisibleImagesHPE_Custom/test/00_15/00_15_1680262417554_rgb.png,/nas/antoniodetoro/qwen/Qwen-Image-Edit-Angles-2/datos/MultiViewVisibleImagesHPE_Custom/00_17/to_00_15/Step_6_fake_00_15_from_00_17_1680262417554_rgb.png,OK,2.508122582567456,100.0,0.999295099877478,excelente,14.0
1680262417855,/nas/antoniodetoro/qwen/Qwen-Image-Edit-Angles-2/datos/MultiViewVisibleImagesHPE_Custom/test/00_15/00_15_1680262417855_rgb.png,/nas/antoniodetoro/qwen/Qwen-Image-Edit-Angles-2/datos/MultiViewVisibleImagesHPE_Custom/00_17/to_00_15/Step_6_fake_00_15_from_00_17_1680262417855_rgb.png,OK,1.9772190227116553,100.0,0.999543605644244,excelente,27.0
1680262418156,/nas/antoniodetoro/qwen/Qwen-Image-Edit-Angles-2/datos/MultiViewVisibleImagesHPE_Custom/test/00_15/00_15_1680262418156_rgb.png,/nas/antoniodetoro/qwen/Qwen-Image-Edit-Angles-2/datos/MultiViewVisibleImagesHPE_Custom/00_17/to_00_15/Step_6_fake_00_15_from_00_17_1680262418156_rgb.png,OK,3.2339223294757127,100.0,0.9988230125036324,excelente,21.0
1680262418457,/nas/antoniodetoro/qwen/Qwen-Image-Edit-Angles-2/datos/MultiViewVisibleImagesHPE_Custom/test/00_15/00_15_1680262418457_rgb.png,/nas/antoniodetoro/qwen/Qwen-Image-Edit-Angles-2/datos/MultiViewVisibleImagesHPE_Custom/00_17/to_00_15/Step_6_fake_00_15_from_00_17_1680262418457_rgb.png,OK,2.9661908099818275,96.96969696969697,0.9988670256274256,excelente,14.0
1680262418757,/nas/antoniodetoro/qwen/Qwen-Image-Edit-Angles-2/datos/MultiViewVisibleImagesHPE_Custom/test/00_15/00_15_1680262418757_rgb.png,/nas/antoniodetoro/qwen/Qwen-Image-Edit-Angles-2/datos/MultiViewVisibleImagesHPE_Custom/00_17/to_00_15/Step_6_fake_00_15_from_00_17_1680262418757_rgb.png,OK,7.033646620843868,81.81818181818183,0.9801051944986239,aceptable,19.0
1680262419059,/nas/antoniodetoro/qwen/Qwen-Image-Edit-Angles-2/datos/MultiViewVisibleImagesHPE_Custom/test/00_15/00_15_1680262419059_rgb.png,/nas/antoniodetoro/qwen/Qwen-Image-Edit-Angles-2/datos/MultiViewVisibleImagesHPE_Custom/00_17/to_00_15/Step_6_fake_00_15_from_00_17_1680262419059_rgb.png,OK,6.688418381922207,84.84848484848484,0.9816792747226863,aceptable,19.0
1680262419360,/nas/antoniodetoro/qwen/Qwen-Image-Edit-Angles-2/datos/MultiViewVisibleImagesHPE_Custom/test/00_15/00_15_1680262419360_rgb.png,/nas/antoniodetoro/qwen/Qwen-Image-Edit-Angles-2/datos/MultiViewVisibleImagesHPE_Custom/00_17/to_00_15/Step_6_fake_00_15_from_00_17_1680262419360_rgb.png,OK,3.9561963038215486,81.81818181818183,0.9959903125667404,aceptable,17.0
1680262419661,/nas/antoniodetoro/qwen/Qwen-Image-Edit-Angles-2/datos/MultiViewVisibleImagesHPE_Custom/test/00_15/00_15_1680262419661_rgb.png,/nas/antoniodetoro/qwen/Qwen-Image-Edit-Angles-2/datos/MultiViewVisibleImagesHPE_Custom/00_17/to_00_15/Step_6_fake_00_15_from_00_17_1680262419661_rgb.png,OK,4.784058686504597,75.75757575757575,0.9935997852218914,aceptable,19.0
1680262419962,/nas/antoniodetoro/qwen/Qwen-Image-Edit-Angles-2/datos/MultiViewVisibleImagesHPE_Custom/test/00_15/00_15_1680262419962_rgb.png,/nas/antoniodetoro/qwen/Qwen-Image-Edit-Angles-2/datos/MultiViewVisibleImagesHPE_Custom/00_17/to_00_15/Step_6_fake_00_15_from_00_17_1680262419962_rgb.png,OK,6.0190987639115265,75.75757575757575,0.9876090267413444,aceptable,19.0
1680262420263,/nas/antoniodetoro/qwen/Qwen-Image-Edit-Angles-2/datos/MultiViewVisibleImagesHPE_Custom/test/00_15/00_15_1680262420263_rgb.png,/nas/antoniodetoro/qwen/Qwen-Image-Edit-Angles-2/datos/MultiViewVisibleImagesHPE_Custom/00_17/to_00_15/Step_6_fake_00_15_from_00_17_1680262420263_rgb.png,OK,5.537134176679548,75.75757575757575,0.9928026020695158,aceptable,19.0
1680262420565,/nas/antoniodetoro/qwen/Qwen-Image-Edit-Angles-2/datos/MultiViewVisibleImagesHPE_Custom/test/00_15/00_15_1680262420565_rgb.png,/nas/antoniodetoro/qwen/Qwen-Image-Edit-Angles-2/datos/MultiViewVisibleImagesHPE_Custom/00_17/to_00_15/Step_6_fake_00_15_from_00_17_1680262420565_rgb.png,OK,6.521139221721323,84.84848484848484,0.9799619252674086,aceptable,17.0
1680262420866,/nas/antoniodetoro/qwen/Qwen-Image-Edit-Angles-2/datos/MultiViewVisibleImagesHPE_Custom/test/00_15/00_15_1680262420866_rgb.png,/nas/antoniodetoro/qwen/Qwen-Image-Edit-Angles-2/datos/MultiViewVisibleImagesHPE_Custom/00_17/to_00_15/Step_6_fake_00_15_from_00_17_1680262420866_rgb.png,OK,3.2397773421798854,84.84848484848484,0.9986732039903402,aceptable,18.0
1680262421167,/nas/antoniodetoro/qwen/Qwen-Image-Edit-Angles-2/datos/MultiViewVisibleImagesHPE_Custom/test/00_15/00_15_1680262421167_rgb.png,/nas/antoniodetoro/qwen/Qwen-Image-Edit-Angles-2/datos/MultiViewVisibleImagesHPE_Custom/00_17/to_00_15/Step_6_fake_00_15_from_00_17_1680262421167_rgb.png,OK,3.4978632858803236,96.96969696969697,0.9986238660864153,excelente,20.0
1680262421468,/nas/antoniodetoro/qwen/Qwen-Image-Edit-Angles-2/datos/MultiViewVisibleImagesHPE_Custom/test/00_15/00_15_1680262421468_rgb.png,/nas/antoniodetoro/qwen/Qwen-Image-Edit-Angles-2/datos/MultiViewVisibleImagesHPE_Custom/00_17/to_00_15/Step_6_fake_00_15_from_00_17_1680262421468_rgb.png,OK,1.948455605864235,100.0,0.999577367329876,excelente,17.0
1680262421769,/nas/antoniodetoro/qwen/Qwen-Image-Edit-Angles-2/datos/MultiViewVisibleImagesHPE_Custom/test/00_15/00_15_1680262421769_rgb.png,/nas/antoniodetoro/qwen/Qwen-Image-Edit-Angles-2/datos/MultiViewVisibleImagesHPE_Custom/00_17/to_00_15/Step_6_fake_00_15_from_00_17_1680262421769_rgb.png,OK,2.1468108441550746,93.93939393939394,0.9994034425884374,excelente,19.0
1680262422070,/nas/antoniodetoro/qwen/Qwen-Image-Edit-Angles-2/datos/MultiViewVisibleImagesHPE_Custom/test/00_15/00_15_1680262422070_rgb.png,/nas/antoniodetoro/qwen/Qwen-Image-Edit-Angles-2/datos/MultiViewVisibleImagesHPE_Custom/00_17/to_00_15/Step_6_fake_00_15_from_00_17_1680262422070_rgb.png,OK,3.274525579128529,90.9090909090909,0.9988852893864131,excelente,18.0
1680262422371,/nas/antoniodetoro/qwen/Qwen-Image-Edit-Angles-2/datos/MultiViewVisibleImagesHPE_Custom/test/00_15/00_15_1680262422371_rgb.png,/nas/antoniodetoro/qwen/Qwen-Image-Edit-Angles-2/datos/MultiViewVisibleImagesHPE_Custom/00_17/to_00_15/Step_6_fake_00_15_from_00_17_1680262422371_rgb.png,OK,2.887029848679257,100.0,0.9992009478229731,excelente,18.0
1680262422672,/nas/antoniodetoro/qwen/Qwen-Image-Edit-Angles-2/datos/MultiViewVisibleImagesHPE_Custom/test/00_15/00_15_1680262422672_rgb.png,/nas/antoniodetoro/qwen/Qwen-Image-Edit-Angles-2/datos/MultiViewVisibleImagesHPE_Custom/00_17/to_00_15/Step_6_fake_00_15_from_00_17_1680262422672_rgb.png,OK,2.296991816379079,100.0,0.9994237195931979,excelente,29.0
1680262422973,/nas/antoniodetoro/qwen/Qwen-Image-Edit-Angles-2/datos/MultiViewVisibleImagesHPE_Custom/test/00_15/00_15_1680262422973_rgb.png,/nas/antoniodetoro/qwen/Qwen-Image-Edit-Angles-2/datos/MultiViewVisibleImagesHPE_Custom/00_17/to_00_15/Step_6_fake_00_15_from_00_17_1680262422973_rgb.png,OK,2.642830919784697,93.93939393939394,0.9991943081700237,excelente,29.0
1680262423274,/nas/antoniodetoro/qwen/Qwen-Image-Edit-Angles-2/datos/MultiViewVisibleImagesHPE_Custom/test/00_15/00_15_1680262423274_rgb.png,/nas/antoniodetoro/qwen/Qwen-Image-Edit-Angles-2/datos/MultiViewVisibleImagesHPE_Custom/00_17/to_00_15/Step_6_fake_00_15_from_00_17_1680262423274_rgb.png,OK,2.56138276571753,100.0,0.9993269651022504,excelente,29.0
1680262423575,/nas/antoniodetoro/qwen/Qwen-Image-Edit-Angles-2/datos/MultiViewVisibleImagesHPE_Custom/test/00_15/00_15_1680262423575_rgb.png,/nas/antoniodetoro/qwen/Qwen-Image-Edit-Angles-2/datos/MultiViewVisibleImagesHPE_Custom/00_17/to_00_15/Step_6_fake_00_15_from_00_17_1680262423575_rgb.png,OK,2.7257394719311963,100.0,0.999193553607706,excelente,26.0
1680262423876,/nas/antoniodetoro/qwen/Qwen-Image-Edit-Angles-2/datos/MultiViewVisibleImagesHPE_Custom/test/00_15/00_15_1680262423876_rgb.png,/nas/antoniodetoro/qwen/Qwen-Image-Edit-Angles-2/datos/MultiViewVisibleImagesHPE_Custom/00_17/to_00_15/Step_6_fake_00_15_from_00_17_1680262423876_rgb.png,OK,3.71368606624401,96.96969696969697,0.9986382200891725,excelente,20.0
1680262424177,/nas/antoniodetoro/qwen/Qwen-Image-Edit-Angles-2/datos/MultiViewVisibleImagesHPE_Custom/test/00_15/00_15_1680262424177_rgb.png,/nas/antoniodetoro/qwen/Qwen-Image-Edit-Angles-2/datos/MultiViewVisibleImagesHPE_Custom/00_17/to_00_15/Step_6_fake_00_15_from_00_17_1680262424177_rgb.png,OK,2.805086129761574,90.9090909090909,0.9990120186821843,excelente,19.0
1680262424478,/nas/antoniodetoro/qwen/Qwen-Image-Edit-Angles-2/datos/MultiViewVisibleImagesHPE_Custom/test/00_15/00_15_1680262424478_rgb.png,/nas/antoniodetoro/qwen/Qwen-Image-Edit-Angles-2/datos/MultiViewVisibleImagesHPE_Custom/00_17/to_00_15/Step_6_fake_00_15_from_00_17_1680262424478_rgb.png,OK,2.9568598940753654,90.9090909090909,0.9989194018265346,excelente,19.0
1680262424780,/nas/antoniodetoro/qwen/Qwen-Image-Edit-Angles-2/datos/MultiViewVisibleImagesHPE_Custom/test/00_15/00_15_1680262424780_rgb.png,/nas/antoniodetoro/qwen/Qwen-Image-Edit-Angles-2/datos/MultiViewVisibleImagesHPE_Custom/00_17/to_00_15/Step_6_fake_00_15_from_00_17_1680262424780_rgb.png,OK,2.837464134254557,100.0,0.9990550618732322,excelente,11.0
1680262425080,/nas/antoniodetoro/qwen/Qwen-Image-Edit-Angles-2/datos/MultiViewVisibleImagesHPE_Custom/test/00_15/00_15_1680262425080_rgb.png,/nas/antoniodetoro/qwen/Qwen-Image-Edit-Angles-2/datos/MultiViewVisibleImagesHPE_Custom/00_17/to_00_15/Step_6_fake_00_15_from_00_17_1680262425080_rgb.png,OK,3.329901306683524,90.9090909090909,0.9986690456866298,excelente,9.0
1680262425381,/nas/antoniodetoro/qwen/Qwen-Image-Edit-Angles-2/datos/MultiViewVisibleImagesHPE_Custom/test/00_15/00_15_1680262425381_rgb.png,/nas/antoniodetoro/qwen/Qwen-Image-Edit-Angles-2/datos/MultiViewVisibleImagesHPE_Custom/00_17/to_00_15/Step_6_fake_00_15_from_00_17_1680262425381_rgb.png,OK,6.219228550685502,69.6969696969697,0.9908263303294245,crítico,19.0
1680262425682,/nas/antoniodetoro/qwen/Qwen-Image-Edit-Angles-2/datos/MultiViewVisibleImagesHPE_Custom/test/00_15/00_15_1680262425682_rgb.png,/nas/antoniodetoro/qwen/Qwen-Image-Edit-Angles-2/datos/MultiViewVisibleImagesHPE_Custom/00_17/to_00_15/Step_6_fake_00_15_from_00_17_1680262425682_rgb.png,OK,5.754232184710684,84.84848484848484,0.9902846380687322,aceptable,17.0
1680262425983,/nas/antoniodetoro/qwen/Qwen-Image-Edit-Angles-2/datos/MultiViewVisibleImagesHPE_Custom/test/00_15/00_15_1680262425983_rgb.png,/nas/antoniodetoro/qwen/Qwen-Image-Edit-Angles-2/datos/MultiViewVisibleImagesHPE_Custom/00_17/to_00_15/Step_6_fake_00_15_from_00_17_1680262425983_rgb.png,OK,5.494249936137934,81.81818181818183,0.9882940672392454,aceptable,17.0
1680262426284,/nas/antoniodetoro/qwen/Qwen-Image-Edit-Angles-2/datos/MultiViewVisibleImagesHPE_Custom/test/00_15/00_15_1680262426284_rgb.png,/nas/antoniodetoro/qwen/Qwen-Image-Edit-Angles-2/datos/MultiViewVisibleImagesHPE_Custom/00_17/to_00_15/Step_6_fake_00_15_from_00_17_1680262426284_rgb.png,OK,5.250335412479345,84.84848484848484,0.9906222819884847,aceptable,17.0
1680262426585,/nas/antoniodetoro/qwen/Qwen-Image-Edit-Angles-2/datos/MultiViewVisibleImagesHPE_Custom/test/00_15/00_15_1680262426585_rgb.png,/nas/antoniodetoro/qwen/Qwen-Image-Edit-Angles-2/datos/MultiViewVisibleImagesHPE_Custom/00_17/to_00_15/Step_6_fake_00_15_from_00_17_1680262426585_rgb.png,OK,5.5850691223721345,81.81818181818183,0.9871314951764979,aceptable,17.0
1680262426887,/nas/antoniodetoro/qwen/Qwen-Image-Edit-Angles-2/datos/MultiViewVisibleImagesHPE_Custom/test/00_15/00_15_1680262426887_rgb.png,/nas/antoniodetoro/qwen/Qwen-Image-Edit-Angles-2/datos/MultiViewVisibleImagesHPE_Custom/00_17/to_00_15/Step_6_fake_00_15_from_00_17_1680262426887_rgb.png,OK,3.525381417610215,81.81818181818183,0.9984125673113287,aceptable,17.0
1680262427188,/nas/antoniodetoro/qwen/Qwen-Image-Edit-Angles-2/datos/MultiViewVisibleImagesHPE_Custom/test/00_15/00_15_1680262427188_rgb.png,/nas/antoniodetoro/qwen/Qwen-Image-Edit-Angles-2/datos/MultiViewVisibleImagesHPE_Custom/00_17/to_00_15/Step_6_fake_00_15_from_00_17_1680262427188_rgb.png,OK,3.2598290070482316,90.9090909090909,0.9986589459736545,excelente,11.0
1680262427489,/nas/antoniodetoro/qwen/Qwen-Image-Edit-Angles-2/datos/MultiViewVisibleImagesHPE_Custom/test/00_15/00_15_1680262427489_rgb.png,/nas/antoniodetoro/qwen/Qwen-Image-Edit-Angles-2/datos/MultiViewVisibleImagesHPE_Custom/00_17/to_00_15/Step_6_fake_00_15_from_00_17_1680262427489_rgb.png,OK,3.262403238687539,93.93939393939394,0.9986400411352668,excelente,20.0
1680262427790,/nas/antoniodetoro/qwen/Qwen-Image-Edit-Angles-2/datos/MultiViewVisibleImagesHPE_Custom/test/00_15/00_15_1680262427790_rgb.png,/nas/antoniodetoro/qwen/Qwen-Image-Edit-Angles-2/datos/MultiViewVisibleImagesHPE_Custom/00_17/to_00_15/Step_6_fake_00_15_from_00_17_1680262427790_rgb.png,OK,3.7181904208899828,75.75757575757575,0.9983359864097172,aceptable,9.0
1680262428091,/nas/antoniodetoro/qwen/Qwen-Image-Edit-Angles-2/datos/MultiViewVisibleImagesHPE_Custom/test/00_15/00_15_1680262428091_rgb.png,/nas/antoniodetoro/qwen/Qwen-Image-Edit-Angles-2/datos/MultiViewVisibleImagesHPE_Custom/00_17/to_00_15/Step_6_fake_00_15_from_00_17_1680262428091_rgb.png,OK,3.6072955016633483,96.96969696969697,0.9985497437985926,excelente,11.0
1680262428392,/nas/antoniodetoro/qwen/Qwen-Image-Edit-Angles-2/datos/MultiViewVisibleImagesHPE_Custom/test/00_15/00_15_1680262428392_rgb.png,/nas/antoniodetoro/qwen/Qwen-Image-Edit-Angles-2/datos/MultiViewVisibleImagesHPE_Custom/00_17/to_00_15/Step_6_fake_00_15_from_00_17_1680262428392_rgb.png,OK,3.028106026146492,87.87878787878788,0.9985144116776888,aceptable,19.0
1680262428693,/nas/antoniodetoro/qwen/Qwen-Image-Edit-Angles-2/datos/MultiViewVisibleImagesHPE_Custom/test/00_15/00_15_1680262428693_rgb.png,/nas/antoniodetoro/qwen/Qwen-Image-Edit-Angles-2/datos/MultiViewVisibleImagesHPE_Custom/00_17/to_00_15/Step_6_fake_00_15_from_00_17_1680262428693_rgb.png,OK,2.9674441404742775,87.87878787878788,0.9990157139227782,aceptable,19.0
1680262428994,/nas/antoniodetoro/qwen/Qwen-Image-Edit-Angles-2/datos/MultiViewVisibleImagesHPE_Custom/test/00_15/00_15_1680262428994_rgb.png,/nas/antoniodetoro/qwen/Qwen-Image-Edit-Angles-2/datos/MultiViewVisibleImagesHPE_Custom/00_17/to_00_15/Step_6_fake_00_15_from_00_17_1680262428994_rgb.png,OK,2.3329550062228077,100.0,0.9994522165589639,excelente,31.0
1680262429295,/nas/antoniodetoro/qwen/Qwen-Image-Edit-Angles-2/datos/MultiViewVisibleImagesHPE_Custom/test/00_15/00_15_1680262429295_rgb.png,/nas/antoniodetoro/qwen/Qwen-Image-Edit-Angles-2/datos/MultiViewVisibleImagesHPE_Custom/00_17/to_00_15/Step_6_fake_00_15_from_00_17_1680262429295_rgb.png,OK,2.3115610619350018,100.0,0.9994740446066399,excelente,29.0
1680262429596,/nas/antoniodetoro/qwen/Qwen-Image-Edit-Angles-2/datos/MultiViewVisibleImagesHPE_Custom/test/00_15/00_15_1680262429596_rgb.png,/nas/antoniodetoro/qwen/Qwen-Image-Edit-Angles-2/datos/MultiViewVisibleImagesHPE_Custom/00_17/to_00_15/Step_6_fake_00_15_from_00_17_1680262429596_rgb.png,OK,2.431219805610985,100.0,0.9993776615826535,excelente,26.0
1680262429897,/nas/antoniodetoro/qwen/Qwen-Image-Edit-Angles-2/datos/MultiViewVisibleImagesHPE_Custom/test/00_15/00_15_1680262429897_rgb.png,/nas/antoniodetoro/qwen/Qwen-Image-Edit-Angles-2/datos/MultiViewVisibleImagesHPE_Custom/00_17/to_00_15/Step_6_fake_00_15_from_00_17_1680262429897_rgb.png,OK,2.353741795121711,100.0,0.9994540699219387,excelente,18.0
1680262430198,/nas/antoniodetoro/qwen/Qwen-Image-Edit-Angles-2/datos/MultiViewVisibleImagesHPE_Custom/test/00_15/00_15_1680262430198_rgb.png,/nas/antoniodetoro/qwen/Qwen-Image-Edit-Angles-2/datos/MultiViewVisibleImagesHPE_Custom/00_17/to_00_15/Step_6_fake_00_15_from_00_17_1680262430198_rgb.png,OK,2.030652042244762,100.0,0.9995526774867596,excelente,26.0
1680262430499,/nas/antoniodetoro/qwen/Qwen-Image-Edit-Angles-2/datos/MultiViewVisibleImagesHPE_Custom/test/00_15/00_15_1680262430499_rgb.png,/nas/antoniodetoro/qwen/Qwen-Image-Edit-Angles-2/datos/MultiViewVisibleImagesHPE_Custom/00_17/to_00_15/Step_6_fake_00_15_from_00_17_1680262430499_rgb.png,OK,1.7261490168728117,100.0,0.999630953963655,excelente,17.0
1680262430799,/nas/antoniodetoro/qwen/Qwen-Image-Edit-Angles-2/datos/MultiViewVisibleImagesHPE_Custom/test/00_15/00_15_1680262430799_rgb.png,/nas/antoniodetoro/qwen/Qwen-Image-Edit-Angles-2/datos/MultiViewVisibleImagesHPE_Custom/00_17/to_00_15/Step_6_fake_00_15_from_00_17_1680262430799_rgb.png,OK,1.6248000734258288,100.0,0.9997047546233198,excelente,32.0
1680262431101,/nas/antoniodetoro/qwen/Qwen-Image-Edit-Angles-2/datos/MultiViewVisibleImagesHPE_Custom/test/00_15/00_15_1680262431101_rgb.png,/nas/antoniodetoro/qwen/Qwen-Image-Edit-Angles-2/datos/MultiViewVisibleImagesHPE_Custom/00_17/to_00_15/Step_6_fake_00_15_from_00_17_1680262431101_rgb.png,OK,2.322640575633892,96.96969696969697,0.9994046041512693,excelente,29.0
1680262431402,/nas/antoniodetoro/qwen/Qwen-Image-Edit-Angles-2/datos/MultiViewVisibleImagesHPE_Custom/test/00_15/00_15_1680262431402_rgb.png,/nas/antoniodetoro/qwen/Qwen-Image-Edit-Angles-2/datos/MultiViewVisibleImagesHPE_Custom/00_17/to_00_15/Step_6_fake_00_15_from_00_17_1680262431402_rgb.png,OK,2.211801273550784,100.0,0.9994729849532293,excelente,29.0
1680262431703,/nas/antoniodetoro/qwen/Qwen-Image-Edit-Angles-2/datos/MultiViewVisibleImagesHPE_Custom/test/00_15/00_15_1680262431703_rgb.png,/nas/antoniodetoro/qwen/Qwen-Image-Edit-Angles-2/datos/MultiViewVisibleImagesHPE_Custom/00_17/to_00_15/Step_6_fake_00_15_from_00_17_1680262431703_rgb.png,OK,2.4784242525070583,100.0,0.9993631513105489,excelente,29.0
1680262432004,/nas/antoniodetoro/qwen/Qwen-Image-Edit-Angles-2/datos/MultiViewVisibleImagesHPE_Custom/test/00_15/00_15_1680262432004_rgb.png,/nas/antoniodetoro/qwen/Qwen-Image-Edit-Angles-2/datos/MultiViewVisibleImagesHPE_Custom/00_17/to_00_15/Step_6_fake_00_15_from_00_17_1680262432004_rgb.png,OK,2.7019337275524364,96.96969696969697,0.9992207472065091,excelente,29.0
1680262432305,/nas/antoniodetoro/qwen/Qwen-Image-Edit-Angles-2/datos/MultiViewVisibleImagesHPE_Custom/test/00_15/00_15_1680262432305_rgb.png,/nas/antoniodetoro/qwen/Qwen-Image-Edit-Angles-2/datos/MultiViewVisibleImagesHPE_Custom/00_17/to_00_15/Step_6_fake_00_15_from_00_17_1680262432305_rgb.png,OK,3.4646126536569573,100.0,0.9987525296292261,excelente,17.0
1680262432606,/nas/antoniodetoro/qwen/Qwen-Image-Edit-Angles-2/datos/MultiViewVisibleImagesHPE_Custom/test/00_15/00_15_1680262432606_rgb.png,/nas/antoniodetoro/qwen/Qwen-Image-Edit-Angles-2/datos/MultiViewVisibleImagesHPE_Custom/00_17/to_00_15/Step_6_fake_00_15_from_00_17_1680262432606_rgb.png,OK,2.866991566521195,100.0,0.9991302650923027,excelente,29.0
1680262432907,/nas/antoniodetoro/qwen/Qwen-Image-Edit-Angles-2/datos/MultiViewVisibleImagesHPE_Custom/test/00_15/00_15_1680262432907_rgb.png,/nas/antoniodetoro/qwen/Qwen-Image-Edit-Angles-2/datos/MultiViewVisibleImagesHPE_Custom/00_17/to_00_15/Step_6_fake_00_15_from_00_17_1680262432907_rgb.png,OK,2.0237755154081203,100.0,0.9995577994148648,excelente,32.0
1680262433208,/nas/antoniodetoro/qwen/Qwen-Image-Edit-Angles-2/datos/MultiViewVisibleImagesHPE_Custom/test/00_15/00_15_1680262433208_rgb.png,/nas/antoniodetoro/qwen/Qwen-Image-Edit-Angles-2/datos/MultiViewVisibleImagesHPE_Custom/00_17/to_00_15/Step_6_fake_00_15_from_00_17_1680262433208_rgb.png,OK,2.045766945822595,100.0,0.9994901051003738,excelente,29.0
1680262433509,/nas/antoniodetoro/qwen/Qwen-Image-Edit-Angles-2/datos/MultiViewVisibleImagesHPE_Custom/test/00_15/00_15_1680262433509_rgb.png,/nas/antoniodetoro/qwen/Qwen-Image-Edit-Angles-2/datos/MultiViewVisibleImagesHPE_Custom/00_17/to_00_15/Step_6_fake_00_15_from_00_17_1680262433509_rgb.png,OK,5.203316887900193,54.54545454545454,0.9965868333568545,crítico,17.0
1680262433811,/nas/antoniodetoro/qwen/Qwen-Image-Edit-Angles-2/datos/MultiViewVisibleImagesHPE_Custom/test/00_15/00_15_1680262433811_rgb.png,/nas/antoniodetoro/qwen/Qwen-Image-Edit-Angles-2/datos/MultiViewVisibleImagesHPE_Custom/00_17/to_00_15/Step_6_fake_00_15_from_00_17_1680262433811_rgb.png,OK,2.497766688156437,96.96969696969697,0.9992840504636656,excelente,29.0
1680262434112,/nas/antoniodetoro/qwen/Qwen-Image-Edit-Angles-2/datos/MultiViewVisibleImagesHPE_Custom/test/00_15/00_15_1680262434112_rgb.png,/nas/antoniodetoro/qwen/Qwen-Image-Edit-Angles-2/datos/MultiViewVisibleImagesHPE_Custom/00_17/to_00_15/Step_6_fake_00_15_from_00_17_1680262434112_rgb.png,OK,2.477347364964243,96.96969696969697,0.9992244554380919,excelente,27.0
1680262434714,/nas/antoniodetoro/qwen/Qwen-Image-Edit-Angles-2/datos/MultiViewVisibleImagesHPE_Custom/test/00_15/00_15_1680262434714_rgb.png,/nas/antoniodetoro/qwen/Qwen-Image-Edit-Angles-2/datos/MultiViewVisibleImagesHPE_Custom/00_17/to_00_15/Step_6_fake_00_15_from_00_17_1680262434714_rgb.png,OK,7.879596822485408,78.78787878787878,0.975789013083996,aceptable,20.0
1680262435316,/nas/antoniodetoro/qwen/Qwen-Image-Edit-Angles-2/datos/MultiViewVisibleImagesHPE_Custom/test/00_15/00_15_1680262435316_rgb.png,/nas/antoniodetoro/qwen/Qwen-Image-Edit-Angles-2/datos/MultiViewVisibleImagesHPE_Custom/00_17/to_00_15/Step_6_fake_00_15_from_00_17_1680262435316_rgb.png,OK,5.863444227390616,81.81818181818183,0.9889322802777069,aceptable,20.0
1680262437122,/nas/antoniodetoro/qwen/Qwen-Image-Edit-Angles-2/datos/MultiViewVisibleImagesHPE_Custom/test/00_15/00_15_1680262437122_rgb.png,/nas/antoniodetoro/qwen/Qwen-Image-Edit-Angles-2/datos/MultiViewVisibleImagesHPE_Custom/00_17/to_00_15/Step_6_fake_00_15_from_00_17_1680262437122_rgb.png,OK,8.214781274543663,84.84848484848484,0.9747064266314908,aceptable,20.0
1680262437423,/nas/antoniodetoro/qwen/Qwen-Image-Edit-Angles-2/datos/MultiViewVisibleImagesHPE_Custom/test/00_15/00_15_1680262437423_rgb.png,/nas/antoniodetoro/qwen/Qwen-Image-Edit-Angles-2/datos/MultiViewVisibleImagesHPE_Custom/00_17/to_00_15/Step_6_fake_00_15_from_00_17_1680262437423_rgb.png,OK,4.373508645407252,84.84848484848484,0.9968099151127826,aceptable,20.0
1680262437724,/nas/antoniodetoro/qwen/Qwen-Image-Edit-Angles-2/datos/MultiViewVisibleImagesHPE_Custom/test/00_15/00_15_1680262437724_rgb.png,/nas/antoniodetoro/qwen/Qwen-Image-Edit-Angles-2/datos/MultiViewVisibleImagesHPE_Custom/00_17/to_00_15/Step_6_fake_00_15_from_00_17_1680262437724_rgb.png,OK,3.1911811567667554,84.84848484848484,0.9986374488859434,aceptable,29.0
1680262438025,/nas/antoniodetoro/qwen/Qwen-Image-Edit-Angles-2/datos/MultiViewVisibleImagesHPE_Custom/test/00_15/00_15_1680262438025_rgb.png,/nas/antoniodetoro/qwen/Qwen-Image-Edit-Angles-2/datos/MultiViewVisibleImagesHPE_Custom/00_17/to_00_15/Step_6_fake_00_15_from_00_17_1680262438025_rgb.png,OK,2.1297647619711992,96.96969696969697,0.9993996410778159,excelente,29.0
1680262438325,/nas/antoniodetoro/qwen/Qwen-Image-Edit-Angles-2/datos/MultiViewVisibleImagesHPE_Custom/test/00_15/00_15_1680262438325_rgb.png,/nas/antoniodetoro/qwen/Qwen-Image-Edit-Angles-2/datos/MultiViewVisibleImagesHPE_Custom/00_17/to_00_15/Step_6_fake_00_15_from_00_17_1680262438325_rgb.png,OK,2.2222384641594304,90.9090909090909,0.9993112376882143,excelente,29.0
1680262438627,/nas/antoniodetoro/qwen/Qwen-Image-Edit-Angles-2/datos/MultiViewVisibleImagesHPE_Custom/test/00_15/00_15_1680262438627_rgb.png,/nas/antoniodetoro/qwen/Qwen-Image-Edit-Angles-2/datos/MultiViewVisibleImagesHPE_Custom/00_17/to_00_15/Step_6_fake_00_15_from_00_17_1680262438627_rgb.png,OK,2.404538188670882,93.93939393939394,0.9993725538780074,excelente,29.0
1680262438928,/nas/antoniodetoro/qwen/Qwen-Image-Edit-Angles-2/datos/MultiViewVisibleImagesHPE_Custom/test/00_15/00_15_1680262438928_rgb.png,/nas/antoniodetoro/qwen/Qwen-Image-Edit-Angles-2/datos/MultiViewVisibleImagesHPE_Custom/00_17/to_00_15/Step_6_fake_00_15_from_00_17_1680262438928_rgb.png,OK,2.765299221251414,100.0,0.9992064463683822,excelente,29.0
1680262439229,/nas/antoniodetoro/qwen/Qwen-Image-Edit-Angles-2/datos/MultiViewVisibleImagesHPE_Custom/test/00_15/00_15_1680262439229_rgb.png,/nas/antoniodetoro/qwen/Qwen-Image-Edit-Angles-2/datos/MultiViewVisibleImagesHPE_Custom/00_17/to_00_15/Step_6_fake_00_15_from_00_17_1680262439229_rgb.png,OK,2.243805495876896,100.0,0.9994540025400604,excelente,27.0
1680262439530,/nas/antoniodetoro/qwen/Qwen-Image-Edit-Angles-2/datos/MultiViewVisibleImagesHPE_Custom/test/00_15/00_15_1680262439530_rgb.png,/nas/antoniodetoro/qwen/Qwen-Image-Edit-Angles-2/datos/MultiViewVisibleImagesHPE_Custom/00_17/to_00_15/Step_6_fake_00_15_from_00_17_1680262439530_rgb.png,OK,2.8462084708818427,93.93939393939394,0.9991038255568355,excelente,26.0
1680262439831,/nas/antoniodetoro/qwen/Qwen-Image-Edit-Angles-2/datos/MultiViewVisibleImagesHPE_Custom/test/00_15/00_15_1680262439831_rgb.png,/nas/antoniodetoro/qwen/Qwen-Image-Edit-Angles-2/datos/MultiViewVisibleImagesHPE_Custom/00_17/to_00_15/Step_6_fake_00_15_from_00_17_1680262439831_rgb.png,OK,2.0675161090046252,96.96969696969697,0.9994877322985649,excelente,26.0
1680262440132,/nas/antoniodetoro/qwen/Qwen-Image-Edit-Angles-2/datos/MultiViewVisibleImagesHPE_Custom/test/00_15/00_15_1680262440132_rgb.png,/nas/antoniodetoro/qwen/Qwen-Image-Edit-Angles-2/datos/MultiViewVisibleImagesHPE_Custom/00_17/to_00_15/Step_6_fake_00_15_from_00_17_1680262440132_rgb.png,OK,2.019934743636389,100.0,0.999571988410266,excelente,27.0
1680262440433,/nas/antoniodetoro/qwen/Qwen-Image-Edit-Angles-2/datos/MultiViewVisibleImagesHPE_Custom/test/00_15/00_15_1680262440433_rgb.png,/nas/antoniodetoro/qwen/Qwen-Image-Edit-Angles-2/datos/MultiViewVisibleImagesHPE_Custom/00_17/to_00_15/Step_6_fake_00_15_from_00_17_1680262440433_rgb.png,OK,1.8531917033854233,100.0,0.9996129471447778,excelente,30.0
1680262440734,/nas/antoniodetoro/qwen/Qwen-Image-Edit-Angles-2/datos/MultiViewVisibleImagesHPE_Custom/test/00_15/00_15_1680262440734_rgb.png,/nas/antoniodetoro/qwen/Qwen-Image-Edit-Angles-2/datos/MultiViewVisibleImagesHPE_Custom/00_17/to_00_15/Step_6_fake_00_15_from_00_17_1680262440734_rgb.png,OK,1.9925353797369514,100.0,0.9995551400982754,excelente,29.0
1680262441035,/nas/antoniodetoro/qwen/Qwen-Image-Edit-Angles-2/datos/MultiViewVisibleImagesHPE_Custom/test/00_15/00_15_1680262441035_rgb.png,/nas/antoniodetoro/qwen/Qwen-Image-Edit-Angles-2/datos/MultiViewVisibleImagesHPE_Custom/00_17/to_00_15/Step_6_fake_00_15_from_00_17_1680262441035_rgb.png,OK,2.2834795149676768,96.96969696969697,0.9994057098862533,excelente,29.0
1680262441336,/nas/antoniodetoro/qwen/Qwen-Image-Edit-Angles-2/datos/MultiViewVisibleImagesHPE_Custom/test/00_15/00_15_1680262441336_rgb.png,/nas/antoniodetoro/qwen/Qwen-Image-Edit-Angles-2/datos/MultiViewVisibleImagesHPE_Custom/00_17/to_00_15/Step_6_fake_00_15_from_00_17_1680262441336_rgb.png,OK,2.557210574773097,93.93939393939394,0.9992386341658068,excelente,29.0
1680262441638,/nas/antoniodetoro/qwen/Qwen-Image-Edit-Angles-2/datos/MultiViewVisibleImagesHPE_Custom/test/00_15/00_15_1680262441638_rgb.png,/nas/antoniodetoro/qwen/Qwen-Image-Edit-Angles-2/datos/MultiViewVisibleImagesHPE_Custom/00_17/to_00_15/Step_6_fake_00_15_from_00_17_1680262441638_rgb.png,OK,2.8904559408949133,100.0,0.9991208604413874,excelente,29.0
1680262441939,/nas/antoniodetoro/qwen/Qwen-Image-Edit-Angles-2/datos/MultiViewVisibleImagesHPE_Custom/test/00_15/00_15_1680262441939_rgb.png,/nas/antoniodetoro/qwen/Qwen-Image-Edit-Angles-2/datos/MultiViewVisibleImagesHPE_Custom/00_17/to_00_15/Step_6_fake_00_15_from_00_17_1680262441939_rgb.png,OK,2.2859571141646184,100.0,0.9994452194674331,excelente,29.0
1680262442240,/nas/antoniodetoro/qwen/Qwen-Image-Edit-Angles-2/datos/MultiViewVisibleImagesHPE_Custom/test/00_15/00_15_1680262442240_rgb.png,/nas/antoniodetoro/qwen/Qwen-Image-Edit-Angles-2/datos/MultiViewVisibleImagesHPE_Custom/00_17/to_00_15/Step_6_fake_00_15_from_00_17_1680262442240_rgb.png,OK,4.67882032658293,63.63636363636363,0.9963447217763762,crítico,19.0
1680262442541,/nas/antoniodetoro/qwen/Qwen-Image-Edit-Angles-2/datos/MultiViewVisibleImagesHPE_Custom/test/00_15/00_15_1680262442541_rgb.png,/nas/antoniodetoro/qwen/Qwen-Image-Edit-Angles-2/datos/MultiViewVisibleImagesHPE_Custom/00_17/to_00_15/Step_6_fake_00_15_from_00_17_1680262442541_rgb.png,OK,2.212513892762578,93.93939393939394,0.9993574991552653,excelente,29.0
1680262442843,/nas/antoniodetoro/qwen/Qwen-Image-Edit-Angles-2/datos/MultiViewVisibleImagesHPE_Custom/test/00_15/00_15_1680262442843_rgb.png,/nas/antoniodetoro/qwen/Qwen-Image-Edit-Angles-2/datos/MultiViewVisibleImagesHPE_Custom/00_17/to_00_15/Step_6_fake_00_15_from_00_17_1680262442843_rgb.png,OK,2.895386845934748,100.0,0.9991215631854996,excelente,22.0
1680262443144,/nas/antoniodetoro/qwen/Qwen-Image-Edit-Angles-2/datos/MultiViewVisibleImagesHPE_Custom/test/00_15/00_15_1680262443144_rgb.png,/nas/antoniodetoro/qwen/Qwen-Image-Edit-Angles-2/datos/MultiViewVisibleImagesHPE_Custom/00_17/to_00_15/Step_6_fake_00_15_from_00_17_1680262443144_rgb.png,OK,7.841063165268965,84.84848484848484,0.9757377988584002,aceptable,20.0
1680262443445,/nas/antoniodetoro/qwen/Qwen-Image-Edit-Angles-2/datos/MultiViewVisibleImagesHPE_Custom/test/00_15/00_15_1680262443445_rgb.png,/nas/antoniodetoro/qwen/Qwen-Image-Edit-Angles-2/datos/MultiViewVisibleImagesHPE_Custom/00_17/to_00_15/Step_6_fake_00_15_from_00_17_1680262443445_rgb.png,OK,7.653852181152825,81.81818181818183,0.9742205662247363,aceptable,18.0
1680262444047,/nas/antoniodetoro/qwen/Qwen-Image-Edit-Angles-2/datos/MultiViewVisibleImagesHPE_Custom/test/00_15/00_15_1680262444047_rgb.png,/nas/antoniodetoro/qwen/Qwen-Image-Edit-Angles-2/datos/MultiViewVisibleImagesHPE_Custom/00_17/to_00_15/Step_6_fake_00_15_from_00_17_1680262444047_rgb.png,OK,6.410150988221355,84.84848484848484,0.9820428959471935,aceptable,20.0
1680262444348,/nas/antoniodetoro/qwen/Qwen-Image-Edit-Angles-2/datos/MultiViewVisibleImagesHPE_Custom/test/00_15/00_15_1680262444348_rgb.png,/nas/antoniodetoro/qwen/Qwen-Image-Edit-Angles-2/datos/MultiViewVisibleImagesHPE_Custom/00_17/to_00_15/Step_6_fake_00_15_from_00_17_1680262444348_rgb.png,OK,4.415523251603869,72.72727272727273,0.9967823989662836,aceptable,20.0
1680262444649,/nas/antoniodetoro/qwen/Qwen-Image-Edit-Angles-2/datos/MultiViewVisibleImagesHPE_Custom/test/00_15/00_15_1680262444649_rgb.png,/nas/antoniodetoro/qwen/Qwen-Image-Edit-Angles-2/datos/MultiViewVisibleImagesHPE_Custom/00_17/to_00_15/Step_6_fake_00_15_from_00_17_1680262444649_rgb.png,OK,5.1049383547933385,72.72727272727273,0.9949928314718235,aceptable,20.0
1680262444950,/nas/antoniodetoro/qwen/Qwen-Image-Edit-Angles-2/datos/MultiViewVisibleImagesHPE_Custom/test/00_15/00_15_1680262444950_rgb.png,/nas/antoniodetoro/qwen/Qwen-Image-Edit-Angles-2/datos/MultiViewVisibleImagesHPE_Custom/00_17/to_00_15/Step_6_fake_00_15_from_00_17_1680262444950_rgb.png,OK,6.19360095935529,84.84848484848484,0.984822275663667,aceptable,22.0
1680262445251,/nas/antoniodetoro/qwen/Qwen-Image-Edit-Angles-2/datos/MultiViewVisibleImagesHPE_Custom/test/00_15/00_15_1680262445251_rgb.png,/nas/antoniodetoro/qwen/Qwen-Image-Edit-Angles-2/datos/MultiViewVisibleImagesHPE_Custom/00_17/to_00_15/Step_6_fake_00_15_from_00_17_1680262445251_rgb.png,OK,2.8896373432740154,87.87878787878788,0.9988400067449615,aceptable,20.0
1680262445552,/nas/antoniodetoro/qwen/Qwen-Image-Edit-Angles-2/datos/MultiViewVisibleImagesHPE_Custom/test/00_15/00_15_1680262445552_rgb.png,/nas/antoniodetoro/qwen/Qwen-Image-Edit-Angles-2/datos/MultiViewVisibleImagesHPE_Custom/00_17/to_00_15/Step_6_fake_00_15_from_00_17_1680262445552_rgb.png,OK,2.394997420878945,100.0,0.9993437459646815,excelente,20.0
1680262445854,/nas/antoniodetoro/qwen/Qwen-Image-Edit-Angles-2/datos/MultiViewVisibleImagesHPE_Custom/test/00_15/00_15_1680262445854_rgb.png,/nas/antoniodetoro/qwen/Qwen-Image-Edit-Angles-2/datos/MultiViewVisibleImagesHPE_Custom/00_17/to_00_15/Step_6_fake_00_15_from_00_17_1680262445854_rgb.png,OK,2.75450683854271,87.87878787878788,0.9990848298749954,aceptable,32.0
1680262446155,/nas/antoniodetoro/qwen/Qwen-Image-Edit-Angles-2/datos/MultiViewVisibleImagesHPE_Custom/test/00_15/00_15_1680262446155_rgb.png,/nas/antoniodetoro/qwen/Qwen-Image-Edit-Angles-2/datos/MultiViewVisibleImagesHPE_Custom/00_17/to_00_15/Step_6_fake_00_15_from_00_17_1680262446155_rgb.png,OK,3.1498307701716604,87.87878787878788,0.9984491084409786,aceptable,19.0
1680262446456,/nas/antoniodetoro/qwen/Qwen-Image-Edit-Angles-2/datos/MultiViewVisibleImagesHPE_Custom/test/00_15/00_15_1680262446456_rgb.png,/nas/antoniodetoro/qwen/Qwen-Image-Edit-Angles-2/datos/MultiViewVisibleImagesHPE_Custom/00_17/to_00_15/Step_6_fake_00_15_from_00_17_1680262446456_rgb.png,OK,2.1612537804659278,100.0,0.9994738347772352,excelente,26.0
1680262446757,/nas/antoniodetoro/qwen/Qwen-Image-Edit-Angles-2/datos/MultiViewVisibleImagesHPE_Custom/test/00_15/00_15_1680262446757_rgb.png,/nas/antoniodetoro/qwen/Qwen-Image-Edit-Angles-2/datos/MultiViewVisibleImagesHPE_Custom/00_17/to_00_15/Step_6_fake_00_15_from_00_17_1680262446757_rgb.png,OK,2.700569797124543,100.0,0.9991655461009912,excelente,29.0
1680262447058,/nas/antoniodetoro/qwen/Qwen-Image-Edit-Angles-2/datos/MultiViewVisibleImagesHPE_Custom/test/00_15/00_15_1680262447058_rgb.png,/nas/antoniodetoro/qwen/Qwen-Image-Edit-Angles-2/datos/MultiViewVisibleImagesHPE_Custom/00_17/to_00_15/Step_6_fake_00_15_from_00_17_1680262447058_rgb.png,OK,2.311412824688762,90.9090909090909,0.9995056730668884,excelente,29.0
1680262447359,/nas/antoniodetoro/qwen/Qwen-Image-Edit-Angles-2/datos/MultiViewVisibleImagesHPE_Custom/test/00_15/00_15_1680262447359_rgb.png,/nas/antoniodetoro/qwen/Qwen-Image-Edit-Angles-2/datos/MultiViewVisibleImagesHPE_Custom/00_17/to_00_15/Step_6_fake_00_15_from_00_17_1680262447359_rgb.png,OK,3.579847761356792,84.84848484848484,0.9986299524619836,aceptable,20.0
1680262447660,/nas/antoniodetoro/qwen/Qwen-Image-Edit-Angles-2/datos/MultiViewVisibleImagesHPE_Custom/test/00_15/00_15_1680262447660_rgb.png,/nas/antoniodetoro/qwen/Qwen-Image-Edit-Angles-2/datos/MultiViewVisibleImagesHPE_Custom/00_17/to_00_15/Step_6_fake_00_15_from_00_17_1680262447660_rgb.png,OK,2.5870556587241023,100.0,0.9992982687984279,excelente,27.0
1680262447960,/nas/antoniodetoro/qwen/Qwen-Image-Edit-Angles-2/datos/MultiViewVisibleImagesHPE_Custom/test/00_15/00_15_1680262447960_rgb.png,/nas/antoniodetoro/qwen/Qwen-Image-Edit-Angles-2/datos/MultiViewVisibleImagesHPE_Custom/00_17/to_00_15/Step_6_fake_00_15_from_00_17_1680262447960_rgb.png,OK,3.154199686626493,87.87878787878788,0.9989835226698947,aceptable,18.0
1680262448261,/nas/antoniodetoro/qwen/Qwen-Image-Edit-Angles-2/datos/MultiViewVisibleImagesHPE_Custom/test/00_15/00_15_1680262448261_rgb.png,/nas/antoniodetoro/qwen/Qwen-Image-Edit-Angles-2/datos/MultiViewVisibleImagesHPE_Custom/00_17/to_00_15/Step_6_fake_00_15_from_00_17_1680262448261_rgb.png,OK,3.2692215356449132,96.96969696969697,0.9988226118041847,excelente,20.0
1680262448562,/nas/antoniodetoro/qwen/Qwen-Image-Edit-Angles-2/datos/MultiViewVisibleImagesHPE_Custom/test/00_15/00_15_1680262448562_rgb.png,/nas/antoniodetoro/qwen/Qwen-Image-Edit-Angles-2/datos/MultiViewVisibleImagesHPE_Custom/00_17/to_00_15/Step_6_fake_00_15_from_00_17_1680262448562_rgb.png,OK,3.41065367045574,96.96969696969697,0.9987035598236389,excelente,32.0
1680262448863,/nas/antoniodetoro/qwen/Qwen-Image-Edit-Angles-2/datos/MultiViewVisibleImagesHPE_Custom/test/00_15/00_15_1680262448863_rgb.png,/nas/antoniodetoro/qwen/Qwen-Image-Edit-Angles-2/datos/MultiViewVisibleImagesHPE_Custom/00_17/to_00_15/Step_6_fake_00_15_from_00_17_1680262448863_rgb.png,OK,3.0644871895586943,100.0,0.9988718821264847,excelente,7.0
1680262449164,/nas/antoniodetoro/qwen/Qwen-Image-Edit-Angles-2/datos/MultiViewVisibleImagesHPE_Custom/test/00_15/00_15_1680262449164_rgb.png,/nas/antoniodetoro/qwen/Qwen-Image-Edit-Angles-2/datos/MultiViewVisibleImagesHPE_Custom/00_17/to_00_15/Step_6_fake_00_15_from_00_17_1680262449164_rgb.png,OK,2.6534609728247847,96.96969696969697,0.9991346786587095,excelente,11.0
1680262449465,/nas/antoniodetoro/qwen/Qwen-Image-Edit-Angles-2/datos/MultiViewVisibleImagesHPE_Custom/test/00_15/00_15_1680262449465_rgb.png,/nas/antoniodetoro/qwen/Qwen-Image-Edit-Angles-2/datos/MultiViewVisibleImagesHPE_Custom/00_17/to_00_15/Step_6_fake_00_15_from_00_17_1680262449465_rgb.png,OK,2.925534044323698,93.93939393939394,0.9988908220337851,excelente,18.0
1680262449766,/nas/antoniodetoro/qwen/Qwen-Image-Edit-Angles-2/datos/MultiViewVisibleImagesHPE_Custom/test/00_15/00_15_1680262449766_rgb.png,/nas/antoniodetoro/qwen/Qwen-Image-Edit-Angles-2/datos/MultiViewVisibleImagesHPE_Custom/00_17/to_00_15/Step_6_fake_00_15_from_00_17_1680262449766_rgb.png,OK,3.5131549852730517,75.75757575757575,0.9981828806644751,aceptable,20.0
1680262450067,/nas/antoniodetoro/qwen/Qwen-Image-Edit-Angles-2/datos/MultiViewVisibleImagesHPE_Custom/test/00_15/00_15_1680262450067_rgb.png,/nas/antoniodetoro/qwen/Qwen-Image-Edit-Angles-2/datos/MultiViewVisibleImagesHPE_Custom/00_17/to_00_15/Step_6_fake_00_15_from_00_17_1680262450067_rgb.png,OK,3.1512560898312714,81.81818181818183,0.9985909760993724,aceptable,20.0
1680262450368,/nas/antoniodetoro/qwen/Qwen-Image-Edit-Angles-2/datos/MultiViewVisibleImagesHPE_Custom/test/00_15/00_15_1680262450368_rgb.png,/nas/antoniodetoro/qwen/Qwen-Image-Edit-Angles-2/datos/MultiViewVisibleImagesHPE_Custom/00_17/to_00_15/Step_6_fake_00_15_from_00_17_1680262450368_rgb.png,OK,2.9822249155459715,93.93939393939394,0.9989126497220943,excelente,20.0
1680262450669,/nas/antoniodetoro/qwen/Qwen-Image-Edit-Angles-2/datos/MultiViewVisibleImagesHPE_Custom/test/00_15/00_15_1680262450669_rgb.png,/nas/antoniodetoro/qwen/Qwen-Image-Edit-Angles-2/datos/MultiViewVisibleImagesHPE_Custom/00_17/to_00_15/Step_6_fake_00_15_from_00_17_1680262450669_rgb.png,OK,2.35388752133573,96.96969696969697,0.9992759333295832,excelente,11.0
1680262450970,/nas/antoniodetoro/qwen/Qwen-Image-Edit-Angles-2/datos/MultiViewVisibleImagesHPE_Custom/test/00_15/00_15_1680262450970_rgb.png,/nas/antoniodetoro/qwen/Qwen-Image-Edit-Angles-2/datos/MultiViewVisibleImagesHPE_Custom/00_17/to_00_15/Step_6_fake_00_15_from_00_17_1680262450970_rgb.png,OK,2.8108600020046337,96.96969696969697,0.9990401522915195,excelente,11.0
1680262451271,/nas/antoniodetoro/qwen/Qwen-Image-Edit-Angles-2/datos/MultiViewVisibleImagesHPE_Custom/test/00_15/00_15_1680262451271_rgb.png,/nas/antoniodetoro/qwen/Qwen-Image-Edit-Angles-2/datos/MultiViewVisibleImagesHPE_Custom/00_17/to_00_15/Step_6_fake_00_15_from_00_17_1680262451271_rgb.png,OK,3.247701049774805,84.84848484848484,0.998716490046122,aceptable,11.0
1680262451572,/nas/antoniodetoro/qwen/Qwen-Image-Edit-Angles-2/datos/MultiViewVisibleImagesHPE_Custom/test/00_15/00_15_1680262451572_rgb.png,/nas/antoniodetoro/qwen/Qwen-Image-Edit-Angles-2/datos/MultiViewVisibleImagesHPE_Custom/00_17/to_00_15/Step_6_fake_00_15_from_00_17_1680262451572_rgb.png,OK,2.961934764747423,87.87878787878788,0.9988371815889994,aceptable,11.0
1680262451874,/nas/antoniodetoro/qwen/Qwen-Image-Edit-Angles-2/datos/MultiViewVisibleImagesHPE_Custom/test/00_15/00_15_1680262451874_rgb.png,/nas/antoniodetoro/qwen/Qwen-Image-Edit-Angles-2/datos/MultiViewVisibleImagesHPE_Custom/00_17/to_00_15/Step_6_fake_00_15_from_00_17_1680262451874_rgb.png,OK,2.853719321179651,90.9090909090909,0.9989945265575688,excelente,18.0
1680262452175,/nas/antoniodetoro/qwen/Qwen-Image-Edit-Angles-2/datos/MultiViewVisibleImagesHPE_Custom/test/00_15/00_15_1680262452175_rgb.png,/nas/antoniodetoro/qwen/Qwen-Image-Edit-Angles-2/datos/MultiViewVisibleImagesHPE_Custom/00_17/to_00_15/Step_6_fake_00_15_from_00_17_1680262452175_rgb.png,OK,2.8173818712900034,93.93939393939394,0.9990361442685537,excelente,11.0
1680262452476,/nas/antoniodetoro/qwen/Qwen-Image-Edit-Angles-2/datos/MultiViewVisibleImagesHPE_Custom/test/00_15/00_15_1680262452476_rgb.png,/nas/antoniodetoro/qwen/Qwen-Image-Edit-Angles-2/datos/MultiViewVisibleImagesHPE_Custom/00_17/to_00_15/Step_6_fake_00_15_from_00_17_1680262452476_rgb.png,OK,2.091653941680503,96.96969696969697,0.9993695185116396,excelente,27.0
1680262452776,/nas/antoniodetoro/qwen/Qwen-Image-Edit-Angles-2/datos/MultiViewVisibleImagesHPE_Custom/test/00_15/00_15_1680262452776_rgb.png,/nas/antoniodetoro/qwen/Qwen-Image-Edit-Angles-2/datos/MultiViewVisibleImagesHPE_Custom/00_17/to_00_15/Step_6_fake_00_15_from_00_17_1680262452776_rgb.png,OK,2.861265850986801,93.93939393939394,0.9989952968787891,excelente,26.0
1680262453078,/nas/antoniodetoro/qwen/Qwen-Image-Edit-Angles-2/datos/MultiViewVisibleImagesHPE_Custom/test/00_15/00_15_1680262453078_rgb.png,/nas/antoniodetoro/qwen/Qwen-Image-Edit-Angles-2/datos/MultiViewVisibleImagesHPE_Custom/00_17/to_00_15/Step_6_fake_00_15_from_00_17_1680262453078_rgb.png,OK,1.907468760944992,100.0,0.9994729451114736,excelente,14.0
1680262453379,/nas/antoniodetoro/qwen/Qwen-Image-Edit-Angles-2/datos/MultiViewVisibleImagesHPE_Custom/test/00_15/00_15_1680262453379_rgb.png,/nas/antoniodetoro/qwen/Qwen-Image-Edit-Angles-2/datos/MultiViewVisibleImagesHPE_Custom/00_17/to_00_15/Step_6_fake_00_15_from_00_17_1680262453379_rgb.png,OK,2.7174372313863486,100.0,0.9991875897498763,excelente,31.0
1680262453680,/nas/antoniodetoro/qwen/Qwen-Image-Edit-Angles-2/datos/MultiViewVisibleImagesHPE_Custom/test/00_15/00_15_1680262453680_rgb.png,/nas/antoniodetoro/qwen/Qwen-Image-Edit-Angles-2/datos/MultiViewVisibleImagesHPE_Custom/00_17/to_00_15/Step_6_fake_00_15_from_00_17_1680262453680_rgb.png,OK,3.20583832940325,84.84848484848484,0.9988099123454068,aceptable,20.0
1680262453981,/nas/antoniodetoro/qwen/Qwen-Image-Edit-Angles-2/datos/MultiViewVisibleImagesHPE_Custom/test/00_15/00_15_1680262453981_rgb.png,/nas/antoniodetoro/qwen/Qwen-Image-Edit-Angles-2/datos/MultiViewVisibleImagesHPE_Custom/00_17/to_00_15/Step_6_fake_00_15_from_00_17_1680262453981_rgb.png,OK,2.621685531824625,90.9090909090909,0.9991737022912417,excelente,29.0
1680262454282,/nas/antoniodetoro/qwen/Qwen-Image-Edit-Angles-2/datos/MultiViewVisibleImagesHPE_Custom/test/00_15/00_15_1680262454282_rgb.png,/nas/antoniodetoro/qwen/Qwen-Image-Edit-Angles-2/datos/MultiViewVisibleImagesHPE_Custom/00_17/to_00_15/Step_6_fake_00_15_from_00_17_1680262454282_rgb.png,OK,2.5657763265621245,100.0,0.9993382241170442,excelente,18.0
1680262454583,/nas/antoniodetoro/qwen/Qwen-Image-Edit-Angles-2/datos/MultiViewVisibleImagesHPE_Custom/test/00_15/00_15_1680262454583_rgb.png,/nas/antoniodetoro/qwen/Qwen-Image-Edit-Angles-2/datos/MultiViewVisibleImagesHPE_Custom/00_17/to_00_15/Step_6_fake_00_15_from_00_17_1680262454583_rgb.png,OK,2.8287375404207054,93.93939393939394,0.9991316902762777,excelente,18.0
1680262454884,/nas/antoniodetoro/qwen/Qwen-Image-Edit-Angles-2/datos/MultiViewVisibleImagesHPE_Custom/test/00_15/00_15_1680262454884_rgb.png,/nas/antoniodetoro/qwen/Qwen-Image-Edit-Angles-2/datos/MultiViewVisibleImagesHPE_Custom/00_17/to_00_15/Step_6_fake_00_15_from_00_17_1680262454884_rgb.png,OK,2.548353381007644,90.9090909090909,0.9994226879299857,excelente,31.0
1680262455185,/nas/antoniodetoro/qwen/Qwen-Image-Edit-Angles-2/datos/MultiViewVisibleImagesHPE_Custom/test/00_15/00_15_1680262455185_rgb.png,/nas/antoniodetoro/qwen/Qwen-Image-Edit-Angles-2/datos/MultiViewVisibleImagesHPE_Custom/00_17/to_00_15/Step_6_fake_00_15_from_00_17_1680262455185_rgb.png,OK,2.9835598207701732,87.87878787878788,0.9990741461012242,aceptable,21.0
1680262455486,/nas/antoniodetoro/qwen/Qwen-Image-Edit-Angles-2/datos/MultiViewVisibleImagesHPE_Custom/test/00_15/00_15_1680262455486_rgb.png,/nas/antoniodetoro/qwen/Qwen-Image-Edit-Angles-2/datos/MultiViewVisibleImagesHPE_Custom/00_17/to_00_15/Step_6_fake_00_15_from_00_17_1680262455486_rgb.png,OK,3.54944551256388,96.96969696969697,0.9988492480526803,excelente,27.0
1680262455787,/nas/antoniodetoro/qwen/Qwen-Image-Edit-Angles-2/datos/MultiViewVisibleImagesHPE_Custom/test/00_15/00_15_1680262455787_rgb.png,/nas/antoniodetoro/qwen/Qwen-Image-Edit-Angles-2/datos/MultiViewVisibleImagesHPE_Custom/00_17/to_00_15/Step_6_fake_00_15_from_00_17_1680262455787_rgb.png,OK,3.7066839369715887,96.96969696969697,0.9986685494975532,excelente,27.0
1680262456088,/nas/antoniodetoro/qwen/Qwen-Image-Edit-Angles-2/datos/MultiViewVisibleImagesHPE_Custom/test/00_15/00_15_1680262456088_rgb.png,/nas/antoniodetoro/qwen/Qwen-Image-Edit-Angles-2/datos/MultiViewVisibleImagesHPE_Custom/00_17/to_00_15/Step_6_fake_00_15_from_00_17_1680262456088_rgb.png,OK,3.5119916946296974,100.0,0.9988213811432733,excelente,21.0
1680262456389,/nas/antoniodetoro/qwen/Qwen-Image-Edit-Angles-2/datos/MultiViewVisibleImagesHPE_Custom/test/00_15/00_15_1680262456389_rgb.png,/nas/antoniodetoro/qwen/Qwen-Image-Edit-Angles-2/datos/MultiViewVisibleImagesHPE_Custom/00_17/to_00_15/Step_6_fake_00_15_from_00_17_1680262456389_rgb.png,OK,3.2882772349854865,93.93939393939394,0.9990039279171126,excelente,21.0
1680262456690,/nas/antoniodetoro/qwen/Qwen-Image-Edit-Angles-2/datos/MultiViewVisibleImagesHPE_Custom/test/00_15/00_15_1680262456690_rgb.png,/nas/antoniodetoro/qwen/Qwen-Image-Edit-Angles-2/datos/MultiViewVisibleImagesHPE_Custom/00_17/to_00_15/Step_6_fake_00_15_from_00_17_1680262456690_rgb.png,OK,3.1628626836006153,81.81818181818183,0.9989379899355474,aceptable,26.0
1680262456991,/nas/antoniodetoro/qwen/Qwen-Image-Edit-Angles-2/datos/MultiViewVisibleImagesHPE_Custom/test/00_15/00_15_1680262456991_rgb.png,/nas/antoniodetoro/qwen/Qwen-Image-Edit-Angles-2/datos/MultiViewVisibleImagesHPE_Custom/00_17/to_00_15/Step_6_fake_00_15_from_00_17_1680262456991_rgb.png,OK,2.575139494683322,100.0,0.9992541319477078,excelente,17.0
1680262457292,/nas/antoniodetoro/qwen/Qwen-Image-Edit-Angles-2/datos/MultiViewVisibleImagesHPE_Custom/test/00_15/00_15_1680262457292_rgb.png,/nas/antoniodetoro/qwen/Qwen-Image-Edit-Angles-2/datos/MultiViewVisibleImagesHPE_Custom/00_17/to_00_15/Step_6_fake_00_15_from_00_17_1680262457292_rgb.png,OK,3.455426162873733,100.0,0.9987791011135054,excelente,18.0
1680262457593,/nas/antoniodetoro/qwen/Qwen-Image-Edit-Angles-2/datos/MultiViewVisibleImagesHPE_Custom/test/00_15/00_15_1680262457593_rgb.png,/nas/antoniodetoro/qwen/Qwen-Image-Edit-Angles-2/datos/MultiViewVisibleImagesHPE_Custom/00_17/to_00_15/Step_6_fake_00_15_from_00_17_1680262457593_rgb.png,OK,3.2229981672021784,100.0,0.9989320782002625,excelente,11.0
1680262458195,/nas/antoniodetoro/qwen/Qwen-Image-Edit-Angles-2/datos/MultiViewVisibleImagesHPE_Custom/test/00_15/00_15_1680262458195_rgb.png,/nas/antoniodetoro/qwen/Qwen-Image-Edit-Angles-2/datos/MultiViewVisibleImagesHPE_Custom/00_17/to_00_15/Step_6_fake_00_15_from_00_17_1680262458195_rgb.png,OK,3.554918174989993,93.93939393939394,0.998705770015276,excelente,13.0
1680262458496,/nas/antoniodetoro/qwen/Qwen-Image-Edit-Angles-2/datos/MultiViewVisibleImagesHPE_Custom/test/00_15/00_15_1680262458496_rgb.png,/nas/antoniodetoro/qwen/Qwen-Image-Edit-Angles-2/datos/MultiViewVisibleImagesHPE_Custom/00_17/to_00_15/Step_6_fake_00_15_from_00_17_1680262458496_rgb.png,OK,2.984362790864204,96.96969696969697,0.9990528567771142,excelente,19.0
1680262458797,/nas/antoniodetoro/qwen/Qwen-Image-Edit-Angles-2/datos/MultiViewVisibleImagesHPE_Custom/test/00_15/00_15_1680262458797_rgb.png,/nas/antoniodetoro/qwen/Qwen-Image-Edit-Angles-2/datos/MultiViewVisibleImagesHPE_Custom/00_17/to_00_15/Step_6_fake_00_15_from_00_17_1680262458797_rgb.png,OK,2.875841107764897,93.93939393939394,0.9991950620257052,excelente,17.0
1680262459098,/nas/antoniodetoro/qwen/Qwen-Image-Edit-Angles-2/datos/MultiViewVisibleImagesHPE_Custom/test/00_15/00_15_1680262459098_rgb.png,/nas/antoniodetoro/qwen/Qwen-Image-Edit-Angles-2/datos/MultiViewVisibleImagesHPE_Custom/00_17/to_00_15/Step_6_fake_00_15_from_00_17_1680262459098_rgb.png,OK,2.581965281491946,87.87878787878788,0.9990644622060669,aceptable,19.0
1680262459399,/nas/antoniodetoro/qwen/Qwen-Image-Edit-Angles-2/datos/MultiViewVisibleImagesHPE_Custom/test/00_15/00_15_1680262459399_rgb.png,/nas/antoniodetoro/qwen/Qwen-Image-Edit-Angles-2/datos/MultiViewVisibleImagesHPE_Custom/00_17/to_00_15/Step_6_fake_00_15_from_00_17_1680262459399_rgb.png,OK,3.1194990510053193,87.87878787878788,0.998933671534108,aceptable,19.0
1680262459700,/nas/antoniodetoro/qwen/Qwen-Image-Edit-Angles-2/datos/MultiViewVisibleImagesHPE_Custom/test/00_15/00_15_1680262459700_rgb.png,/nas/antoniodetoro/qwen/Qwen-Image-Edit-Angles-2/datos/MultiViewVisibleImagesHPE_Custom/00_17/to_00_15/Step_6_fake_00_15_from_00_17_1680262459700_rgb.png,OK,4.618457669365717,66.66666666666666,0.9978737650677567,crítico,13.0
1680262460001,/nas/antoniodetoro/qwen/Qwen-Image-Edit-Angles-2/datos/MultiViewVisibleImagesHPE_Custom/test/00_15/00_15_1680262460001_rgb.png,/nas/antoniodetoro/qwen/Qwen-Image-Edit-Angles-2/datos/MultiViewVisibleImagesHPE_Custom/00_17/to_00_15/Step_6_fake_00_15_from_00_17_1680262460001_rgb.png,OK,3.9990722950906594,87.87878787878788,0.9983929339419014,aceptable,20.0
1680262460302,/nas/antoniodetoro/qwen/Qwen-Image-Edit-Angles-2/datos/MultiViewVisibleImagesHPE_Custom/test/00_15/00_15_1680262460302_rgb.png,/nas/antoniodetoro/qwen/Qwen-Image-Edit-Angles-2/datos/MultiViewVisibleImagesHPE_Custom/00_17/to_00_15/Step_6_fake_00_15_from_00_17_1680262460302_rgb.png,OK,4.217016102202283,81.81818181818183,0.9982419674405052,aceptable,20.0
1680262460603,/nas/antoniodetoro/qwen/Qwen-Image-Edit-Angles-2/datos/MultiViewVisibleImagesHPE_Custom/test/00_15/00_15_1680262460603_rgb.png,/nas/antoniodetoro/qwen/Qwen-Image-Edit-Angles-2/datos/MultiViewVisibleImagesHPE_Custom/00_17/to_00_15/Step_6_fake_00_15_from_00_17_1680262460603_rgb.png,OK,3.5712251053932373,90.9090909090909,0.9986746305443325,excelente,20.0
1680262460904,/nas/antoniodetoro/qwen/Qwen-Image-Edit-Angles-2/datos/MultiViewVisibleImagesHPE_Custom/test/00_15/00_15_1680262460904_rgb.png,/nas/antoniodetoro/qwen/Qwen-Image-Edit-Angles-2/datos/MultiViewVisibleImagesHPE_Custom/00_17/to_00_15/Step_6_fake_00_15_from_00_17_1680262460904_rgb.png,OK,3.2216394996349007,100.0,0.9989257885171549,excelente,17.0
1680262461205,/nas/antoniodetoro/qwen/Qwen-Image-Edit-Angles-2/datos/MultiViewVisibleImagesHPE_Custom/test/00_15/00_15_1680262461205_rgb.png,/nas/antoniodetoro/qwen/Qwen-Image-Edit-Angles-2/datos/MultiViewVisibleImagesHPE_Custom/00_17/to_00_15/Step_6_fake_00_15_from_00_17_1680262461205_rgb.png,OK,4.380102961332176,78.78787878787878,0.9980450726247687,aceptable,22.0
1680262461506,/nas/antoniodetoro/qwen/Qwen-Image-Edit-Angles-2/datos/MultiViewVisibleImagesHPE_Custom/test/00_15/00_15_1680262461506_rgb.png,/nas/antoniodetoro/qwen/Qwen-Image-Edit-Angles-2/datos/MultiViewVisibleImagesHPE_Custom/00_17/to_00_15/Step_6_fake_00_15_from_00_17_1680262461506_rgb.png,OK,2.5103244915913687,84.84848484848484,0.9989614516950273,aceptable,20.0
1680262461807,/nas/antoniodetoro/qwen/Qwen-Image-Edit-Angles-2/datos/MultiViewVisibleImagesHPE_Custom/test/00_15/00_15_1680262461807_rgb.png,/nas/antoniodetoro/qwen/Qwen-Image-Edit-Angles-2/datos/MultiViewVisibleImagesHPE_Custom/00_17/to_00_15/Step_6_fake_00_15_from_00_17_1680262461807_rgb.png,OK,3.2595076523117377,90.9090909090909,0.9988090074632838,excelente,31.0
1680262462108,/nas/antoniodetoro/qwen/Qwen-Image-Edit-Angles-2/datos/MultiViewVisibleImagesHPE_Custom/test/00_15/00_15_1680262462108_rgb.png,/nas/antoniodetoro/qwen/Qwen-Image-Edit-Angles-2/datos/MultiViewVisibleImagesHPE_Custom/00_17/to_00_15/Step_6_fake_00_15_from_00_17_1680262462108_rgb.png,OK,3.0162665437754663,81.81818181818183,0.9986997498223376,aceptable,29.0
1680262462409,/nas/antoniodetoro/qwen/Qwen-Image-Edit-Angles-2/datos/MultiViewVisibleImagesHPE_Custom/test/00_15/00_15_1680262462409_rgb.png,/nas/antoniodetoro/qwen/Qwen-Image-Edit-Angles-2/datos/MultiViewVisibleImagesHPE_Custom/00_17/to_00_15/Step_6_fake_00_15_from_00_17_1680262462409_rgb.png,OK,3.634802944562102,75.75757575757575,0.9980083911595297,aceptable,17.0
1680262462710,/nas/antoniodetoro/qwen/Qwen-Image-Edit-Angles-2/datos/MultiViewVisibleImagesHPE_Custom/test/00_15/00_15_1680262462710_rgb.png,/nas/antoniodetoro/qwen/Qwen-Image-Edit-Angles-2/datos/MultiViewVisibleImagesHPE_Custom/00_17/to_00_15/Step_6_fake_00_15_from_00_17_1680262462710_rgb.png,OK,4.17050911480397,51.515151515151516,0.9978239260567175,crítico,24.0
1680262463011,/nas/antoniodetoro/qwen/Qwen-Image-Edit-Angles-2/datos/MultiViewVisibleImagesHPE_Custom/test/00_15/00_15_1680262463011_rgb.png,/nas/antoniodetoro/qwen/Qwen-Image-Edit-Angles-2/datos/MultiViewVisibleImagesHPE_Custom/00_17/to_00_15/Step_6_fake_00_15_from_00_17_1680262463011_rgb.png,OK,5.79652998653029,54.54545454545454,0.9950794904721018,crítico,17.0
1680262463312,/nas/antoniodetoro/qwen/Qwen-Image-Edit-Angles-2/datos/MultiViewVisibleImagesHPE_Custom/test/00_15/00_15_1680262463312_rgb.png,/nas/antoniodetoro/qwen/Qwen-Image-Edit-Angles-2/datos/MultiViewVisibleImagesHPE_Custom/00_17/to_00_15/Step_6_fake_00_15_from_00_17_1680262463312_rgb.png,OK,5.836949232744185,60.60606060606061,0.9964028227098072,crítico,13.0
1680262463613,/nas/antoniodetoro/qwen/Qwen-Image-Edit-Angles-2/datos/MultiViewVisibleImagesHPE_Custom/test/00_15/00_15_1680262463613_rgb.png,/nas/antoniodetoro/qwen/Qwen-Image-Edit-Angles-2/datos/MultiViewVisibleImagesHPE_Custom/00_17/to_00_15/Step_6_fake_00_15_from_00_17_1680262463613_rgb.png,OK,6.448146281601603,51.515151515151516,0.9950367509755129,crítico,17.0
1680262463914,/nas/antoniodetoro/qwen/Qwen-Image-Edit-Angles-2/datos/MultiViewVisibleImagesHPE_Custom/test/00_15/00_15_1680262463914_rgb.png,/nas/antoniodetoro/qwen/Qwen-Image-Edit-Angles-2/datos/MultiViewVisibleImagesHPE_Custom/00_17/to_00_15/Step_6_fake_00_15_from_00_17_1680262463914_rgb.png,OK,5.499321800476944,45.45454545454545,0.9962232221502095,crítico,17.0
1680262464215,/nas/antoniodetoro/qwen/Qwen-Image-Edit-Angles-2/datos/MultiViewVisibleImagesHPE_Custom/test/00_15/00_15_1680262464215_rgb.png,/nas/antoniodetoro/qwen/Qwen-Image-Edit-Angles-2/datos/MultiViewVisibleImagesHPE_Custom/00_17/to_00_15/Step_6_fake_00_15_from_00_17_1680262464215_rgb.png,OK,1.9296325518481567,93.93939393939394,0.9995031677187286,excelente,32.0
1680262464516,/nas/antoniodetoro/qwen/Qwen-Image-Edit-Angles-2/datos/MultiViewVisibleImagesHPE_Custom/test/00_15/00_15_1680262464516_rgb.png,/nas/antoniodetoro/qwen/Qwen-Image-Edit-Angles-2/datos/MultiViewVisibleImagesHPE_Custom/00_17/to_00_15/Step_6_fake_00_15_from_00_17_1680262464516_rgb.png,OK,2.4001438717499846,87.87878787878788,0.9992334902115908,aceptable,20.0
1680262464817,/nas/antoniodetoro/qwen/Qwen-Image-Edit-Angles-2/datos/MultiViewVisibleImagesHPE_Custom/test/00_15/00_15_1680262464817_rgb.png,/nas/antoniodetoro/qwen/Qwen-Image-Edit-Angles-2/datos/MultiViewVisibleImagesHPE_Custom/00_17/to_00_15/Step_6_fake_00_15_from_00_17_1680262464817_rgb.png,OK,2.68931626370759,96.96969696969697,0.9991440272194145,excelente,20.0
1680262465118,/nas/antoniodetoro/qwen/Qwen-Image-Edit-Angles-2/datos/MultiViewVisibleImagesHPE_Custom/test/00_15/00_15_1680262465118_rgb.png,/nas/antoniodetoro/qwen/Qwen-Image-Edit-Angles-2/datos/MultiViewVisibleImagesHPE_Custom/00_17/to_00_15/Step_6_fake_00_15_from_00_17_1680262465118_rgb.png,OK,2.674273796476515,84.84848484848484,0.9991849944835962,aceptable,30.0
1680262465419,/nas/antoniodetoro/qwen/Qwen-Image-Edit-Angles-2/datos/MultiViewVisibleImagesHPE_Custom/test/00_15/00_15_1680262465419_rgb.png,/nas/antoniodetoro/qwen/Qwen-Image-Edit-Angles-2/datos/MultiViewVisibleImagesHPE_Custom/00_17/to_00_15/Step_6_fake_00_15_from_00_17_1680262465419_rgb.png,OK,2.672083588682637,93.93939393939394,0.9992353982490153,excelente,30.0
1680262465720,/nas/antoniodetoro/qwen/Qwen-Image-Edit-Angles-2/datos/MultiViewVisibleImagesHPE_Custom/test/00_15/00_15_1680262465720_rgb.png,/nas/antoniodetoro/qwen/Qwen-Image-Edit-Angles-2/datos/MultiViewVisibleImagesHPE_Custom/00_17/to_00_15/Step_6_fake_00_15_from_00_17_1680262465720_rgb.png,OK,2.8413898125893198,93.93939393939394,0.9991731951463226,excelente,31.0
1680262466021,/nas/antoniodetoro/qwen/Qwen-Image-Edit-Angles-2/datos/MultiViewVisibleImagesHPE_Custom/test/00_15/00_15_1680262466021_rgb.png,/nas/antoniodetoro/qwen/Qwen-Image-Edit-Angles-2/datos/MultiViewVisibleImagesHPE_Custom/00_17/to_00_15/Step_6_fake_00_15_from_00_17_1680262466021_rgb.png,OK,8.647661338840749,21.21212121212121,0.9908477035524524,crítico,19.0
1680262466322,/nas/antoniodetoro/qwen/Qwen-Image-Edit-Angles-2/datos/MultiViewVisibleImagesHPE_Custom/test/00_15/00_15_1680262466322_rgb.png,/nas/antoniodetoro/qwen/Qwen-Image-Edit-Angles-2/datos/MultiViewVisibleImagesHPE_Custom/00_17/to_00_15/Step_6_fake_00_15_from_00_17_1680262466322_rgb.png,OK,6.569859787490077,45.45454545454545,0.9960861397087586,crítico,18.0
1680262466623,/nas/antoniodetoro/qwen/Qwen-Image-Edit-Angles-2/datos/MultiViewVisibleImagesHPE_Custom/test/00_15/00_15_1680262466623_rgb.png,/nas/antoniodetoro/qwen/Qwen-Image-Edit-Angles-2/datos/MultiViewVisibleImagesHPE_Custom/00_17/to_00_15/Step_6_fake_00_15_from_00_17_1680262466623_rgb.png,OK,15.16813561529004,3.0303030303030303,0.9778650030813648,crítico,19.0
1680262466924,/nas/antoniodetoro/qwen/Qwen-Image-Edit-Angles-2/datos/MultiViewVisibleImagesHPE_Custom/test/00_15/00_15_1680262466924_rgb.png,/nas/antoniodetoro/qwen/Qwen-Image-Edit-Angles-2/datos/MultiViewVisibleImagesHPE_Custom/00_17/to_00_15/Step_6_fake_00_15_from_00_17_1680262466924_rgb.png,OK,9.603399622661083,39.39393939393939,0.9896596752250784,crítico,20.0
1680262467225,/nas/antoniodetoro/qwen/Qwen-Image-Edit-Angles-2/datos/MultiViewVisibleImagesHPE_Custom/test/00_15/00_15_1680262467225_rgb.png,/nas/antoniodetoro/qwen/Qwen-Image-Edit-Angles-2/datos/MultiViewVisibleImagesHPE_Custom/00_17/to_00_15/Step_6_fake_00_15_from_00_17_1680262467225_rgb.png,OK,11.777565989787794,6.0606060606060606,0.9898521071246099,crítico,20.0
1680262467526,/nas/antoniodetoro/qwen/Qwen-Image-Edit-Angles-2/datos/MultiViewVisibleImagesHPE_Custom/test/00_15/00_15_1680262467526_rgb.png,/nas/antoniodetoro/qwen/Qwen-Image-Edit-Angles-2/datos/MultiViewVisibleImagesHPE_Custom/00_17/to_00_15/Step_6_fake_00_15_from_00_17_1680262467526_rgb.png,OK,7.702636166488487,48.484848484848484,0.9919220193054206,crítico,20.0
1680262467827,/nas/antoniodetoro/qwen/Qwen-Image-Edit-Angles-2/datos/MultiViewVisibleImagesHPE_Custom/test/00_15/00_15_1680262467827_rgb.png,/nas/antoniodetoro/qwen/Qwen-Image-Edit-Angles-2/datos/MultiViewVisibleImagesHPE_Custom/00_17/to_00_15/Step_6_fake_00_15_from_00_17_1680262467827_rgb.png,OK,4.2083418461904545,60.60606060606061,0.9973842214928506,crítico,20.0
1680262468128,/nas/antoniodetoro/qwen/Qwen-Image-Edit-Angles-2/datos/MultiViewVisibleImagesHPE_Custom/test/00_15/00_15_1680262468128_rgb.png,/nas/antoniodetoro/qwen/Qwen-Image-Edit-Angles-2/datos/MultiViewVisibleImagesHPE_Custom/00_17/to_00_15/Step_6_fake_00_15_from_00_17_1680262468128_rgb.png,OK,1.6930086208589368,90.9090909090909,0.9995086187954978,excelente,30.0
1680262468429,/nas/antoniodetoro/qwen/Qwen-Image-Edit-Angles-2/datos/MultiViewVisibleImagesHPE_Custom/test/00_15/00_15_1680262468429_rgb.png,/nas/antoniodetoro/qwen/Qwen-Image-Edit-Angles-2/datos/MultiViewVisibleImagesHPE_Custom/00_17/to_00_15/Step_6_fake_00_15_from_00_17_1680262468429_rgb.png,OK,2.5000066047184255,84.84848484848484,0.9992338112819514,aceptable,19.0
1680262468731,/nas/antoniodetoro/qwen/Qwen-Image-Edit-Angles-2/datos/MultiViewVisibleImagesHPE_Custom/test/00_15/00_15_1680262468731_rgb.png,/nas/antoniodetoro/qwen/Qwen-Image-Edit-Angles-2/datos/MultiViewVisibleImagesHPE_Custom/00_17/to_00_15/Step_6_fake_00_15_from_00_17_1680262468731_rgb.png,OK,2.5089177800314224,87.87878787878788,0.9993188622116801,aceptable,15.0
1680262469031,/nas/antoniodetoro/qwen/Qwen-Image-Edit-Angles-2/datos/MultiViewVisibleImagesHPE_Custom/test/00_15/00_15_1680262469031_rgb.png,/nas/antoniodetoro/qwen/Qwen-Image-Edit-Angles-2/datos/MultiViewVisibleImagesHPE_Custom/00_17/to_00_15/Step_6_fake_00_15_from_00_17_1680262469031_rgb.png,OK,3.616190998126746,93.93939393939394,0.9987387742586987,excelente,20.0
1680262469332,/nas/antoniodetoro/qwen/Qwen-Image-Edit-Angles-2/datos/MultiViewVisibleImagesHPE_Custom/test/00_15/00_15_1680262469332_rgb.png,/nas/antoniodetoro/qwen/Qwen-Image-Edit-Angles-2/datos/MultiViewVisibleImagesHPE_Custom/00_17/to_00_15/Step_6_fake_00_15_from_00_17_1680262469332_rgb.png,OK,2.472959549915691,93.93939393939394,0.9993832789238094,excelente,19.0
1680262469633,/nas/antoniodetoro/qwen/Qwen-Image-Edit-Angles-2/datos/MultiViewVisibleImagesHPE_Custom/test/00_15/00_15_1680262469633_rgb.png,/nas/antoniodetoro/qwen/Qwen-Image-Edit-Angles-2/datos/MultiViewVisibleImagesHPE_Custom/00_17/to_00_15/Step_6_fake_00_15_from_00_17_1680262469633_rgb.png,OK,2.711135260897912,100.0,0.9992154921145341,excelente,11.0
1680262469934,/nas/antoniodetoro/qwen/Qwen-Image-Edit-Angles-2/datos/MultiViewVisibleImagesHPE_Custom/test/00_15/00_15_1680262469934_rgb.png,/nas/antoniodetoro/qwen/Qwen-Image-Edit-Angles-2/datos/MultiViewVisibleImagesHPE_Custom/00_17/to_00_15/Step_6_fake_00_15_from_00_17_1680262469934_rgb.png,OK,3.0456648973918132,100.0,0.9989992672694973,excelente,20.0
1680262470235,/nas/antoniodetoro/qwen/Qwen-Image-Edit-Angles-2/datos/MultiViewVisibleImagesHPE_Custom/test/00_15/00_15_1680262470235_rgb.png,/nas/antoniodetoro/qwen/Qwen-Image-Edit-Angles-2/datos/MultiViewVisibleImagesHPE_Custom/00_17/to_00_15/Step_6_fake_00_15_from_00_17_1680262470235_rgb.png,OK,3.1217046222873943,96.96969696969697,0.9990851368225471,excelente,18.0
1680262470837,/nas/antoniodetoro/qwen/Qwen-Image-Edit-Angles-2/datos/MultiViewVisibleImagesHPE_Custom/test/00_15/00_15_1680262470837_rgb.png,/nas/antoniodetoro/qwen/Qwen-Image-Edit-Angles-2/datos/MultiViewVisibleImagesHPE_Custom/00_17/to_00_15/Step_6_fake_00_15_from_00_17_1680262470837_rgb.png,OK,3.0448203188422656,100.0,0.9990722640829333,excelente,31.0
1680262471138,/nas/antoniodetoro/qwen/Qwen-Image-Edit-Angles-2/datos/MultiViewVisibleImagesHPE_Custom/test/00_15/00_15_1680262471138_rgb.png,/nas/antoniodetoro/qwen/Qwen-Image-Edit-Angles-2/datos/MultiViewVisibleImagesHPE_Custom/00_17/to_00_15/Step_6_fake_00_15_from_00_17_1680262471138_rgb.png,OK,3.3585311754710587,96.96969696969697,0.9988352538028923,excelente,27.0
1680262471439,/nas/antoniodetoro/qwen/Qwen-Image-Edit-Angles-2/datos/MultiViewVisibleImagesHPE_Custom/test/00_15/00_15_1680262471439_rgb.png,/nas/antoniodetoro/qwen/Qwen-Image-Edit-Angles-2/datos/MultiViewVisibleImagesHPE_Custom/00_17/to_00_15/Step_6_fake_00_15_from_00_17_1680262471439_rgb.png,OK,2.8422649333896604,100.0,0.999138038590847,excelente,18.0
1680262471739,/nas/antoniodetoro/qwen/Qwen-Image-Edit-Angles-2/datos/MultiViewVisibleImagesHPE_Custom/test/00_15/00_15_1680262471739_rgb.png,/nas/antoniodetoro/qwen/Qwen-Image-Edit-Angles-2/datos/MultiViewVisibleImagesHPE_Custom/00_17/to_00_15/Step_6_fake_00_15_from_00_17_1680262471739_rgb.png,OK,3.1634151172057865,100.0,0.9989389406088945,excelente,3.0
1680262472041,/nas/antoniodetoro/qwen/Qwen-Image-Edit-Angles-2/datos/MultiViewVisibleImagesHPE_Custom/test/00_15/00_15_1680262472041_rgb.png,/nas/antoniodetoro/qwen/Qwen-Image-Edit-Angles-2/datos/MultiViewVisibleImagesHPE_Custom/00_17/to_00_15/Step_6_fake_00_15_from_00_17_1680262472041_rgb.png,OK,2.9007953580342543,96.96969696969697,0.9991296515145945,excelente,31.0
1680262472342,/nas/antoniodetoro/qwen/Qwen-Image-Edit-Angles-2/datos/MultiViewVisibleImagesHPE_Custom/test/00_15/00_15_1680262472342_rgb.png,/nas/antoniodetoro/qwen/Qwen-Image-Edit-Angles-2/datos/MultiViewVisibleImagesHPE_Custom/00_17/to_00_15/Step_6_fake_00_15_from_00_17_1680262472342_rgb.png,OK,2.8915070126862634,96.96969696969697,0.9991759764713474,excelente,31.0
1680262472643,/nas/antoniodetoro/qwen/Qwen-Image-Edit-Angles-2/datos/MultiViewVisibleImagesHPE_Custom/test/00_15/00_15_1680262472643_rgb.png,/nas/antoniodetoro/qwen/Qwen-Image-Edit-Angles-2/datos/MultiViewVisibleImagesHPE_Custom/00_17/to_00_15/Step_6_fake_00_15_from_00_17_1680262472643_rgb.png,OK,2.4708876257809345,100.0,0.9993572928577362,excelente,18.0
1680262472944,/nas/antoniodetoro/qwen/Qwen-Image-Edit-Angles-2/datos/MultiViewVisibleImagesHPE_Custom/test/00_15/00_15_1680262472944_rgb.png,/nas/antoniodetoro/qwen/Qwen-Image-Edit-Angles-2/datos/MultiViewVisibleImagesHPE_Custom/00_17/to_00_15/Step_6_fake_00_15_from_00_17_1680262472944_rgb.png,OK,2.3066761892694836,90.9090909090909,0.9993131765956862,excelente,17.0
1680262476255,/nas/antoniodetoro/qwen/Qwen-Image-Edit-Angles-2/datos/MultiViewVisibleImagesHPE_Custom/test/00_15/00_15_1680262476255_rgb.png,/nas/antoniodetoro/qwen/Qwen-Image-Edit-Angles-2/datos/MultiViewVisibleImagesHPE_Custom/00_17/to_00_15/Step_6_fake_00_15_from_00_17_1680262476255_rgb.png,OK,6.001942400183206,27.27272727272727,0.996232416779735,crítico,17.0
1680262476555,/nas/antoniodetoro/qwen/Qwen-Image-Edit-Angles-2/datos/MultiViewVisibleImagesHPE_Custom/test/00_15/00_15_1680262476555_rgb.png,/nas/antoniodetoro/qwen/Qwen-Image-Edit-Angles-2/datos/MultiViewVisibleImagesHPE_Custom/00_17/to_00_15/Step_6_fake_00_15_from_00_17_1680262476555_rgb.png,OK,2.6232611749331824,87.87878787878788,0.9992044672734558,aceptable,18.0
1680262476856,/nas/antoniodetoro/qwen/Qwen-Image-Edit-Angles-2/datos/MultiViewVisibleImagesHPE_Custom/test/00_15/00_15_1680262476856_rgb.png,/nas/antoniodetoro/qwen/Qwen-Image-Edit-Angles-2/datos/MultiViewVisibleImagesHPE_Custom/00_17/to_00_15/Step_6_fake_00_15_from_00_17_1680262476856_rgb.png,OK,2.5141777989252865,87.87878787878788,0.9990598432939305,aceptable,18.0
1680262477157,/nas/antoniodetoro/qwen/Qwen-Image-Edit-Angles-2/datos/MultiViewVisibleImagesHPE_Custom/test/00_15/00_15_1680262477157_rgb.png,/nas/antoniodetoro/qwen/Qwen-Image-Edit-Angles-2/datos/MultiViewVisibleImagesHPE_Custom/00_17/to_00_15/Step_6_fake_00_15_from_00_17_1680262477157_rgb.png,OK,2.239698687180782,81.81818181818183,0.9992289173623765,aceptable,18.0
1680262477458,/nas/antoniodetoro/qwen/Qwen-Image-Edit-Angles-2/datos/MultiViewVisibleImagesHPE_Custom/test/00_15/00_15_1680262477458_rgb.png,/nas/antoniodetoro/qwen/Qwen-Image-Edit-Angles-2/datos/MultiViewVisibleImagesHPE_Custom/00_17/to_00_15/Step_6_fake_00_15_from_00_17_1680262477458_rgb.png,OK,2.202417526619591,90.9090909090909,0.999343376924207,excelente,17.0
1680262477760,/nas/antoniodetoro/qwen/Qwen-Image-Edit-Angles-2/datos/MultiViewVisibleImagesHPE_Custom/test/00_15/00_15_1680262477760_rgb.png,/nas/antoniodetoro/qwen/Qwen-Image-Edit-Angles-2/datos/MultiViewVisibleImagesHPE_Custom/00_17/to_00_15/Step_6_fake_00_15_from_00_17_1680262477760_rgb.png,OK,2.225304141515655,96.96969696969697,0.9993736166022352,excelente,17.0
1680262478061,/nas/antoniodetoro/qwen/Qwen-Image-Edit-Angles-2/datos/MultiViewVisibleImagesHPE_Custom/test/00_15/00_15_1680262478061_rgb.png,/nas/antoniodetoro/qwen/Qwen-Image-Edit-Angles-2/datos/MultiViewVisibleImagesHPE_Custom/00_17/to_00_15/Step_6_fake_00_15_from_00_17_1680262478061_rgb.png,OK,2.121511826915447,100.0,0.9993993715688938,excelente,18.0
1680262478362,/nas/antoniodetoro/qwen/Qwen-Image-Edit-Angles-2/datos/MultiViewVisibleImagesHPE_Custom/test/00_15/00_15_1680262478362_rgb.png,/nas/antoniodetoro/qwen/Qwen-Image-Edit-Angles-2/datos/MultiViewVisibleImagesHPE_Custom/00_17/to_00_15/Step_6_fake_00_15_from_00_17_1680262478362_rgb.png,OK,1.9960430784913867,100.0,0.9995554720748753,excelente,19.0
1680262478663,/nas/antoniodetoro/qwen/Qwen-Image-Edit-Angles-2/datos/MultiViewVisibleImagesHPE_Custom/test/00_15/00_15_1680262478663_rgb.png,/nas/antoniodetoro/qwen/Qwen-Image-Edit-Angles-2/datos/MultiViewVisibleImagesHPE_Custom/00_17/to_00_15/Step_6_fake_00_15_from_00_17_1680262478663_rgb.png,OK,2.682018758417942,100.0,0.9992045645798747,excelente,3.0
1680262478964,/nas/antoniodetoro/qwen/Qwen-Image-Edit-Angles-2/datos/MultiViewVisibleImagesHPE_Custom/test/00_15/00_15_1680262478964_rgb.png,/nas/antoniodetoro/qwen/Qwen-Image-Edit-Angles-2/datos/MultiViewVisibleImagesHPE_Custom/00_17/to_00_15/Step_6_fake_00_15_from_00_17_1680262478964_rgb.png,OK,3.1455458371790677,69.6969696969697,0.9989772468838677,crítico,3.0
1680262479265,/nas/antoniodetoro/qwen/Qwen-Image-Edit-Angles-2/datos/MultiViewVisibleImagesHPE_Custom/test/00_15/00_15_1680262479265_rgb.png,/nas/antoniodetoro/qwen/Qwen-Image-Edit-Angles-2/datos/MultiViewVisibleImagesHPE_Custom/00_17/to_00_15/Step_6_fake_00_15_from_00_17_1680262479265_rgb.png,OK,2.370433241930746,96.96969696969697,0.9993873318853692,excelente,22.0
1680262479566,/nas/antoniodetoro/qwen/Qwen-Image-Edit-Angles-2/datos/MultiViewVisibleImagesHPE_Custom/test/00_15/00_15_1680262479566_rgb.png,/nas/antoniodetoro/qwen/Qwen-Image-Edit-Angles-2/datos/MultiViewVisibleImagesHPE_Custom/00_17/to_00_15/Step_6_fake_00_15_from_00_17_1680262479566_rgb.png,OK,3.0961840693662936,90.9090909090909,0.9989274033194288,excelente,3.0
1680262483179,/nas/antoniodetoro/qwen/Qwen-Image-Edit-Angles-2/datos/MultiViewVisibleImagesHPE_Custom/test/00_15/00_15_1680262483179_rgb.png,/nas/antoniodetoro/qwen/Qwen-Image-Edit-Angles-2/datos/MultiViewVisibleImagesHPE_Custom/00_17/to_00_15/Step_6_fake_00_15_from_00_17_1680262483179_rgb.png,OK,4.267860548954457,57.57575757575758,0.9980851027421186,crítico,11.0
1680262483480,/nas/antoniodetoro/qwen/Qwen-Image-Edit-Angles-2/datos/MultiViewVisibleImagesHPE_Custom/test/00_15/00_15_1680262483480_rgb.png,/nas/antoniodetoro/qwen/Qwen-Image-Edit-Angles-2/datos/MultiViewVisibleImagesHPE_Custom/00_17/to_00_15/Step_6_fake_00_15_from_00_17_1680262483480_rgb.png,OK,2.913748925085556,100.0,0.9991416282485281,excelente,9.0
1680262483781,/nas/antoniodetoro/qwen/Qwen-Image-Edit-Angles-2/datos/MultiViewVisibleImagesHPE_Custom/test/00_15/00_15_1680262483781_rgb.png,/nas/antoniodetoro/qwen/Qwen-Image-Edit-Angles-2/datos/MultiViewVisibleImagesHPE_Custom/00_17/to_00_15/Step_6_fake_00_15_from_00_17_1680262483781_rgb.png,OK,2.260826832952965,100.0,0.9994890128010095,excelente,16.0
1680262484082,/nas/antoniodetoro/qwen/Qwen-Image-Edit-Angles-2/datos/MultiViewVisibleImagesHPE_Custom/test/00_15/00_15_1680262484082_rgb.png,/nas/antoniodetoro/qwen/Qwen-Image-Edit-Angles-2/datos/MultiViewVisibleImagesHPE_Custom/00_17/to_00_15/Step_6_fake_00_15_from_00_17_1680262484082_rgb.png,OK,2.2840974709919584,100.0,0.9994589233133314,excelente,19.0
1680262484384,/nas/antoniodetoro/qwen/Qwen-Image-Edit-Angles-2/datos/MultiViewVisibleImagesHPE_Custom/test/00_15/00_15_1680262484384_rgb.png,/nas/antoniodetoro/qwen/Qwen-Image-Edit-Angles-2/datos/MultiViewVisibleImagesHPE_Custom/00_17/to_00_15/Step_6_fake_00_15_from_00_17_1680262484384_rgb.png,OK,2.5571914976554075,93.93939393939394,0.9993996672670912,excelente,14.0
1680262484685,/nas/antoniodetoro/qwen/Qwen-Image-Edit-Angles-2/datos/MultiViewVisibleImagesHPE_Custom/test/00_15/00_15_1680262484685_rgb.png,/nas/antoniodetoro/qwen/Qwen-Image-Edit-Angles-2/datos/MultiViewVisibleImagesHPE_Custom/00_17/to_00_15/Step_6_fake_00_15_from_00_17_1680262484685_rgb.png,OK,1.7668634054365353,93.93939393939394,0.999517167707954,excelente,14.0
1680262484986,/nas/antoniodetoro/qwen/Qwen-Image-Edit-Angles-2/datos/MultiViewVisibleImagesHPE_Custom/test/00_15/00_15_1680262484986_rgb.png,/nas/antoniodetoro/qwen/Qwen-Image-Edit-Angles-2/datos/MultiViewVisibleImagesHPE_Custom/00_17/to_00_15/Step_6_fake_00_15_from_00_17_1680262484986_rgb.png,OK,2.063355235300713,96.96969696969697,0.999431495394654,excelente,20.0
1680262485287,/nas/antoniodetoro/qwen/Qwen-Image-Edit-Angles-2/datos/MultiViewVisibleImagesHPE_Custom/test/00_15/00_15_1680262485287_rgb.png,/nas/antoniodetoro/qwen/Qwen-Image-Edit-Angles-2/datos/MultiViewVisibleImagesHPE_Custom/00_17/to_00_15/Step_6_fake_00_15_from_00_17_1680262485287_rgb.png,OK,3.6884224054543098,87.87878787878788,0.9985577796026841,aceptable,17.0
1680262485588,/nas/antoniodetoro/qwen/Qwen-Image-Edit-Angles-2/datos/MultiViewVisibleImagesHPE_Custom/test/00_15/00_15_1680262485588_rgb.png,/nas/antoniodetoro/qwen/Qwen-Image-Edit-Angles-2/datos/MultiViewVisibleImagesHPE_Custom/00_17/to_00_15/Step_6_fake_00_15_from_00_17_1680262485588_rgb.png,OK,3.241575355440804,100.0,0.9992942276696326,excelente,8.0
1680262485890,/nas/antoniodetoro/qwen/Qwen-Image-Edit-Angles-2/datos/MultiViewVisibleImagesHPE_Custom/test/00_15/00_15_1680262485890_rgb.png,/nas/antoniodetoro/qwen/Qwen-Image-Edit-Angles-2/datos/MultiViewVisibleImagesHPE_Custom/00_17/to_00_15/Step_6_fake_00_15_from_00_17_1680262485890_rgb.png,OK,3.384767969398674,87.87878787878788,0.9987892615444526,aceptable,31.0
1680262486191,/nas/antoniodetoro/qwen/Qwen-Image-Edit-Angles-2/datos/MultiViewVisibleImagesHPE_Custom/test/00_15/00_15_1680262486191_rgb.png,/nas/antoniodetoro/qwen/Qwen-Image-Edit-Angles-2/datos/MultiViewVisibleImagesHPE_Custom/00_17/to_00_15/Step_6_fake_00_15_from_00_17_1680262486191_rgb.png,OK,7.4225990494401195,18.181818181818183,0.995989903457441,crítico,31.0
1680262486492,/nas/antoniodetoro/qwen/Qwen-Image-Edit-Angles-2/datos/MultiViewVisibleImagesHPE_Custom/test/00_15/00_15_1680262486492_rgb.png,/nas/antoniodetoro/qwen/Qwen-Image-Edit-Angles-2/datos/MultiViewVisibleImagesHPE_Custom/00_17/to_00_15/Step_6_fake_00_15_from_00_17_1680262486492_rgb.png,OK,9.039750915822747,27.27272727272727,0.9933812694081297,crítico,31.0
1680262486793,/nas/antoniodetoro/qwen/Qwen-Image-Edit-Angles-2/datos/MultiViewVisibleImagesHPE_Custom/test/00_15/00_15_1680262486793_rgb.png,/nas/antoniodetoro/qwen/Qwen-Image-Edit-Angles-2/datos/MultiViewVisibleImagesHPE_Custom/00_17/to_00_15/Step_6_fake_00_15_from_00_17_1680262486793_rgb.png,OK,12.121286242614786,9.090909090909092,0.984362353498612,crítico,31.0
1680262487094,/nas/antoniodetoro/qwen/Qwen-Image-Edit-Angles-2/datos/MultiViewVisibleImagesHPE_Custom/test/00_15/00_15_1680262487094_rgb.png,/nas/antoniodetoro/qwen/Qwen-Image-Edit-Angles-2/datos/MultiViewVisibleImagesHPE_Custom/00_17/to_00_15/Step_6_fake_00_15_from_00_17_1680262487094_rgb.png,OK,5.626557603290017,45.45454545454545,0.9957474691697263,crítico,19.0
1680262487395,/nas/antoniodetoro/qwen/Qwen-Image-Edit-Angles-2/datos/MultiViewVisibleImagesHPE_Custom/test/00_15/00_15_1680262487395_rgb.png,/nas/antoniodetoro/qwen/Qwen-Image-Edit-Angles-2/datos/MultiViewVisibleImagesHPE_Custom/00_17/to_00_15/Step_6_fake_00_15_from_00_17_1680262487395_rgb.png,OK,8.17819453296163,21.21212121212121,0.991754330533553,crítico,19.0
1680262487696,/nas/antoniodetoro/qwen/Qwen-Image-Edit-Angles-2/datos/MultiViewVisibleImagesHPE_Custom/test/00_15/00_15_1680262487696_rgb.png,/nas/antoniodetoro/qwen/Qwen-Image-Edit-Angles-2/datos/MultiViewVisibleImagesHPE_Custom/00_17/to_00_15/Step_6_fake_00_15_from_00_17_1680262487696_rgb.png,OK,4.494205819502364,48.484848484848484,0.9975932151175045,crítico,19.0
1680262487997,/nas/antoniodetoro/qwen/Qwen-Image-Edit-Angles-2/datos/MultiViewVisibleImagesHPE_Custom/test/00_15/00_15_1680262487997_rgb.png,/nas/antoniodetoro/qwen/Qwen-Image-Edit-Angles-2/datos/MultiViewVisibleImagesHPE_Custom/00_17/to_00_15/Step_6_fake_00_15_from_00_17_1680262487997_rgb.png,OK,10.553657346224064,12.121212121212121,0.9884351196666671,crítico,31.0
1680262488298,/nas/antoniodetoro/qwen/Qwen-Image-Edit-Angles-2/datos/MultiViewVisibleImagesHPE_Custom/test/00_15/00_15_1680262488298_rgb.png,/nas/antoniodetoro/qwen/Qwen-Image-Edit-Angles-2/datos/MultiViewVisibleImagesHPE_Custom/00_17/to_00_15/Step_6_fake_00_15_from_00_17_1680262488298_rgb.png,OK,5.67270076285669,27.27272727272727,0.9972682072944598,crítico,31.0
1680262488599,/nas/antoniodetoro/qwen/Qwen-Image-Edit-Angles-2/datos/MultiViewVisibleImagesHPE_Custom/test/00_15/00_15_1680262488599_rgb.png,/nas/antoniodetoro/qwen/Qwen-Image-Edit-Angles-2/datos/MultiViewVisibleImagesHPE_Custom/00_17/to_00_15/Step_6_fake_00_15_from_00_17_1680262488599_rgb.png,OK,3.1855061847069037,100.0,0.9991557146250835,excelente,17.0
1680262488901,/nas/antoniodetoro/qwen/Qwen-Image-Edit-Angles-2/datos/MultiViewVisibleImagesHPE_Custom/test/00_15/00_15_1680262488901_rgb.png,/nas/antoniodetoro/qwen/Qwen-Image-Edit-Angles-2/datos/MultiViewVisibleImagesHPE_Custom/00_17/to_00_15/Step_6_fake_00_15_from_00_17_1680262488901_rgb.png,OK,2.7653039755674196,90.9090909090909,0.99956377405533,excelente,19.0
1680262489202,/nas/antoniodetoro/qwen/Qwen-Image-Edit-Angles-2/datos/MultiViewVisibleImagesHPE_Custom/test/00_15/00_15_1680262489202_rgb.png,/nas/antoniodetoro/qwen/Qwen-Image-Edit-Angles-2/datos/MultiViewVisibleImagesHPE_Custom/00_17/to_00_15/Step_6_fake_00_15_from_00_17_1680262489202_rgb.png,OK,1.9164851548580835,100.0,0.9995071014619747,excelente,19.0
1680262489503,/nas/antoniodetoro/qwen/Qwen-Image-Edit-Angles-2/datos/MultiViewVisibleImagesHPE_Custom/test/00_15/00_15_1680262489503_rgb.png,/nas/antoniodetoro/qwen/Qwen-Image-Edit-Angles-2/datos/MultiViewVisibleImagesHPE_Custom/00_17/to_00_15/Step_6_fake_00_15_from_00_17_1680262489503_rgb.png,OK,2.048336980212845,90.9090909090909,0.9993468435012114,excelente,20.0
1680262489804,/nas/antoniodetoro/qwen/Qwen-Image-Edit-Angles-2/datos/MultiViewVisibleImagesHPE_Custom/test/00_15/00_15_1680262489804_rgb.png,/nas/antoniodetoro/qwen/Qwen-Image-Edit-Angles-2/datos/MultiViewVisibleImagesHPE_Custom/00_17/to_00_15/Step_6_fake_00_15_from_00_17_1680262489804_rgb.png,OK,2.942715804658842,100.0,0.9990767300612893,excelente,19.0
1680262490105,/nas/antoniodetoro/qwen/Qwen-Image-Edit-Angles-2/datos/MultiViewVisibleImagesHPE_Custom/test/00_15/00_15_1680262490105_rgb.png,/nas/antoniodetoro/qwen/Qwen-Image-Edit-Angles-2/datos/MultiViewVisibleImagesHPE_Custom/00_17/to_00_15/Step_6_fake_00_15_from_00_17_1680262490105_rgb.png,OK,2.311367046654589,100.0,0.9993977991780615,excelente,17.0
1680262490406,/nas/antoniodetoro/qwen/Qwen-Image-Edit-Angles-2/datos/MultiViewVisibleImagesHPE_Custom/test/00_15/00_15_1680262490406_rgb.png,/nas/antoniodetoro/qwen/Qwen-Image-Edit-Angles-2/datos/MultiViewVisibleImagesHPE_Custom/00_17/to_00_15/Step_6_fake_00_15_from_00_17_1680262490406_rgb.png,OK,2.434320087085993,90.9090909090909,0.9993743270893467,excelente,17.0
1680262490707,/nas/antoniodetoro/qwen/Qwen-Image-Edit-Angles-2/datos/MultiViewVisibleImagesHPE_Custom/test/00_15/00_15_1680262490707_rgb.png,/nas/antoniodetoro/qwen/Qwen-Image-Edit-Angles-2/datos/MultiViewVisibleImagesHPE_Custom/00_17/to_00_15/Step_6_fake_00_15_from_00_17_1680262490707_rgb.png,OK,2.172057051324308,90.9090909090909,0.9996837278230158,excelente,17.0
1680262491008,/nas/antoniodetoro/qwen/Qwen-Image-Edit-Angles-2/datos/MultiViewVisibleImagesHPE_Custom/test/00_15/00_15_1680262491008_rgb.png,/nas/antoniodetoro/qwen/Qwen-Image-Edit-Angles-2/datos/MultiViewVisibleImagesHPE_Custom/00_17/to_00_15/Step_6_fake_00_15_from_00_17_1680262491008_rgb.png,OK,5.94955327508464,27.27272727272727,0.9970448744043273,crítico,31.0
1680262491309,/nas/antoniodetoro/qwen/Qwen-Image-Edit-Angles-2/datos/MultiViewVisibleImagesHPE_Custom/test/00_15/00_15_1680262491309_rgb.png,/nas/antoniodetoro/qwen/Qwen-Image-Edit-Angles-2/datos/MultiViewVisibleImagesHPE_Custom/00_17/to_00_15/Step_6_fake_00_15_from_00_17_1680262491309_rgb.png,OK,6.841936821133747,24.242424242424242,0.9956939426662026,crítico,31.0
1680262491610,/nas/antoniodetoro/qwen/Qwen-Image-Edit-Angles-2/datos/MultiViewVisibleImagesHPE_Custom/test/00_15/00_15_1680262491610_rgb.png,/nas/antoniodetoro/qwen/Qwen-Image-Edit-Angles-2/datos/MultiViewVisibleImagesHPE_Custom/00_17/to_00_15/Step_6_fake_00_15_from_00_17_1680262491610_rgb.png,OK,7.275745439704983,30.303030303030305,0.9959066912473235,crítico,31.0
1680262491911,/nas/antoniodetoro/qwen/Qwen-Image-Edit-Angles-2/datos/MultiViewVisibleImagesHPE_Custom/test/00_15/00_15_1680262491911_rgb.png,/nas/antoniodetoro/qwen/Qwen-Image-Edit-Angles-2/datos/MultiViewVisibleImagesHPE_Custom/00_17/to_00_15/Step_6_fake_00_15_from_00_17_1680262491911_rgb.png,OK,6.589861022654865,18.181818181818183,0.9954020264214796,crítico,20.0
1680262492211,/nas/antoniodetoro/qwen/Qwen-Image-Edit-Angles-2/datos/MultiViewVisibleImagesHPE_Custom/test/00_15/00_15_1680262492211_rgb.png,/nas/antoniodetoro/qwen/Qwen-Image-Edit-Angles-2/datos/MultiViewVisibleImagesHPE_Custom/00_17/to_00_15/Step_6_fake_00_15_from_00_17_1680262492211_rgb.png,OK,7.723709059496197,24.242424242424242,0.9934957499796956,crítico,19.0
1680262492512,/nas/antoniodetoro/qwen/Qwen-Image-Edit-Angles-2/datos/MultiViewVisibleImagesHPE_Custom/test/00_15/00_15_1680262492512_rgb.png,/nas/antoniodetoro/qwen/Qwen-Image-Edit-Angles-2/datos/MultiViewVisibleImagesHPE_Custom/00_17/to_00_15/Step_6_fake_00_15_from_00_17_1680262492512_rgb.png,OK,7.247128723179776,21.21212121212121,0.9942206671685843,crítico,29.0
1680262492813,/nas/antoniodetoro/qwen/Qwen-Image-Edit-Angles-2/datos/MultiViewVisibleImagesHPE_Custom/test/00_15/00_15_1680262492813_rgb.png,/nas/antoniodetoro/qwen/Qwen-Image-Edit-Angles-2/datos/MultiViewVisibleImagesHPE_Custom/00_17/to_00_15/Step_6_fake_00_15_from_00_17_1680262492813_rgb.png,OK,9.072913754596636,15.151515151515152,0.9924632037025144,crítico,31.0
1680262493114,/nas/antoniodetoro/qwen/Qwen-Image-Edit-Angles-2/datos/MultiViewVisibleImagesHPE_Custom/test/00_15/00_15_1680262493114_rgb.png,/nas/antoniodetoro/qwen/Qwen-Image-Edit-Angles-2/datos/MultiViewVisibleImagesHPE_Custom/00_17/to_00_15/Step_6_fake_00_15_from_00_17_1680262493114_rgb.png,OK,4.30432074651785,60.60606060606061,0.998605997087135,crítico,31.0
1680262493415,/nas/antoniodetoro/qwen/Qwen-Image-Edit-Angles-2/datos/MultiViewVisibleImagesHPE_Custom/test/00_15/00_15_1680262493415_rgb.png,/nas/antoniodetoro/qwen/Qwen-Image-Edit-Angles-2/datos/MultiViewVisibleImagesHPE_Custom/00_17/to_00_15/Step_6_fake_00_15_from_00_17_1680262493415_rgb.png,OK,2.689164224845272,87.87878787878788,0.9992442593399374,aceptable,19.0
1680262493716,/nas/antoniodetoro/qwen/Qwen-Image-Edit-Angles-2/datos/MultiViewVisibleImagesHPE_Custom/test/00_15/00_15_1680262493716_rgb.png,/nas/antoniodetoro/qwen/Qwen-Image-Edit-Angles-2/datos/MultiViewVisibleImagesHPE_Custom/00_17/to_00_15/Step_6_fake_00_15_from_00_17_1680262493716_rgb.png,OK,2.7018963869802723,78.78787878787878,0.9990004927973676,aceptable,17.0
1680262494017,/nas/antoniodetoro/qwen/Qwen-Image-Edit-Angles-2/datos/MultiViewVisibleImagesHPE_Custom/test/00_15/00_15_1680262494017_rgb.png,/nas/antoniodetoro/qwen/Qwen-Image-Edit-Angles-2/datos/MultiViewVisibleImagesHPE_Custom/00_17/to_00_15/Step_6_fake_00_15_from_00_17_1680262494017_rgb.png,OK,3.578523884068613,69.6969696969697,0.9985412421619853,crítico,18.0
1680262494318,/nas/antoniodetoro/qwen/Qwen-Image-Edit-Angles-2/datos/MultiViewVisibleImagesHPE_Custom/test/00_15/00_15_1680262494318_rgb.png,/nas/antoniodetoro/qwen/Qwen-Image-Edit-Angles-2/datos/MultiViewVisibleImagesHPE_Custom/00_17/to_00_15/Step_6_fake_00_15_from_00_17_1680262494318_rgb.png,OK,3.062280403968286,90.9090909090909,0.9989576558726041,excelente,18.0
1680262494619,/nas/antoniodetoro/qwen/Qwen-Image-Edit-Angles-2/datos/MultiViewVisibleImagesHPE_Custom/test/00_15/00_15_1680262494619_rgb.png,/nas/antoniodetoro/qwen/Qwen-Image-Edit-Angles-2/datos/MultiViewVisibleImagesHPE_Custom/00_17/to_00_15/Step_6_fake_00_15_from_00_17_1680262494619_rgb.png,OK,2.625058616833784,100.0,0.9992831646104197,excelente,18.0
1680262494920,/nas/antoniodetoro/qwen/Qwen-Image-Edit-Angles-2/datos/MultiViewVisibleImagesHPE_Custom/test/00_15/00_15_1680262494920_rgb.png,/nas/antoniodetoro/qwen/Qwen-Image-Edit-Angles-2/datos/MultiViewVisibleImagesHPE_Custom/00_17/to_00_15/Step_6_fake_00_15_from_00_17_1680262494920_rgb.png,OK,2.742809981637885,100.0,0.9992566953147959,excelente,20.0
1680262495221,/nas/antoniodetoro/qwen/Qwen-Image-Edit-Angles-2/datos/MultiViewVisibleImagesHPE_Custom/test/00_15/00_15_1680262495221_rgb.png,/nas/antoniodetoro/qwen/Qwen-Image-Edit-Angles-2/datos/MultiViewVisibleImagesHPE_Custom/00_17/to_00_15/Step_6_fake_00_15_from_00_17_1680262495221_rgb.png,OK,1.9430898857164978,100.0,0.9996020663791545,excelente,18.0
1680262495522,/nas/antoniodetoro/qwen/Qwen-Image-Edit-Angles-2/datos/MultiViewVisibleImagesHPE_Custom/test/00_15/00_15_1680262495522_rgb.png,/nas/antoniodetoro/qwen/Qwen-Image-Edit-Angles-2/datos/MultiViewVisibleImagesHPE_Custom/00_17/to_00_15/Step_6_fake_00_15_from_00_17_1680262495522_rgb.png,OK,4.032749417044749,66.66666666666666,0.9981772069748227,crítico,20.0
1680262497931,/nas/antoniodetoro/qwen/Qwen-Image-Edit-Angles-2/datos/MultiViewVisibleImagesHPE_Custom/test/00_15/00_15_1680262497931_rgb.png,/nas/antoniodetoro/qwen/Qwen-Image-Edit-Angles-2/datos/MultiViewVisibleImagesHPE_Custom/00_17/to_00_15/Step_6_fake_00_15_from_00_17_1680262497931_rgb.png,OK,5.3425603117946014,51.515151515151516,0.9963550986353252,crítico,7.0
1680262498232,/nas/antoniodetoro/qwen/Qwen-Image-Edit-Angles-2/datos/MultiViewVisibleImagesHPE_Custom/test/00_15/00_15_1680262498232_rgb.png,/nas/antoniodetoro/qwen/Qwen-Image-Edit-Angles-2/datos/MultiViewVisibleImagesHPE_Custom/00_17/to_00_15/Step_6_fake_00_15_from_00_17_1680262498232_rgb.png,OK,4.069477041980914,54.54545454545454,0.9979564999676772,crítico,20.0
1680262498533,/nas/antoniodetoro/qwen/Qwen-Image-Edit-Angles-2/datos/MultiViewVisibleImagesHPE_Custom/test/00_15/00_15_1680262498533_rgb.png,/nas/antoniodetoro/qwen/Qwen-Image-Edit-Angles-2/datos/MultiViewVisibleImagesHPE_Custom/00_17/to_00_15/Step_6_fake_00_15_from_00_17_1680262498533_rgb.png,OK,2.622928856870885,100.0,0.9992520086976882,excelente,17.0
1680262498835,/nas/antoniodetoro/qwen/Qwen-Image-Edit-Angles-2/datos/MultiViewVisibleImagesHPE_Custom/test/00_15/00_15_1680262498835_rgb.png,/nas/antoniodetoro/qwen/Qwen-Image-Edit-Angles-2/datos/MultiViewVisibleImagesHPE_Custom/00_17/to_00_15/Step_6_fake_00_15_from_00_17_1680262498835_rgb.png,OK,3.4945982445429986,66.66666666666666,0.9986629284808443,crítico,2.0
1680262499136,/nas/antoniodetoro/qwen/Qwen-Image-Edit-Angles-2/datos/MultiViewVisibleImagesHPE_Custom/test/00_15/00_15_1680262499136_rgb.png,/nas/antoniodetoro/qwen/Qwen-Image-Edit-Angles-2/datos/MultiViewVisibleImagesHPE_Custom/00_17/to_00_15/Step_6_fake_00_15_from_00_17_1680262499136_rgb.png,OK,3.2132100437999203,100.0,0.9989475107387872,excelente,26.0
1680262499437,/nas/antoniodetoro/qwen/Qwen-Image-Edit-Angles-2/datos/MultiViewVisibleImagesHPE_Custom/test/00_15/00_15_1680262499437_rgb.png,/nas/antoniodetoro/qwen/Qwen-Image-Edit-Angles-2/datos/MultiViewVisibleImagesHPE_Custom/00_17/to_00_15/Step_6_fake_00_15_from_00_17_1680262499437_rgb.png,OK,2.4520573140215625,100.0,0.999325078314926,excelente,19.0
1680262499738,/nas/antoniodetoro/qwen/Qwen-Image-Edit-Angles-2/datos/MultiViewVisibleImagesHPE_Custom/test/00_15/00_15_1680262499738_rgb.png,/nas/antoniodetoro/qwen/Qwen-Image-Edit-Angles-2/datos/MultiViewVisibleImagesHPE_Custom/00_17/to_00_15/Step_6_fake_00_15_from_00_17_1680262499738_rgb.png,OK,2.558387612945191,96.96969696969697,0.9992261287872655,excelente,20.0
1680262500039,/nas/antoniodetoro/qwen/Qwen-Image-Edit-Angles-2/datos/MultiViewVisibleImagesHPE_Custom/test/00_15/00_15_1680262500039_rgb.png,/nas/antoniodetoro/qwen/Qwen-Image-Edit-Angles-2/datos/MultiViewVisibleImagesHPE_Custom/00_17/to_00_15/Step_6_fake_00_15_from_00_17_1680262500039_rgb.png,OK,2.26354282437522,100.0,0.9994405631916882,excelente,17.0
1680262500340,/nas/antoniodetoro/qwen/Qwen-Image-Edit-Angles-2/datos/MultiViewVisibleImagesHPE_Custom/test/00_15/00_15_1680262500340_rgb.png,/nas/antoniodetoro/qwen/Qwen-Image-Edit-Angles-2/datos/MultiViewVisibleImagesHPE_Custom/00_17/to_00_15/Step_6_fake_00_15_from_00_17_1680262500340_rgb.png,OK,2.6668986267521504,100.0,0.9992030755722866,excelente,9.0
1680262500641,/nas/antoniodetoro/qwen/Qwen-Image-Edit-Angles-2/datos/MultiViewVisibleImagesHPE_Custom/test/00_15/00_15_1680262500641_rgb.png,/nas/antoniodetoro/qwen/Qwen-Image-Edit-Angles-2/datos/MultiViewVisibleImagesHPE_Custom/00_17/to_00_15/Step_6_fake_00_15_from_00_17_1680262500641_rgb.png,OK,3.452477575306508,93.93939393939394,0.9988605021470457,excelente,20.0
1680262500942,/nas/antoniodetoro/qwen/Qwen-Image-Edit-Angles-2/datos/MultiViewVisibleImagesHPE_Custom/test/00_15/00_15_1680262500942_rgb.png,/nas/antoniodetoro/qwen/Qwen-Image-Edit-Angles-2/datos/MultiViewVisibleImagesHPE_Custom/00_17/to_00_15/Step_6_fake_00_15_from_00_17_1680262500942_rgb.png,OK,4.422229387140442,54.54545454545454,0.9978212292563334,crítico,27.0
1680262501243,/nas/antoniodetoro/qwen/Qwen-Image-Edit-Angles-2/datos/MultiViewVisibleImagesHPE_Custom/test/00_15/00_15_1680262501243_rgb.png,/nas/antoniodetoro/qwen/Qwen-Image-Edit-Angles-2/datos/MultiViewVisibleImagesHPE_Custom/00_17/to_00_15/Step_6_fake_00_15_from_00_17_1680262501243_rgb.png,OK,6.902231406936568,39.39393939393939,0.9943612099683995,crítico,30.0
1680262501544,/nas/antoniodetoro/qwen/Qwen-Image-Edit-Angles-2/datos/MultiViewVisibleImagesHPE_Custom/test/00_15/00_15_1680262501544_rgb.png,/nas/antoniodetoro/qwen/Qwen-Image-Edit-Angles-2/datos/MultiViewVisibleImagesHPE_Custom/00_17/to_00_15/Step_6_fake_00_15_from_00_17_1680262501544_rgb.png,OK,9.302929645557674,30.303030303030305,0.9911173341448388,crítico,32.0
1680262501845,/nas/antoniodetoro/qwen/Qwen-Image-Edit-Angles-2/datos/MultiViewVisibleImagesHPE_Custom/test/00_15/00_15_1680262501845_rgb.png,/nas/antoniodetoro/qwen/Qwen-Image-Edit-Angles-2/datos/MultiViewVisibleImagesHPE_Custom/00_17/to_00_15/Step_6_fake_00_15_from_00_17_1680262501845_rgb.png,OK,7.30803700750522,30.303030303030305,0.9932698264070309,crítico,30.0
1680262502146,/nas/antoniodetoro/qwen/Qwen-Image-Edit-Angles-2/datos/MultiViewVisibleImagesHPE_Custom/test/00_15/00_15_1680262502146_rgb.png,/nas/antoniodetoro/qwen/Qwen-Image-Edit-Angles-2/datos/MultiViewVisibleImagesHPE_Custom/00_17/to_00_15/Step_6_fake_00_15_from_00_17_1680262502146_rgb.png,OK,8.807172353969403,15.151515151515152,0.99318634493932,crítico,30.0
1680262502447,/nas/antoniodetoro/qwen/Qwen-Image-Edit-Angles-2/datos/MultiViewVisibleImagesHPE_Custom/test/00_15/00_15_1680262502447_rgb.png,/nas/antoniodetoro/qwen/Qwen-Image-Edit-Angles-2/datos/MultiViewVisibleImagesHPE_Custom/00_17/to_00_15/Step_6_fake_00_15_from_00_17_1680262502447_rgb.png,OK,8.302132865344609,42.42424242424242,0.9914115555229214,crítico,32.0
1680262502748,/nas/antoniodetoro/qwen/Qwen-Image-Edit-Angles-2/datos/MultiViewVisibleImagesHPE_Custom/test/00_15/00_15_1680262502748_rgb.png,/nas/antoniodetoro/qwen/Qwen-Image-Edit-Angles-2/datos/MultiViewVisibleImagesHPE_Custom/00_17/to_00_15/Step_6_fake_00_15_from_00_17_1680262502748_rgb.png,OK,7.578914197515891,39.39393939393939,0.9937091151426042,crítico,32.0
1680262503049,/nas/antoniodetoro/qwen/Qwen-Image-Edit-Angles-2/datos/MultiViewVisibleImagesHPE_Custom/test/00_15/00_15_1680262503049_rgb.png,/nas/antoniodetoro/qwen/Qwen-Image-Edit-Angles-2/datos/MultiViewVisibleImagesHPE_Custom/00_17/to_00_15/Step_6_fake_00_15_from_00_17_1680262503049_rgb.png,OK,4.892896938411678,57.57575757575758,0.9967926723971998,crítico,7.0
1680262503350,/nas/antoniodetoro/qwen/Qwen-Image-Edit-Angles-2/datos/MultiViewVisibleImagesHPE_Custom/test/00_15/00_15_1680262503350_rgb.png,/nas/antoniodetoro/qwen/Qwen-Image-Edit-Angles-2/datos/MultiViewVisibleImagesHPE_Custom/00_17/to_00_15/Step_6_fake_00_15_from_00_17_1680262503350_rgb.png,OK,3.9666604648506465,63.63636363636363,0.9981586072013632,crítico,1.0
1680262503651,/nas/antoniodetoro/qwen/Qwen-Image-Edit-Angles-2/datos/MultiViewVisibleImagesHPE_Custom/test/00_15/00_15_1680262503651_rgb.png,/nas/antoniodetoro/qwen/Qwen-Image-Edit-Angles-2/datos/MultiViewVisibleImagesHPE_Custom/00_17/to_00_15/Step_6_fake_00_15_from_00_17_1680262503651_rgb.png,OK,3.272435674032376,87.87878787878788,0.9987387554507179,aceptable,18.0
1680262503952,/nas/antoniodetoro/qwen/Qwen-Image-Edit-Angles-2/datos/MultiViewVisibleImagesHPE_Custom/test/00_15/00_15_1680262503952_rgb.png,/nas/antoniodetoro/qwen/Qwen-Image-Edit-Angles-2/datos/MultiViewVisibleImagesHPE_Custom/00_17/to_00_15/Step_6_fake_00_15_from_00_17_1680262503952_rgb.png,OK,2.2550123840673626,100.0,0.9994159742878974,excelente,20.0
1680262504253,/nas/antoniodetoro/qwen/Qwen-Image-Edit-Angles-2/datos/MultiViewVisibleImagesHPE_Custom/test/00_15/00_15_1680262504253_rgb.png,/nas/antoniodetoro/qwen/Qwen-Image-Edit-Angles-2/datos/MultiViewVisibleImagesHPE_Custom/00_17/to_00_15/Step_6_fake_00_15_from_00_17_1680262504253_rgb.png,OK,2.2413330074091107,96.96969696969697,0.9994083673500638,excelente,29.0
1680262504554,/nas/antoniodetoro/qwen/Qwen-Image-Edit-Angles-2/datos/MultiViewVisibleImagesHPE_Custom/test/00_15/00_15_1680262504554_rgb.png,/nas/antoniodetoro/qwen/Qwen-Image-Edit-Angles-2/datos/MultiViewVisibleImagesHPE_Custom/00_17/to_00_15/Step_6_fake_00_15_from_00_17_1680262504554_rgb.png,OK,3.0089433579544416,81.81818181818183,0.9988893815200508,aceptable,17.0
1680262504855,/nas/antoniodetoro/qwen/Qwen-Image-Edit-Angles-2/datos/MultiViewVisibleImagesHPE_Custom/test/00_15/00_15_1680262504855_rgb.png,/nas/antoniodetoro/qwen/Qwen-Image-Edit-Angles-2/datos/MultiViewVisibleImagesHPE_Custom/00_17/to_00_15/Step_6_fake_00_15_from_00_17_1680262504855_rgb.png,OK,2.308540108771802,87.87878787878788,0.9993836519737387,aceptable,17.0
1680262505156,/nas/antoniodetoro/qwen/Qwen-Image-Edit-Angles-2/datos/MultiViewVisibleImagesHPE_Custom/test/00_15/00_15_1680262505156_rgb.png,/nas/antoniodetoro/qwen/Qwen-Image-Edit-Angles-2/datos/MultiViewVisibleImagesHPE_Custom/00_17/to_00_15/Step_6_fake_00_15_from_00_17_1680262505156_rgb.png,OK,2.3803724549975964,96.96969696969697,0.9992380436993069,excelente,20.0
1680262505457,/nas/antoniodetoro/qwen/Qwen-Image-Edit-Angles-2/datos/MultiViewVisibleImagesHPE_Custom/test/00_15/00_15_1680262505457_rgb.png,/nas/antoniodetoro/qwen/Qwen-Image-Edit-Angles-2/datos/MultiViewVisibleImagesHPE_Custom/00_17/to_00_15/Step_6_fake_00_15_from_00_17_1680262505457_rgb.png,OK,2.440349838511893,93.93939393939394,0.9991585686201789,excelente,31.0
1680262505759,/nas/antoniodetoro/qwen/Qwen-Image-Edit-Angles-2/datos/MultiViewVisibleImagesHPE_Custom/test/00_15/00_15_1680262505759_rgb.png,/nas/antoniodetoro/qwen/Qwen-Image-Edit-Angles-2/datos/MultiViewVisibleImagesHPE_Custom/00_17/to_00_15/Step_6_fake_00_15_from_00_17_1680262505759_rgb.png,OK,4.560768745951595,72.72727272727273,0.9970421447940471,aceptable,31.0
1680262506060,/nas/antoniodetoro/qwen/Qwen-Image-Edit-Angles-2/datos/MultiViewVisibleImagesHPE_Custom/test/00_15/00_15_1680262506060_rgb.png,/nas/antoniodetoro/qwen/Qwen-Image-Edit-Angles-2/datos/MultiViewVisibleImagesHPE_Custom/00_17/to_00_15/Step_6_fake_00_15_from_00_17_1680262506060_rgb.png,OK,10.527541499742714,3.0303030303030303,0.9910432091678075,crítico,31.0
1680262506361,/nas/antoniodetoro/qwen/Qwen-Image-Edit-Angles-2/datos/MultiViewVisibleImagesHPE_Custom/test/00_15/00_15_1680262506361_rgb.png,/nas/antoniodetoro/qwen/Qwen-Image-Edit-Angles-2/datos/MultiViewVisibleImagesHPE_Custom/00_17/to_00_15/Step_6_fake_00_15_from_00_17_1680262506361_rgb.png,OK,7.3876814759731975,33.33333333333333,0.9945905561384395,crítico,31.0
1680262506662,/nas/antoniodetoro/qwen/Qwen-Image-Edit-Angles-2/datos/MultiViewVisibleImagesHPE_Custom/test/00_15/00_15_1680262506662_rgb.png,/nas/antoniodetoro/qwen/Qwen-Image-Edit-Angles-2/datos/MultiViewVisibleImagesHPE_Custom/00_17/to_00_15/Step_6_fake_00_15_from_00_17_1680262506662_rgb.png,OK,6.712442185409482,36.36363636363637,0.995009879376893,crítico,31.0
1680262506963,/nas/antoniodetoro/qwen/Qwen-Image-Edit-Angles-2/datos/MultiViewVisibleImagesHPE_Custom/test/00_15/00_15_1680262506963_rgb.png,/nas/antoniodetoro/qwen/Qwen-Image-Edit-Angles-2/datos/MultiViewVisibleImagesHPE_Custom/00_17/to_00_15/Step_6_fake_00_15_from_00_17_1680262506963_rgb.png,OK,6.76798631870598,36.36363636363637,0.9950330922473745,crítico,31.0
1680262507264,/nas/antoniodetoro/qwen/Qwen-Image-Edit-Angles-2/datos/MultiViewVisibleImagesHPE_Custom/test/00_15/00_15_1680262507264_rgb.png,/nas/antoniodetoro/qwen/Qwen-Image-Edit-Angles-2/datos/MultiViewVisibleImagesHPE_Custom/00_17/to_00_15/Step_6_fake_00_15_from_00_17_1680262507264_rgb.png,OK,5.328879655359827,51.515151515151516,0.9963903837239628,crítico,31.0
1680262507565,/nas/antoniodetoro/qwen/Qwen-Image-Edit-Angles-2/datos/MultiViewVisibleImagesHPE_Custom/test/00_15/00_15_1680262507565_rgb.png,/nas/antoniodetoro/qwen/Qwen-Image-Edit-Angles-2/datos/MultiViewVisibleImagesHPE_Custom/00_17/to_00_15/Step_6_fake_00_15_from_00_17_1680262507565_rgb.png,OK,4.915861949219317,78.78787878787878,0.9976880735865107,aceptable,31.0
1680262507866,/nas/antoniodetoro/qwen/Qwen-Image-Edit-Angles-2/datos/MultiViewVisibleImagesHPE_Custom/test/00_15/00_15_1680262507866_rgb.png,/nas/antoniodetoro/qwen/Qwen-Image-Edit-Angles-2/datos/MultiViewVisibleImagesHPE_Custom/00_17/to_00_15/Step_6_fake_00_15_from_00_17_1680262507866_rgb.png,OK,3.7050323184643386,72.72727272727273,0.9978027705731716,aceptable,20.0
1680262508167,/nas/antoniodetoro/qwen/Qwen-Image-Edit-Angles-2/datos/MultiViewVisibleImagesHPE_Custom/test/00_15/00_15_1680262508167_rgb.png,/nas/antoniodetoro/qwen/Qwen-Image-Edit-Angles-2/datos/MultiViewVisibleImagesHPE_Custom/00_17/to_00_15/Step_6_fake_00_15_from_00_17_1680262508167_rgb.png,OK,2.3546645154400982,75.75757575757575,0.9990308813552871,aceptable,18.0
1680262508468,/nas/antoniodetoro/qwen/Qwen-Image-Edit-Angles-2/datos/MultiViewVisibleImagesHPE_Custom/test/00_15/00_15_1680262508468_rgb.png,/nas/antoniodetoro/qwen/Qwen-Image-Edit-Angles-2/datos/MultiViewVisibleImagesHPE_Custom/00_17/to_00_15/Step_6_fake_00_15_from_00_17_1680262508468_rgb.png,OK,3.0689731285820487,96.96969696969697,0.9993055095327749,excelente,19.0
1680262508770,/nas/antoniodetoro/qwen/Qwen-Image-Edit-Angles-2/datos/MultiViewVisibleImagesHPE_Custom/test/00_15/00_15_1680262508770_rgb.png,/nas/antoniodetoro/qwen/Qwen-Image-Edit-Angles-2/datos/MultiViewVisibleImagesHPE_Custom/00_17/to_00_15/Step_6_fake_00_15_from_00_17_1680262508770_rgb.png,OK,2.595197488051774,78.78787878787878,0.99895918052901,aceptable,17.0
1680262509071,/nas/antoniodetoro/qwen/Qwen-Image-Edit-Angles-2/datos/MultiViewVisibleImagesHPE_Custom/test/00_15/00_15_1680262509071_rgb.png,/nas/antoniodetoro/qwen/Qwen-Image-Edit-Angles-2/datos/MultiViewVisibleImagesHPE_Custom/00_17/to_00_15/Step_6_fake_00_15_from_00_17_1680262509071_rgb.png,OK,2.855569667571791,84.84848484848484,0.9989485444101059,aceptable,17.0
1680262509372,/nas/antoniodetoro/qwen/Qwen-Image-Edit-Angles-2/datos/MultiViewVisibleImagesHPE_Custom/test/00_15/00_15_1680262509372_rgb.png,/nas/antoniodetoro/qwen/Qwen-Image-Edit-Angles-2/datos/MultiViewVisibleImagesHPE_Custom/00_17/to_00_15/Step_6_fake_00_15_from_00_17_1680262509372_rgb.png,OK,2.1918290548176134,100.0,0.9994720974877261,excelente,20.0
1680262509673,/nas/antoniodetoro/qwen/Qwen-Image-Edit-Angles-2/datos/MultiViewVisibleImagesHPE_Custom/test/00_15/00_15_1680262509673_rgb.png,/nas/antoniodetoro/qwen/Qwen-Image-Edit-Angles-2/datos/MultiViewVisibleImagesHPE_Custom/00_17/to_00_15/Step_6_fake_00_15_from_00_17_1680262509673_rgb.png,OK,1.8223514226299988,100.0,0.9995668417951572,excelente,17.0
1680262509974,/nas/antoniodetoro/qwen/Qwen-Image-Edit-Angles-2/datos/MultiViewVisibleImagesHPE_Custom/test/00_15/00_15_1680262509974_rgb.png,/nas/antoniodetoro/qwen/Qwen-Image-Edit-Angles-2/datos/MultiViewVisibleImagesHPE_Custom/00_17/to_00_15/Step_6_fake_00_15_from_00_17_1680262509974_rgb.png,OK,1.949556692817482,96.96969696969697,0.9995212346389407,excelente,20.0
1680262510275,/nas/antoniodetoro/qwen/Qwen-Image-Edit-Angles-2/datos/MultiViewVisibleImagesHPE_Custom/test/00_15/00_15_1680262510275_rgb.png,/nas/antoniodetoro/qwen/Qwen-Image-Edit-Angles-2/datos/MultiViewVisibleImagesHPE_Custom/00_17/to_00_15/Step_6_fake_00_15_from_00_17_1680262510275_rgb.png,OK,1.3980436210946146,100.0,0.9997538973574425,excelente,18.0
1680262510576,/nas/antoniodetoro/qwen/Qwen-Image-Edit-Angles-2/datos/MultiViewVisibleImagesHPE_Custom/test/00_15/00_15_1680262510576_rgb.png,/nas/antoniodetoro/qwen/Qwen-Image-Edit-Angles-2/datos/MultiViewVisibleImagesHPE_Custom/00_17/to_00_15/Step_6_fake_00_15_from_00_17_1680262510576_rgb.png,OK,2.621967062901528,90.9090909090909,0.9991606958025505,excelente,13.0
1680262510877,/nas/antoniodetoro/qwen/Qwen-Image-Edit-Angles-2/datos/MultiViewVisibleImagesHPE_Custom/test/00_15/00_15_1680262510877_rgb.png,/nas/antoniodetoro/qwen/Qwen-Image-Edit-Angles-2/datos/MultiViewVisibleImagesHPE_Custom/00_17/to_00_15/Step_6_fake_00_15_from_00_17_1680262510877_rgb.png,OK,2.83258346433298,87.87878787878788,0.9990178109840309,aceptable,20.0
1680262511178,/nas/antoniodetoro/qwen/Qwen-Image-Edit-Angles-2/datos/MultiViewVisibleImagesHPE_Custom/test/00_15/00_15_1680262511178_rgb.png,/nas/antoniodetoro/qwen/Qwen-Image-Edit-Angles-2/datos/MultiViewVisibleImagesHPE_Custom/00_17/to_00_15/Step_6_fake_00_15_from_00_17_1680262511178_rgb.png,OK,2.6113826183877027,84.84848484848484,0.9988411660855175,aceptable,20.0
1680262511479,/nas/antoniodetoro/qwen/Qwen-Image-Edit-Angles-2/datos/MultiViewVisibleImagesHPE_Custom/test/00_15/00_15_1680262511479_rgb.png,/nas/antoniodetoro/qwen/Qwen-Image-Edit-Angles-2/datos/MultiViewVisibleImagesHPE_Custom/00_17/to_00_15/Step_6_fake_00_15_from_00_17_1680262511479_rgb.png,OK,3.797831100201005,75.75757575757575,0.9982780053999741,aceptable,31.0
1680262511780,/nas/antoniodetoro/qwen/Qwen-Image-Edit-Angles-2/datos/MultiViewVisibleImagesHPE_Custom/test/00_15/00_15_1680262511780_rgb.png,/nas/antoniodetoro/qwen/Qwen-Image-Edit-Angles-2/datos/MultiViewVisibleImagesHPE_Custom/00_17/to_00_15/Step_6_fake_00_15_from_00_17_1680262511780_rgb.png,OK,6.816577212465947,27.27272727272727,0.9952422456304212,crítico,31.0
1680262512081,/nas/antoniodetoro/qwen/Qwen-Image-Edit-Angles-2/datos/MultiViewVisibleImagesHPE_Custom/test/00_15/00_15_1680262512081_rgb.png,/nas/antoniodetoro/qwen/Qwen-Image-Edit-Angles-2/datos/MultiViewVisibleImagesHPE_Custom/00_17/to_00_15/Step_6_fake_00_15_from_00_17_1680262512081_rgb.png,OK,8.307871062769665,24.242424242424242,0.9927551255573696,crítico,31.0
1680262512382,/nas/antoniodetoro/qwen/Qwen-Image-Edit-Angles-2/datos/MultiViewVisibleImagesHPE_Custom/test/00_15/00_15_1680262512382_rgb.png,/nas/antoniodetoro/qwen/Qwen-Image-Edit-Angles-2/datos/MultiViewVisibleImagesHPE_Custom/00_17/to_00_15/Step_6_fake_00_15_from_00_17_1680262512382_rgb.png,OK,6.629492950454644,36.36363636363637,0.9928086073689703,crítico,31.0
1680262512683,/nas/antoniodetoro/qwen/Qwen-Image-Edit-Angles-2/datos/MultiViewVisibleImagesHPE_Custom/test/00_15/00_15_1680262512683_rgb.png,/nas/antoniodetoro/qwen/Qwen-Image-Edit-Angles-2/datos/MultiViewVisibleImagesHPE_Custom/00_17/to_00_15/Step_6_fake_00_15_from_00_17_1680262512683_rgb.png,OK,11.848632173329035,12.121212121212121,0.9733557867213474,crítico,32.0
1680262513284,/nas/antoniodetoro/qwen/Qwen-Image-Edit-Angles-2/datos/MultiViewVisibleImagesHPE_Custom/test/00_15/00_15_1680262513284_rgb.png,/nas/antoniodetoro/qwen/Qwen-Image-Edit-Angles-2/datos/MultiViewVisibleImagesHPE_Custom/00_17/to_00_15/Step_6_fake_00_15_from_00_17_1680262513284_rgb.png,OK,4.353363769317067,54.54545454545454,0.9970091716305233,crítico,19.0
1680262513585,/nas/antoniodetoro/qwen/Qwen-Image-Edit-Angles-2/datos/MultiViewVisibleImagesHPE_Custom/test/00_15/00_15_1680262513585_rgb.png,/nas/antoniodetoro/qwen/Qwen-Image-Edit-Angles-2/datos/MultiViewVisibleImagesHPE_Custom/00_17/to_00_15/Step_6_fake_00_15_from_00_17_1680262513585_rgb.png,OK,2.1474028986302676,93.93939393939394,0.9992554879689682,excelente,20.0
1680262513886,/nas/antoniodetoro/qwen/Qwen-Image-Edit-Angles-2/datos/MultiViewVisibleImagesHPE_Custom/test/00_15/00_15_1680262513886_rgb.png,/nas/antoniodetoro/qwen/Qwen-Image-Edit-Angles-2/datos/MultiViewVisibleImagesHPE_Custom/00_17/to_00_15/Step_6_fake_00_15_from_00_17_1680262513886_rgb.png,OK,2.502314425460691,90.9090909090909,0.9992658015650506,excelente,19.0
1680262514187,/nas/antoniodetoro/qwen/Qwen-Image-Edit-Angles-2/datos/MultiViewVisibleImagesHPE_Custom/test/00_15/00_15_1680262514187_rgb.png,/nas/antoniodetoro/qwen/Qwen-Image-Edit-Angles-2/datos/MultiViewVisibleImagesHPE_Custom/00_17/to_00_15/Step_6_fake_00_15_from_00_17_1680262514187_rgb.png,OK,3.0266222086791625,100.0,0.9989488977680767,excelente,3.0
1680262514488,/nas/antoniodetoro/qwen/Qwen-Image-Edit-Angles-2/datos/MultiViewVisibleImagesHPE_Custom/test/00_15/00_15_1680262514488_rgb.png,/nas/antoniodetoro/qwen/Qwen-Image-Edit-Angles-2/datos/MultiViewVisibleImagesHPE_Custom/00_17/to_00_15/Step_6_fake_00_15_from_00_17_1680262514488_rgb.png,OK,3.3944751059674068,100.0,0.9987141218978479,excelente,3.0
1680262514789,/nas/antoniodetoro/qwen/Qwen-Image-Edit-Angles-2/datos/MultiViewVisibleImagesHPE_Custom/test/00_15/00_15_1680262514789_rgb.png,/nas/antoniodetoro/qwen/Qwen-Image-Edit-Angles-2/datos/MultiViewVisibleImagesHPE_Custom/00_17/to_00_15/Step_6_fake_00_15_from_00_17_1680262514789_rgb.png,OK,2.988101894324296,96.96969696969697,0.9990329059258611,excelente,18.0
1680262515089,/nas/antoniodetoro/qwen/Qwen-Image-Edit-Angles-2/datos/MultiViewVisibleImagesHPE_Custom/test/00_15/00_15_1680262515089_rgb.png,/nas/antoniodetoro/qwen/Qwen-Image-Edit-Angles-2/datos/MultiViewVisibleImagesHPE_Custom/00_17/to_00_15/Step_6_fake_00_15_from_00_17_1680262515089_rgb.png,OK,2.4232490165608245,96.96969696969697,0.9993273199562016,excelente,18.0
1680262515390,/nas/antoniodetoro/qwen/Qwen-Image-Edit-Angles-2/datos/MultiViewVisibleImagesHPE_Custom/test/00_15/00_15_1680262515390_rgb.png,/nas/antoniodetoro/qwen/Qwen-Image-Edit-Angles-2/datos/MultiViewVisibleImagesHPE_Custom/00_17/to_00_15/Step_6_fake_00_15_from_00_17_1680262515390_rgb.png,OK,2.142561184940201,96.96969696969697,0.9993411119166576,excelente,19.0
1680262515691,/nas/antoniodetoro/qwen/Qwen-Image-Edit-Angles-2/datos/MultiViewVisibleImagesHPE_Custom/test/00_15/00_15_1680262515691_rgb.png,/nas/antoniodetoro/qwen/Qwen-Image-Edit-Angles-2/datos/MultiViewVisibleImagesHPE_Custom/00_17/to_00_15/Step_6_fake_00_15_from_00_17_1680262515691_rgb.png,OK,2.29755257713228,100.0,0.9993904902929317,excelente,18.0
1680262515993,/nas/antoniodetoro/qwen/Qwen-Image-Edit-Angles-2/datos/MultiViewVisibleImagesHPE_Custom/test/00_15/00_15_1680262515993_rgb.png,/nas/antoniodetoro/qwen/Qwen-Image-Edit-Angles-2/datos/MultiViewVisibleImagesHPE_Custom/00_17/to_00_15/Step_6_fake_00_15_from_00_17_1680262515993_rgb.png,OK,3.6949345157937517,81.81818181818183,0.9981909839704595,aceptable,18.0
1680262516294,/nas/antoniodetoro/qwen/Qwen-Image-Edit-Angles-2/datos/MultiViewVisibleImagesHPE_Custom/test/00_15/00_15_1680262516294_rgb.png,/nas/antoniodetoro/qwen/Qwen-Image-Edit-Angles-2/datos/MultiViewVisibleImagesHPE_Custom/00_17/to_00_15/Step_6_fake_00_15_from_00_17_1680262516294_rgb.png,OK,7.518258731231296,15.151515151515152,0.9926139733701097,crítico,18.0
1680262516595,/nas/antoniodetoro/qwen/Qwen-Image-Edit-Angles-2/datos/MultiViewVisibleImagesHPE_Custom/test/00_15/00_15_1680262516595_rgb.png,/nas/antoniodetoro/qwen/Qwen-Image-Edit-Angles-2/datos/MultiViewVisibleImagesHPE_Custom/00_17/to_00_15/Step_6_fake_00_15_from_00_17_1680262516595_rgb.png,OK,11.166118670119015,6.0606060606060606,0.9833707060184015,crítico,20.0
1680262516896,/nas/antoniodetoro/qwen/Qwen-Image-Edit-Angles-2/datos/MultiViewVisibleImagesHPE_Custom/test/00_15/00_15_1680262516896_rgb.png,/nas/antoniodetoro/qwen/Qwen-Image-Edit-Angles-2/datos/MultiViewVisibleImagesHPE_Custom/00_17/to_00_15/Step_6_fake_00_15_from_00_17_1680262516896_rgb.png,OK,13.792745796601482,6.0606060606060606,0.9682482009099455,crítico,20.0
1680262517197,/nas/antoniodetoro/qwen/Qwen-Image-Edit-Angles-2/datos/MultiViewVisibleImagesHPE_Custom/test/00_15/00_15_1680262517197_rgb.png,/nas/antoniodetoro/qwen/Qwen-Image-Edit-Angles-2/datos/MultiViewVisibleImagesHPE_Custom/00_17/to_00_15/Step_6_fake_00_15_from_00_17_1680262517197_rgb.png,DETECTION_FAIL_ORIG,,,,,
1680262517498,/nas/antoniodetoro/qwen/Qwen-Image-Edit-Angles-2/datos/MultiViewVisibleImagesHPE_Custom/test/00_15/00_15_1680262517498_rgb.png,/nas/antoniodetoro/qwen/Qwen-Image-Edit-Angles-2/datos/MultiViewVisibleImagesHPE_Custom/00_17/to_00_15/Step_6_fake_00_15_from_00_17_1680262517498_rgb.png,OK,10.19831746370573,54.54545454545454,0.9845815827125914,crítico,31.0
1680262517799,/nas/antoniodetoro/qwen/Qwen-Image-Edit-Angles-2/datos/MultiViewVisibleImagesHPE_Custom/test/00_15/00_15_1680262517799_rgb.png,/nas/antoniodetoro/qwen/Qwen-Image-Edit-Angles-2/datos/MultiViewVisibleImagesHPE_Custom/00_17/to_00_15/Step_6_fake_00_15_from_00_17_1680262517799_rgb.png,OK,12.743801743673531,24.242424242424242,0.9768307968623403,crítico,18.0
1680262518100,/nas/antoniodetoro/qwen/Qwen-Image-Edit-Angles-2/datos/MultiViewVisibleImagesHPE_Custom/test/00_15/00_15_1680262518100_rgb.png,/nas/antoniodetoro/qwen/Qwen-Image-Edit-Angles-2/datos/MultiViewVisibleImagesHPE_Custom/00_17/to_00_15/Step_6_fake_00_15_from_00_17_1680262518100_rgb.png,OK,10.314745617278774,12.121212121212121,0.983675730922304,crítico,18.0
1680262518401,/nas/antoniodetoro/qwen/Qwen-Image-Edit-Angles-2/datos/MultiViewVisibleImagesHPE_Custom/test/00_15/00_15_1680262518401_rgb.png,/nas/antoniodetoro/qwen/Qwen-Image-Edit-Angles-2/datos/MultiViewVisibleImagesHPE_Custom/00_17/to_00_15/Step_6_fake_00_15_from_00_17_1680262518401_rgb.png,OK,9.812808637782021,15.151515151515152,0.9869955336233569,crítico,18.0
1680262518702,/nas/antoniodetoro/qwen/Qwen-Image-Edit-Angles-2/datos/MultiViewVisibleImagesHPE_Custom/test/00_15/00_15_1680262518702_rgb.png,/nas/antoniodetoro/qwen/Qwen-Image-Edit-Angles-2/datos/MultiViewVisibleImagesHPE_Custom/00_17/to_00_15/Step_6_fake_00_15_from_00_17_1680262518702_rgb.png,OK,3.9279445906361032,75.75757575757575,0.9976065649936927,aceptable,20.0
1680262519003,/nas/antoniodetoro/qwen/Qwen-Image-Edit-Angles-2/datos/MultiViewVisibleImagesHPE_Custom/test/00_15/00_15_1680262519003_rgb.png,/nas/antoniodetoro/qwen/Qwen-Image-Edit-Angles-2/datos/MultiViewVisibleImagesHPE_Custom/00_17/to_00_15/Step_6_fake_00_15_from_00_17_1680262519003_rgb.png,OK,2.204204663648079,87.87878787878788,0.9992128804463639,aceptable,20.0
1680262519304,/nas/antoniodetoro/qwen/Qwen-Image-Edit-Angles-2/datos/MultiViewVisibleImagesHPE_Custom/test/00_15/00_15_1680262519304_rgb.png,/nas/antoniodetoro/qwen/Qwen-Image-Edit-Angles-2/datos/MultiViewVisibleImagesHPE_Custom/00_17/to_00_15/Step_6_fake_00_15_from_00_17_1680262519304_rgb.png,OK,2.2027803452713486,100.0,0.9994472468990921,excelente,18.0
1680262519606,/nas/antoniodetoro/qwen/Qwen-Image-Edit-Angles-2/datos/MultiViewVisibleImagesHPE_Custom/test/00_15/00_15_1680262519606_rgb.png,/nas/antoniodetoro/qwen/Qwen-Image-Edit-Angles-2/datos/MultiViewVisibleImagesHPE_Custom/00_17/to_00_15/Step_6_fake_00_15_from_00_17_1680262519606_rgb.png,OK,2.477525376668673,84.84848484848484,0.9991633795428729,aceptable,18.0
1680262519907,/nas/antoniodetoro/qwen/Qwen-Image-Edit-Angles-2/datos/MultiViewVisibleImagesHPE_Custom/test/00_15/00_15_1680262519907_rgb.png,/nas/antoniodetoro/qwen/Qwen-Image-Edit-Angles-2/datos/MultiViewVisibleImagesHPE_Custom/00_17/to_00_15/Step_6_fake_00_15_from_00_17_1680262519907_rgb.png,OK,1.5788278926341057,100.0,0.9997237305641905,excelente,20.0
1680262520208,/nas/antoniodetoro/qwen/Qwen-Image-Edit-Angles-2/datos/MultiViewVisibleImagesHPE_Custom/test/00_15/00_15_1680262520208_rgb.png,/nas/antoniodetoro/qwen/Qwen-Image-Edit-Angles-2/datos/MultiViewVisibleImagesHPE_Custom/00_17/to_00_15/Step_6_fake_00_15_from_00_17_1680262520208_rgb.png,OK,2.598770248943552,96.96969696969697,0.9992495612700969,excelente,18.0
1680262520509,/nas/antoniodetoro/qwen/Qwen-Image-Edit-Angles-2/datos/MultiViewVisibleImagesHPE_Custom/test/00_15/00_15_1680262520509_rgb.png,/nas/antoniodetoro/qwen/Qwen-Image-Edit-Angles-2/datos/MultiViewVisibleImagesHPE_Custom/00_17/to_00_15/Step_6_fake_00_15_from_00_17_1680262520509_rgb.png,OK,4.521135655217516,48.484848484848484,0.9976655972715941,crítico,18.0
1680262520810,/nas/antoniodetoro/qwen/Qwen-Image-Edit-Angles-2/datos/MultiViewVisibleImagesHPE_Custom/test/00_15/00_15_1680262520810_rgb.png,/nas/antoniodetoro/qwen/Qwen-Image-Edit-Angles-2/datos/MultiViewVisibleImagesHPE_Custom/00_17/to_00_15/Step_6_fake_00_15_from_00_17_1680262520810_rgb.png,OK,7.728199519203222,42.42424242424242,0.991263970184517,crítico,18.0
1680262521111,/nas/antoniodetoro/qwen/Qwen-Image-Edit-Angles-2/datos/MultiViewVisibleImagesHPE_Custom/test/00_15/00_15_1680262521111_rgb.png,/nas/antoniodetoro/qwen/Qwen-Image-Edit-Angles-2/datos/MultiViewVisibleImagesHPE_Custom/00_17/to_00_15/Step_6_fake_00_15_from_00_17_1680262521111_rgb.png,OK,9.703569610626502,6.0606060606060606,0.9874385797909951,crítico,29.0
1680262521412,/nas/antoniodetoro/qwen/Qwen-Image-Edit-Angles-2/datos/MultiViewVisibleImagesHPE_Custom/test/00_15/00_15_1680262521412_rgb.png,/nas/antoniodetoro/qwen/Qwen-Image-Edit-Angles-2/datos/MultiViewVisibleImagesHPE_Custom/00_17/to_00_15/Step_6_fake_00_15_from_00_17_1680262521412_rgb.png,OK,12.619665808486662,0.0,0.9824755831358014,crítico,18.0
1680262521713,/nas/antoniodetoro/qwen/Qwen-Image-Edit-Angles-2/datos/MultiViewVisibleImagesHPE_Custom/test/00_15/00_15_1680262521713_rgb.png,/nas/antoniodetoro/qwen/Qwen-Image-Edit-Angles-2/datos/MultiViewVisibleImagesHPE_Custom/00_17/to_00_15/Step_6_fake_00_15_from_00_17_1680262521713_rgb.png,OK,12.318963930322926,33.33333333333333,0.9790711181212866,crítico,26.0
1680262522014,/nas/antoniodetoro/qwen/Qwen-Image-Edit-Angles-2/datos/MultiViewVisibleImagesHPE_Custom/test/00_15/00_15_1680262522014_rgb.png,/nas/antoniodetoro/qwen/Qwen-Image-Edit-Angles-2/datos/MultiViewVisibleImagesHPE_Custom/00_17/to_00_15/Step_6_fake_00_15_from_00_17_1680262522014_rgb.png,OK,14.627782884391188,0.0,0.9763998338192182,crítico,26.0
1680262522315,/nas/antoniodetoro/qwen/Qwen-Image-Edit-Angles-2/datos/MultiViewVisibleImagesHPE_Custom/test/00_15/00_15_1680262522315_rgb.png,/nas/antoniodetoro/qwen/Qwen-Image-Edit-Angles-2/datos/MultiViewVisibleImagesHPE_Custom/00_17/to_00_15/Step_6_fake_00_15_from_00_17_1680262522315_rgb.png,OK,12.91303718775148,30.303030303030305,0.9796393922918843,crítico,18.0
1680262522617,/nas/antoniodetoro/qwen/Qwen-Image-Edit-Angles-2/datos/MultiViewVisibleImagesHPE_Custom/test/00_15/00_15_1680262522617_rgb.png,/nas/antoniodetoro/qwen/Qwen-Image-Edit-Angles-2/datos/MultiViewVisibleImagesHPE_Custom/00_17/to_00_15/Step_6_fake_00_15_from_00_17_1680262522617_rgb.png,OK,14.399099296343225,3.0303030303030303,0.976193903738189,crítico,18.0
1680262522918,/nas/antoniodetoro/qwen/Qwen-Image-Edit-Angles-2/datos/MultiViewVisibleImagesHPE_Custom/test/00_15/00_15_1680262522918_rgb.png,/nas/antoniodetoro/qwen/Qwen-Image-Edit-Angles-2/datos/MultiViewVisibleImagesHPE_Custom/00_17/to_00_15/Step_6_fake_00_15_from_00_17_1680262522918_rgb.png,OK,11.483008713767033,6.0606060606060606,0.9822409985857645,crítico,18.0
1680262523821,/nas/antoniodetoro/qwen/Qwen-Image-Edit-Angles-2/datos/MultiViewVisibleImagesHPE_Custom/test/00_15/00_15_1680262523821_rgb.png,/nas/antoniodetoro/qwen/Qwen-Image-Edit-Angles-2/datos/MultiViewVisibleImagesHPE_Custom/00_17/to_00_15/Step_6_fake_00_15_from_00_17_1680262523821_rgb.png,OK,2.0364044914413135,93.93939393939394,0.999486354686461,excelente,18.0
1680262524122,/nas/antoniodetoro/qwen/Qwen-Image-Edit-Angles-2/datos/MultiViewVisibleImagesHPE_Custom/test/00_15/00_15_1680262524122_rgb.png,/nas/antoniodetoro/qwen/Qwen-Image-Edit-Angles-2/datos/MultiViewVisibleImagesHPE_Custom/00_17/to_00_15/Step_6_fake_00_15_from_00_17_1680262524122_rgb.png,OK,2.4345196127981,93.93939393939394,0.9993127702465832,excelente,18.0
1680262524423,/nas/antoniodetoro/qwen/Qwen-Image-Edit-Angles-2/datos/MultiViewVisibleImagesHPE_Custom/test/00_15/00_15_1680262524423_rgb.png,/nas/antoniodetoro/qwen/Qwen-Image-Edit-Angles-2/datos/MultiViewVisibleImagesHPE_Custom/00_17/to_00_15/Step_6_fake_00_15_from_00_17_1680262524423_rgb.png,OK,2.1494874193003652,87.87878787878788,0.9992528585226651,aceptable,18.0
1680262524723,/nas/antoniodetoro/qwen/Qwen-Image-Edit-Angles-2/datos/MultiViewVisibleImagesHPE_Custom/test/00_15/00_15_1680262524723_rgb.png,/nas/antoniodetoro/qwen/Qwen-Image-Edit-Angles-2/datos/MultiViewVisibleImagesHPE_Custom/00_17/to_00_15/Step_6_fake_00_15_from_00_17_1680262524723_rgb.png,OK,1.8032854431696665,90.9090909090909,0.9994505826278118,excelente,18.0
1680262525024,/nas/antoniodetoro/qwen/Qwen-Image-Edit-Angles-2/datos/MultiViewVisibleImagesHPE_Custom/test/00_15/00_15_1680262525024_rgb.png,/nas/antoniodetoro/qwen/Qwen-Image-Edit-Angles-2/datos/MultiViewVisibleImagesHPE_Custom/00_17/to_00_15/Step_6_fake_00_15_from_00_17_1680262525024_rgb.png,OK,2.2591820301752032,93.93939393939394,0.9993629344993687,excelente,18.0
1680262525325,/nas/antoniodetoro/qwen/Qwen-Image-Edit-Angles-2/datos/MultiViewVisibleImagesHPE_Custom/test/00_15/00_15_1680262525325_rgb.png,/nas/antoniodetoro/qwen/Qwen-Image-Edit-Angles-2/datos/MultiViewVisibleImagesHPE_Custom/00_17/to_00_15/Step_6_fake_00_15_from_00_17_1680262525325_rgb.png,OK,1.8570323689164796,100.0,0.9994884168009968,excelente,21.0
1680262525627,/nas/antoniodetoro/qwen/Qwen-Image-Edit-Angles-2/datos/MultiViewVisibleImagesHPE_Custom/test/00_15/00_15_1680262525627_rgb.png,/nas/antoniodetoro/qwen/Qwen-Image-Edit-Angles-2/datos/MultiViewVisibleImagesHPE_Custom/00_17/to_00_15/Step_6_fake_00_15_from_00_17_1680262525627_rgb.png,OK,1.555607515871883,100.0,0.99959147310856,excelente,18.0
1680262525928,/nas/antoniodetoro/qwen/Qwen-Image-Edit-Angles-2/datos/MultiViewVisibleImagesHPE_Custom/test/00_15/00_15_1680262525928_rgb.png,/nas/antoniodetoro/qwen/Qwen-Image-Edit-Angles-2/datos/MultiViewVisibleImagesHPE_Custom/00_17/to_00_15/Step_6_fake_00_15_from_00_17_1680262525928_rgb.png,OK,2.405120494983915,87.87878787878788,0.9992067159815332,aceptable,18.0
1680262526229,/nas/antoniodetoro/qwen/Qwen-Image-Edit-Angles-2/datos/MultiViewVisibleImagesHPE_Custom/test/00_15/00_15_1680262526229_rgb.png,/nas/antoniodetoro/qwen/Qwen-Image-Edit-Angles-2/datos/MultiViewVisibleImagesHPE_Custom/00_17/to_00_15/Step_6_fake_00_15_from_00_17_1680262526229_rgb.png,OK,2.4975953282757946,96.96969696969697,0.999319898454508,excelente,18.0
1680262526530,/nas/antoniodetoro/qwen/Qwen-Image-Edit-Angles-2/datos/MultiViewVisibleImagesHPE_Custom/test/00_15/00_15_1680262526530_rgb.png,/nas/antoniodetoro/qwen/Qwen-Image-Edit-Angles-2/datos/MultiViewVisibleImagesHPE_Custom/00_17/to_00_15/Step_6_fake_00_15_from_00_17_1680262526530_rgb.png,OK,2.2120528778700894,96.96969696969697,0.9994631848073842,excelente,20.0
1680262526831,/nas/antoniodetoro/qwen/Qwen-Image-Edit-Angles-2/datos/MultiViewVisibleImagesHPE_Custom/test/00_15/00_15_1680262526831_rgb.png,/nas/antoniodetoro/qwen/Qwen-Image-Edit-Angles-2/datos/MultiViewVisibleImagesHPE_Custom/00_17/to_00_15/Step_6_fake_00_15_from_00_17_1680262526831_rgb.png,OK,1.4963066393066458,100.0,0.9997186521472964,excelente,20.0
1680262527132,/nas/antoniodetoro/qwen/Qwen-Image-Edit-Angles-2/datos/MultiViewVisibleImagesHPE_Custom/test/00_15/00_15_1680262527132_rgb.png,/nas/antoniodetoro/qwen/Qwen-Image-Edit-Angles-2/datos/MultiViewVisibleImagesHPE_Custom/00_17/to_00_15/Step_6_fake_00_15_from_00_17_1680262527132_rgb.png,OK,2.824921779969138,72.72727272727273,0.9988951788756945,aceptable,20.0
1680262527433,/nas/antoniodetoro/qwen/Qwen-Image-Edit-Angles-2/datos/MultiViewVisibleImagesHPE_Custom/test/00_15/00_15_1680262527433_rgb.png,/nas/antoniodetoro/qwen/Qwen-Image-Edit-Angles-2/datos/MultiViewVisibleImagesHPE_Custom/00_17/to_00_15/Step_6_fake_00_15_from_00_17_1680262527433_rgb.png,OK,6.369782261214862,57.57575757575758,0.9901890731914309,crítico,18.0
1680262527734,/nas/antoniodetoro/qwen/Qwen-Image-Edit-Angles-2/datos/MultiViewVisibleImagesHPE_Custom/test/00_15/00_15_1680262527734_rgb.png,/nas/antoniodetoro/qwen/Qwen-Image-Edit-Angles-2/datos/MultiViewVisibleImagesHPE_Custom/00_17/to_00_15/Step_6_fake_00_15_from_00_17_1680262527734_rgb.png,OK,8.127354588273842,48.484848484848484,0.9897514601800583,crítico,18.0
1680262528036,/nas/antoniodetoro/qwen/Qwen-Image-Edit-Angles-2/datos/MultiViewVisibleImagesHPE_Custom/test/00_15/00_15_1680262528036_rgb.png,/nas/antoniodetoro/qwen/Qwen-Image-Edit-Angles-2/datos/MultiViewVisibleImagesHPE_Custom/00_17/to_00_15/Step_6_fake_00_15_from_00_17_1680262528036_rgb.png,OK,9.48046551955341,39.39393939393939,0.9873566309150813,crítico,14.0
1680262528336,/nas/antoniodetoro/qwen/Qwen-Image-Edit-Angles-2/datos/MultiViewVisibleImagesHPE_Custom/test/00_15/00_15_1680262528336_rgb.png,/nas/antoniodetoro/qwen/Qwen-Image-Edit-Angles-2/datos/MultiViewVisibleImagesHPE_Custom/00_17/to_00_15/Step_6_fake_00_15_from_00_17_1680262528336_rgb.png,OK,7.8852130407481695,39.39393939393939,0.9909227938954733,crítico,14.0
1680262528637,/nas/antoniodetoro/qwen/Qwen-Image-Edit-Angles-2/datos/MultiViewVisibleImagesHPE_Custom/test/00_15/00_15_1680262528637_rgb.png,/nas/antoniodetoro/qwen/Qwen-Image-Edit-Angles-2/datos/MultiViewVisibleImagesHPE_Custom/00_17/to_00_15/Step_6_fake_00_15_from_00_17_1680262528637_rgb.png,OK,7.502027988335182,51.515151515151516,0.9902064936874697,crítico,14.0
1680262528938,/nas/antoniodetoro/qwen/Qwen-Image-Edit-Angles-2/datos/MultiViewVisibleImagesHPE_Custom/test/00_15/00_15_1680262528938_rgb.png,/nas/antoniodetoro/qwen/Qwen-Image-Edit-Angles-2/datos/MultiViewVisibleImagesHPE_Custom/00_17/to_00_15/Step_6_fake_00_15_from_00_17_1680262528938_rgb.png,OK,8.639986716339068,12.121212121212121,0.9911323518931288,crítico,18.0
1680262529240,/nas/antoniodetoro/qwen/Qwen-Image-Edit-Angles-2/datos/MultiViewVisibleImagesHPE_Custom/test/00_15/00_15_1680262529240_rgb.png,/nas/antoniodetoro/qwen/Qwen-Image-Edit-Angles-2/datos/MultiViewVisibleImagesHPE_Custom/00_17/to_00_15/Step_6_fake_00_15_from_00_17_1680262529240_rgb.png,OK,7.349635167432749,51.515151515151516,0.9895154725574421,crítico,18.0
1680262529541,/nas/antoniodetoro/qwen/Qwen-Image-Edit-Angles-2/datos/MultiViewVisibleImagesHPE_Custom/test/00_15/00_15_1680262529541_rgb.png,/nas/antoniodetoro/qwen/Qwen-Image-Edit-Angles-2/datos/MultiViewVisibleImagesHPE_Custom/00_17/to_00_15/Step_6_fake_00_15_from_00_17_1680262529541_rgb.png,OK,5.869791645911465,63.63636363636363,0.9948008778254093,crítico,18.0
1680262529842,/nas/antoniodetoro/qwen/Qwen-Image-Edit-Angles-2/datos/MultiViewVisibleImagesHPE_Custom/test/00_15/00_15_1680262529842_rgb.png,/nas/antoniodetoro/qwen/Qwen-Image-Edit-Angles-2/datos/MultiViewVisibleImagesHPE_Custom/00_17/to_00_15/Step_6_fake_00_15_from_00_17_1680262529842_rgb.png,OK,4.457870929539773,72.72727272727273,0.9976971744240412,aceptable,20.0
1680262530143,/nas/antoniodetoro/qwen/Qwen-Image-Edit-Angles-2/datos/MultiViewVisibleImagesHPE_Custom/test/00_15/00_15_1680262530143_rgb.png,/nas/antoniodetoro/qwen/Qwen-Image-Edit-Angles-2/datos/MultiViewVisibleImagesHPE_Custom/00_17/to_00_15/Step_6_fake_00_15_from_00_17_1680262530143_rgb.png,OK,2.8539408092825913,87.87878787878788,0.9989456973581022,aceptable,20.0
1680262530444,/nas/antoniodetoro/qwen/Qwen-Image-Edit-Angles-2/datos/MultiViewVisibleImagesHPE_Custom/test/00_15/00_15_1680262530444_rgb.png,/nas/antoniodetoro/qwen/Qwen-Image-Edit-Angles-2/datos/MultiViewVisibleImagesHPE_Custom/00_17/to_00_15/Step_6_fake_00_15_from_00_17_1680262530444_rgb.png,OK,2.784611249438985,87.87878787878788,0.9990651789176918,aceptable,17.0
1680262530745,/nas/antoniodetoro/qwen/Qwen-Image-Edit-Angles-2/datos/MultiViewVisibleImagesHPE_Custom/test/00_15/00_15_1680262530745_rgb.png,/nas/antoniodetoro/qwen/Qwen-Image-Edit-Angles-2/datos/MultiViewVisibleImagesHPE_Custom/00_17/to_00_15/Step_6_fake_00_15_from_00_17_1680262530745_rgb.png,OK,3.052260174013034,100.0,0.9990423356403692,excelente,9.0
1680262531046,/nas/antoniodetoro/qwen/Qwen-Image-Edit-Angles-2/datos/MultiViewVisibleImagesHPE_Custom/test/00_15/00_15_1680262531046_rgb.png,/nas/antoniodetoro/qwen/Qwen-Image-Edit-Angles-2/datos/MultiViewVisibleImagesHPE_Custom/00_17/to_00_15/Step_6_fake_00_15_from_00_17_1680262531046_rgb.png,OK,3.75057321905618,69.6969696969697,0.9985504303459533,crítico,9.0
1680262531347,/nas/antoniodetoro/qwen/Qwen-Image-Edit-Angles-2/datos/MultiViewVisibleImagesHPE_Custom/test/00_15/00_15_1680262531347_rgb.png,/nas/antoniodetoro/qwen/Qwen-Image-Edit-Angles-2/datos/MultiViewVisibleImagesHPE_Custom/00_17/to_00_15/Step_6_fake_00_15_from_00_17_1680262531347_rgb.png,OK,2.655579170400753,87.87878787878788,0.9992754150350609,aceptable,20.0
1680262531648,/nas/antoniodetoro/qwen/Qwen-Image-Edit-Angles-2/datos/MultiViewVisibleImagesHPE_Custom/test/00_15/00_15_1680262531648_rgb.png,/nas/antoniodetoro/qwen/Qwen-Image-Edit-Angles-2/datos/MultiViewVisibleImagesHPE_Custom/00_17/to_00_15/Step_6_fake_00_15_from_00_17_1680262531648_rgb.png,OK,1.905707927604457,96.96969696969697,0.9994492391276746,excelente,17.0
1680262531949,/nas/antoniodetoro/qwen/Qwen-Image-Edit-Angles-2/datos/MultiViewVisibleImagesHPE_Custom/test/00_15/00_15_1680262531949_rgb.png,/nas/antoniodetoro/qwen/Qwen-Image-Edit-Angles-2/datos/MultiViewVisibleImagesHPE_Custom/00_17/to_00_15/Step_6_fake_00_15_from_00_17_1680262531949_rgb.png,OK,1.8635906256330173,100.0,0.9995708871340168,excelente,20.0
1680262532250,/nas/antoniodetoro/qwen/Qwen-Image-Edit-Angles-2/datos/MultiViewVisibleImagesHPE_Custom/test/00_15/00_15_1680262532250_rgb.png,/nas/antoniodetoro/qwen/Qwen-Image-Edit-Angles-2/datos/MultiViewVisibleImagesHPE_Custom/00_17/to_00_15/Step_6_fake_00_15_from_00_17_1680262532250_rgb.png,OK,1.988327248281477,93.93939393939394,0.9993749084375885,excelente,17.0
1680262532551,/nas/antoniodetoro/qwen/Qwen-Image-Edit-Angles-2/datos/MultiViewVisibleImagesHPE_Custom/test/00_15/00_15_1680262532551_rgb.png,/nas/antoniodetoro/qwen/Qwen-Image-Edit-Angles-2/datos/MultiViewVisibleImagesHPE_Custom/00_17/to_00_15/Step_6_fake_00_15_from_00_17_1680262532551_rgb.png,OK,3.4946523366411686,84.84848484848484,0.9984968233205921,aceptable,20.0
1680262532852,/nas/antoniodetoro/qwen/Qwen-Image-Edit-Angles-2/datos/MultiViewVisibleImagesHPE_Custom/test/00_15/00_15_1680262532852_rgb.png,/nas/antoniodetoro/qwen/Qwen-Image-Edit-Angles-2/datos/MultiViewVisibleImagesHPE_Custom/00_17/to_00_15/Step_6_fake_00_15_from_00_17_1680262532852_rgb.png,OK,6.213141004406678,60.60606060606061,0.9912516803591936,crítico,18.0
1680262533153,/nas/antoniodetoro/qwen/Qwen-Image-Edit-Angles-2/datos/MultiViewVisibleImagesHPE_Custom/test/00_15/00_15_1680262533153_rgb.png,/nas/antoniodetoro/qwen/Qwen-Image-Edit-Angles-2/datos/MultiViewVisibleImagesHPE_Custom/00_17/to_00_15/Step_6_fake_00_15_from_00_17_1680262533153_rgb.png,OK,8.524659898416958,54.54545454545454,0.9868524780501267,crítico,18.0
1680262533454,/nas/antoniodetoro/qwen/Qwen-Image-Edit-Angles-2/datos/MultiViewVisibleImagesHPE_Custom/test/00_15/00_15_1680262533454_rgb.png,/nas/antoniodetoro/qwen/Qwen-Image-Edit-Angles-2/datos/MultiViewVisibleImagesHPE_Custom/00_17/to_00_15/Step_6_fake_00_15_from_00_17_1680262533454_rgb.png,OK,7.487908342159341,18.181818181818183,0.9929584362433177,crítico,14.0
1680262533755,/nas/antoniodetoro/qwen/Qwen-Image-Edit-Angles-2/datos/MultiViewVisibleImagesHPE_Custom/test/00_15/00_15_1680262533755_rgb.png,/nas/antoniodetoro/qwen/Qwen-Image-Edit-Angles-2/datos/MultiViewVisibleImagesHPE_Custom/00_17/to_00_15/Step_6_fake_00_15_from_00_17_1680262533755_rgb.png,OK,8.662965850406502,45.45454545454545,0.9887455299187512,crítico,14.0
1680262534057,/nas/antoniodetoro/qwen/Qwen-Image-Edit-Angles-2/datos/MultiViewVisibleImagesHPE_Custom/test/00_15/00_15_1680262534057_rgb.png,/nas/antoniodetoro/qwen/Qwen-Image-Edit-Angles-2/datos/MultiViewVisibleImagesHPE_Custom/00_17/to_00_15/Step_6_fake_00_15_from_00_17_1680262534057_rgb.png,OK,7.893631991240999,48.484848484848484,0.9910184946120162,crítico,14.0
1680262534358,/nas/antoniodetoro/qwen/Qwen-Image-Edit-Angles-2/datos/MultiViewVisibleImagesHPE_Custom/test/00_15/00_15_1680262534358_rgb.png,/nas/antoniodetoro/qwen/Qwen-Image-Edit-Angles-2/datos/MultiViewVisibleImagesHPE_Custom/00_17/to_00_15/Step_6_fake_00_15_from_00_17_1680262534358_rgb.png,OK,9.196949178258805,18.181818181818183,0.9888404988827323,crítico,18.0
1680262534659,/nas/antoniodetoro/qwen/Qwen-Image-Edit-Angles-2/datos/MultiViewVisibleImagesHPE_Custom/test/00_15/00_15_1680262534659_rgb.png,/nas/antoniodetoro/qwen/Qwen-Image-Edit-Angles-2/datos/MultiViewVisibleImagesHPE_Custom/00_17/to_00_15/Step_6_fake_00_15_from_00_17_1680262534659_rgb.png,OK,11.01568151915953,9.090909090909092,0.9881154021606495,crítico,14.0
1680262534960,/nas/antoniodetoro/qwen/Qwen-Image-Edit-Angles-2/datos/MultiViewVisibleImagesHPE_Custom/test/00_15/00_15_1680262534960_rgb.png,/nas/antoniodetoro/qwen/Qwen-Image-Edit-Angles-2/datos/MultiViewVisibleImagesHPE_Custom/00_17/to_00_15/Step_6_fake_00_15_from_00_17_1680262534960_rgb.png,OK,5.217124657647935,72.72727272727273,0.9939750164688481,aceptable,31.0
1680262535260,/nas/antoniodetoro/qwen/Qwen-Image-Edit-Angles-2/datos/MultiViewVisibleImagesHPE_Custom/test/00_15/00_15_1680262535260_rgb.png,/nas/antoniodetoro/qwen/Qwen-Image-Edit-Angles-2/datos/MultiViewVisibleImagesHPE_Custom/00_17/to_00_15/Step_6_fake_00_15_from_00_17_1680262535260_rgb.png,OK,5.816788486057282,54.54545454545454,0.9958109389528057,crítico,18.0
1680262535561,/nas/antoniodetoro/qwen/Qwen-Image-Edit-Angles-2/datos/MultiViewVisibleImagesHPE_Custom/test/00_15/00_15_1680262535561_rgb.png,/nas/antoniodetoro/qwen/Qwen-Image-Edit-Angles-2/datos/MultiViewVisibleImagesHPE_Custom/00_17/to_00_15/Step_6_fake_00_15_from_00_17_1680262535561_rgb.png,OK,2.311982774529925,87.87878787878788,0.9993174571840107,aceptable,19.0
1680262535862,/nas/antoniodetoro/qwen/Qwen-Image-Edit-Angles-2/datos/MultiViewVisibleImagesHPE_Custom/test/00_15/00_15_1680262535862_rgb.png,/nas/antoniodetoro/qwen/Qwen-Image-Edit-Angles-2/datos/MultiViewVisibleImagesHPE_Custom/00_17/to_00_15/Step_6_fake_00_15_from_00_17_1680262535862_rgb.png,OK,2.250220870898824,100.0,0.9994730304588869,excelente,18.0
1680262536163,/nas/antoniodetoro/qwen/Qwen-Image-Edit-Angles-2/datos/MultiViewVisibleImagesHPE_Custom/test/00_15/00_15_1680262536163_rgb.png,/nas/antoniodetoro/qwen/Qwen-Image-Edit-Angles-2/datos/MultiViewVisibleImagesHPE_Custom/00_17/to_00_15/Step_6_fake_00_15_from_00_17_1680262536163_rgb.png,OK,2.739474583796347,78.78787878787878,0.998719898403901,aceptable,19.0
1680262536464,/nas/antoniodetoro/qwen/Qwen-Image-Edit-Angles-2/datos/MultiViewVisibleImagesHPE_Custom/test/00_15/00_15_1680262536464_rgb.png,/nas/antoniodetoro/qwen/Qwen-Image-Edit-Angles-2/datos/MultiViewVisibleImagesHPE_Custom/00_17/to_00_15/Step_6_fake_00_15_from_00_17_1680262536464_rgb.png,OK,1.9486808001154927,100.0,0.9997732712011703,excelente,19.0
1680262536765,/nas/antoniodetoro/qwen/Qwen-Image-Edit-Angles-2/datos/MultiViewVisibleImagesHPE_Custom/test/00_15/00_15_1680262536765_rgb.png,/nas/antoniodetoro/qwen/Qwen-Image-Edit-Angles-2/datos/MultiViewVisibleImagesHPE_Custom/00_17/to_00_15/Step_6_fake_00_15_from_00_17_1680262536765_rgb.png,OK,1.5134314362416463,100.0,0.9996603452772621,excelente,17.0
1680262537066,/nas/antoniodetoro/qwen/Qwen-Image-Edit-Angles-2/datos/MultiViewVisibleImagesHPE_Custom/test/00_15/00_15_1680262537066_rgb.png,/nas/antoniodetoro/qwen/Qwen-Image-Edit-Angles-2/datos/MultiViewVisibleImagesHPE_Custom/00_17/to_00_15/Step_6_fake_00_15_from_00_17_1680262537066_rgb.png,OK,2.257616241541708,90.9090909090909,0.9992645327469993,excelente,20.0
1680262537367,/nas/antoniodetoro/qwen/Qwen-Image-Edit-Angles-2/datos/MultiViewVisibleImagesHPE_Custom/test/00_15/00_15_1680262537367_rgb.png,/nas/antoniodetoro/qwen/Qwen-Image-Edit-Angles-2/datos/MultiViewVisibleImagesHPE_Custom/00_17/to_00_15/Step_6_fake_00_15_from_00_17_1680262537367_rgb.png,OK,2.1097720028816447,96.96969696969697,0.9994052419215844,excelente,18.0
1680262537668,/nas/antoniodetoro/qwen/Qwen-Image-Edit-Angles-2/datos/MultiViewVisibleImagesHPE_Custom/test/00_15/00_15_1680262537668_rgb.png,/nas/antoniodetoro/qwen/Qwen-Image-Edit-Angles-2/datos/MultiViewVisibleImagesHPE_Custom/00_17/to_00_15/Step_6_fake_00_15_from_00_17_1680262537668_rgb.png,OK,2.4298526987223834,100.0,0.9993585604132027,excelente,18.0
1680262537969,/nas/antoniodetoro/qwen/Qwen-Image-Edit-Angles-2/datos/MultiViewVisibleImagesHPE_Custom/test/00_15/00_15_1680262537969_rgb.png,/nas/antoniodetoro/qwen/Qwen-Image-Edit-Angles-2/datos/MultiViewVisibleImagesHPE_Custom/00_17/to_00_15/Step_6_fake_00_15_from_00_17_1680262537969_rgb.png,OK,2.6493249079163976,100.0,0.9992024412430041,excelente,18.0
1680262538270,/nas/antoniodetoro/qwen/Qwen-Image-Edit-Angles-2/datos/MultiViewVisibleImagesHPE_Custom/test/00_15/00_15_1680262538270_rgb.png,/nas/antoniodetoro/qwen/Qwen-Image-Edit-Angles-2/datos/MultiViewVisibleImagesHPE_Custom/00_17/to_00_15/Step_6_fake_00_15_from_00_17_1680262538270_rgb.png,OK,2.4266681350035335,93.93939393939394,0.9993100563462605,excelente,18.0
1680262538571,/nas/antoniodetoro/qwen/Qwen-Image-Edit-Angles-2/datos/MultiViewVisibleImagesHPE_Custom/test/00_15/00_15_1680262538571_rgb.png,/nas/antoniodetoro/qwen/Qwen-Image-Edit-Angles-2/datos/MultiViewVisibleImagesHPE_Custom/00_17/to_00_15/Step_6_fake_00_15_from_00_17_1680262538571_rgb.png,OK,3.315391124832987,93.93939393939394,0.9987909525145456,excelente,18.0
1680262538872,/nas/antoniodetoro/qwen/Qwen-Image-Edit-Angles-2/datos/MultiViewVisibleImagesHPE_Custom/test/00_15/00_15_1680262538872_rgb.png,/nas/antoniodetoro/qwen/Qwen-Image-Edit-Angles-2/datos/MultiViewVisibleImagesHPE_Custom/00_17/to_00_15/Step_6_fake_00_15_from_00_17_1680262538872_rgb.png,OK,4.811656113561536,72.72727272727273,0.9966605975594695,aceptable,20.0
1680262539173,/nas/antoniodetoro/qwen/Qwen-Image-Edit-Angles-2/datos/MultiViewVisibleImagesHPE_Custom/test/00_15/00_15_1680262539173_rgb.png,/nas/antoniodetoro/qwen/Qwen-Image-Edit-Angles-2/datos/MultiViewVisibleImagesHPE_Custom/00_17/to_00_15/Step_6_fake_00_15_from_00_17_1680262539173_rgb.png,OK,4.032329211245059,69.6969696969697,0.9965964828703316,crítico,18.0
1680262539474,/nas/antoniodetoro/qwen/Qwen-Image-Edit-Angles-2/datos/MultiViewVisibleImagesHPE_Custom/test/00_15/00_15_1680262539474_rgb.png,/nas/antoniodetoro/qwen/Qwen-Image-Edit-Angles-2/datos/MultiViewVisibleImagesHPE_Custom/00_17/to_00_15/Step_6_fake_00_15_from_00_17_1680262539474_rgb.png,OK,2.4702789020995595,100.0,0.9993344101805469,excelente,20.0
1680262539776,/nas/antoniodetoro/qwen/Qwen-Image-Edit-Angles-2/datos/MultiViewVisibleImagesHPE_Custom/test/00_15/00_15_1680262539776_rgb.png,/nas/antoniodetoro/qwen/Qwen-Image-Edit-Angles-2/datos/MultiViewVisibleImagesHPE_Custom/00_17/to_00_15/Step_6_fake_00_15_from_00_17_1680262539776_rgb.png,OK,2.2276498329101257,100.0,0.9994803446578847,excelente,26.0
1680262540077,/nas/antoniodetoro/qwen/Qwen-Image-Edit-Angles-2/datos/MultiViewVisibleImagesHPE_Custom/test/00_15/00_15_1680262540077_rgb.png,/nas/antoniodetoro/qwen/Qwen-Image-Edit-Angles-2/datos/MultiViewVisibleImagesHPE_Custom/00_17/to_00_15/Step_6_fake_00_15_from_00_17_1680262540077_rgb.png,OK,3.4135151168645392,78.78787878787878,0.9983251760892887,aceptable,21.0
1680262540378,/nas/antoniodetoro/qwen/Qwen-Image-Edit-Angles-2/datos/MultiViewVisibleImagesHPE_Custom/test/00_15/00_15_1680262540378_rgb.png,/nas/antoniodetoro/qwen/Qwen-Image-Edit-Angles-2/datos/MultiViewVisibleImagesHPE_Custom/00_17/to_00_15/Step_6_fake_00_15_from_00_17_1680262540378_rgb.png,OK,2.323168456794344,96.96969696969697,0.9994087020107776,excelente,26.0
1680262540679,/nas/antoniodetoro/qwen/Qwen-Image-Edit-Angles-2/datos/MultiViewVisibleImagesHPE_Custom/test/00_15/00_15_1680262540679_rgb.png,/nas/antoniodetoro/qwen/Qwen-Image-Edit-Angles-2/datos/MultiViewVisibleImagesHPE_Custom/00_17/to_00_15/Step_6_fake_00_15_from_00_17_1680262540679_rgb.png,OK,1.8075607662592945,96.96969696969697,0.9995699208548392,excelente,17.0
1680262540980,/nas/antoniodetoro/qwen/Qwen-Image-Edit-Angles-2/datos/MultiViewVisibleImagesHPE_Custom/test/00_15/00_15_1680262540980_rgb.png,/nas/antoniodetoro/qwen/Qwen-Image-Edit-Angles-2/datos/MultiViewVisibleImagesHPE_Custom/00_17/to_00_15/Step_6_fake_00_15_from_00_17_1680262540980_rgb.png,OK,2.9328059734045695,93.93939393939394,0.9990412123621581,excelente,18.0
1680262541281,/nas/antoniodetoro/qwen/Qwen-Image-Edit-Angles-2/datos/MultiViewVisibleImagesHPE_Custom/test/00_15/00_15_1680262541281_rgb.png,/nas/antoniodetoro/qwen/Qwen-Image-Edit-Angles-2/datos/MultiViewVisibleImagesHPE_Custom/00_17/to_00_15/Step_6_fake_00_15_from_00_17_1680262541281_rgb.png,OK,5.813106687061804,72.72727272727273,0.9912761664185779,aceptable,19.0
1680262738764,/nas/antoniodetoro/qwen/Qwen-Image-Edit-Angles-2/datos/MultiViewVisibleImagesHPE_Custom/test/00_15/00_15_1680262738764_rgb.png,/nas/antoniodetoro/qwen/Qwen-Image-Edit-Angles-2/datos/MultiViewVisibleImagesHPE_Custom/00_17/to_00_15/Step_6_fake_00_15_from_00_17_1680262738764_rgb.png,OK,7.003799690748931,51.515151515151516,0.9928613169119173,crítico,16.0
1680262739065,/nas/antoniodetoro/qwen/Qwen-Image-Edit-Angles-2/datos/MultiViewVisibleImagesHPE_Custom/test/00_15/00_15_1680262739065_rgb.png,/nas/antoniodetoro/qwen/Qwen-Image-Edit-Angles-2/datos/MultiViewVisibleImagesHPE_Custom/00_17/to_00_15/Step_6_fake_00_15_from_00_17_1680262739065_rgb.png,OK,4.550570773033779,66.66666666666666,0.9972748093330088,crítico,18.0
1680262739366,/nas/antoniodetoro/qwen/Qwen-Image-Edit-Angles-2/datos/MultiViewVisibleImagesHPE_Custom/test/00_15/00_15_1680262739366_rgb.png,/nas/antoniodetoro/qwen/Qwen-Image-Edit-Angles-2/datos/MultiViewVisibleImagesHPE_Custom/00_17/to_00_15/Step_6_fake_00_15_from_00_17_1680262739366_rgb.png,OK,3.330118831936697,81.81818181818183,0.9984252695831152,aceptable,20.0
1680262739667,/nas/antoniodetoro/qwen/Qwen-Image-Edit-Angles-2/datos/MultiViewVisibleImagesHPE_Custom/test/00_15/00_15_1680262739667_rgb.png,/nas/antoniodetoro/qwen/Qwen-Image-Edit-Angles-2/datos/MultiViewVisibleImagesHPE_Custom/00_17/to_00_15/Step_6_fake_00_15_from_00_17_1680262739667_rgb.png,OK,5.165346491989974,72.72727272727273,0.9971889144085346,aceptable,18.0
1680262739968,/nas/antoniodetoro/qwen/Qwen-Image-Edit-Angles-2/datos/MultiViewVisibleImagesHPE_Custom/test/00_15/00_15_1680262739968_rgb.png,/nas/antoniodetoro/qwen/Qwen-Image-Edit-Angles-2/datos/MultiViewVisibleImagesHPE_Custom/00_17/to_00_15/Step_6_fake_00_15_from_00_17_1680262739968_rgb.png,OK,3.4389847726207026,78.78787878787878,0.9988971472851278,aceptable,16.0
1680262740270,/nas/antoniodetoro/qwen/Qwen-Image-Edit-Angles-2/datos/MultiViewVisibleImagesHPE_Custom/test/00_15/00_15_1680262740270_rgb.png,/nas/antoniodetoro/qwen/Qwen-Image-Edit-Angles-2/datos/MultiViewVisibleImagesHPE_Custom/00_17/to_00_15/Step_6_fake_00_15_from_00_17_1680262740270_rgb.png,OK,4.470195770361493,66.66666666666666,0.9978826600581131,crítico,20.0
1680262740571,/nas/antoniodetoro/qwen/Qwen-Image-Edit-Angles-2/datos/MultiViewVisibleImagesHPE_Custom/test/00_15/00_15_1680262740571_rgb.png,/nas/antoniodetoro/qwen/Qwen-Image-Edit-Angles-2/datos/MultiViewVisibleImagesHPE_Custom/00_17/to_00_15/Step_6_fake_00_15_from_00_17_1680262740571_rgb.png,OK,5.584091131502085,45.45454545454545,0.9964807992305862,crítico,12.0
1680262741173,/nas/antoniodetoro/qwen/Qwen-Image-Edit-Angles-2/datos/MultiViewVisibleImagesHPE_Custom/test/00_15/00_15_1680262741173_rgb.png,/nas/antoniodetoro/qwen/Qwen-Image-Edit-Angles-2/datos/MultiViewVisibleImagesHPE_Custom/00_17/to_00_15/Step_6_fake_00_15_from_00_17_1680262741173_rgb.png,OK,6.785827242857302,42.42424242424242,0.9949784113950754,crítico,12.0
